;SMILES;val
0;Br/C=C\Br;62
1;BrC(Br)(Br)c1ccc2ccccc2n1;6769
2;BrC(Br)Br;933
3;BrC(Br)C(Br)Br;1200
4;BrC/C=C/CBr;62
5;BrC1(Br)[C@H]2CC[C@@H]1CC2;210
6;BrC=Cc1ccccc1;1250
7;BrCBr;108
8;BrCC=CCBr;75
9;BrCCBr;93.5
10;BrCCCCCCBr;2001
11;BrCCc1ccccc1;811
12;BrC[C@H](Br)[C@H]1CC[C@H](Br)[C@H](Br)C1;3220
13;BrCc1cccc(Oc2ccccc2)c1;2326
14;Br[C@]12C[C@H]3C[C@H](C[C@H](C3)C1)C2;8474
15;Brc1cc2c(cc1Br)Oc1cc(Br)c(Br)cc1O2;0.1
16;Brc1ccc2[nH]cc(CC3CCNCC3)c2c1;25
17;Brc1ccccc1;2383
18;Brc1cnc[nH]1;250
19;Brc1nc(Br)c(Br)[nH]1;34
20;C#CC(=NOCC1OCCO1)c1ccccc1;5001
21;C#CC(=O)/C=C/C;71
22;C#CC(=O)O;100
23;C#CC(C)(C)N;1470
24;C#CC(C)(C)NC(=O)/C=C/c1cc(OC)c(OC)c(OC)c1;570
25;C#CC(C)(C)NC(=O)c1cc(Cl)cc(Cl)c1;3350
26;C#CC(C)(C)O;1420
27;C#CC(O)C=CC;34
28;C#CC1(OC(N)=O)CCCCC1;331
29;C#CCBr;53
30;C#CCC1=C(C)[C@@H](OC(=O)[C@@H]2[C@@H](C=C(C)C)C2(C)C)CC1=O;460
31;C#CCCC#CC#CCCCCO;250
32;C#CCCCC#C;2300
33;C#CCCl;165
34;C#CCN(C)Cc1ccccc1;300
35;C#CCN(C)[C@@H]1CCc2ccccc21;250
36;C#CCN(C)c1ccccc1OC(=O)NC;60
37;C#CCN1C(=O)CN=C(c2ccccc2)c2cc(Cl)ccc21;5819
38;C#CCN1C(=O)CN=C(c2ccccc2)c2cc([N+](=O)[O-])ccc21;876
39;C#CCN1CC(=O)N(COC(=O)[C@@H]2[C@@H](C=C(C)C)C2(C)C)C1=O;900
40;C#CCN1CCC2=C(C1)c1c(O)cc([C@H](C)[C@@H](C)CCCCC)cc1OC2(C)C;900
41;C#CCN1CCC2=C(C1)c1c(OC(=O)CCCN3CCCCC3)cc(C(C)C(C)CCCCC)cc1OC2(C)C;130
42;C#CCO;20
43;C#CCOC(=O)/C=C(C)/C=C/C[C@H](C)CCCC(C)C;4900
44;C#CCOC(=O)CCCCC(=O)OCC#C;200
45;C#CCOC(=O)[C@H](C)Oc1ccc(Oc2ncc(Cl)cc2F)cc1;2231
46;C#CCOC(C)=O;250
47;C#CCOCC#C;539
48;C#CCO[P@@](=O)(OCC(C)C)c1ccccc1;600
49;C#CCO[P@](=O)(OCCC)c1ccccc1;362
50;C#CCO[S@@](=O)O[C@H]1CCCC[C@@H]1Oc1ccc(C(C)(C)C)cc1;2200
51;C#CCO[S@](=O)O[C@@H](CC)COc1ccc(C(C)(C)CC)cc1;2001
52;C#CCOc1ccc(N)cc1C(=O)NCCCC;864
53;C#CCOc1cccc(OC(=O)NC)c1;150
54;C#CCOc1ccccc1OC(=O)NC;60
55;C#CCSP(=O)(OCC)OCC;18
56;C#CCS[P@](=O)(NC(=O)CC)OC;500
57;C#CCc1cc(COC(=O)[C@@H]2[C@@H](C=C(C)C)C2(C)C)c(C)o1;14000
58;C#CCc1ccc(COC(=O)[C@H]2[C@H](C=C(C)C)C2(C)C)o1;10000
59;C#C[C@@H](C)N(C(=O)CCl)c1ccccc1;1170
60;C#C[C@@H](C)OC(=O)Nc1cccc(Cl)c1;2380
61;C#C[C@@](C)(CCC=C(C)C)OC(C)=O;9618
62;C#C[C@@]1(OC(C)=O)CCCC[C@@H]1[C@@H](C)CC;680
63;C#C[C@H](C)N(C)C(=O)Nc1ccc(Cl)cc1;1791
64;C#C[C@H](O)CCC;126
65;C#C[C@H](OC(=O)[C@H]1[C@H](C=C(C)C)C1(C)C)/C(C)=C/CC;1680
66;C#C[C@](C)(O)[C@@H](O)c1ccccc1;730
67;C#C[C@]1(O)CC[C@@H]2[C@H]3CCC4=CC(=O)CC[C@H]4[C@H]3CC[C@@]21CC;5010
68;C#C[C@]1(O)CC[C@H]2[C@@H]3CCc4cc(O)ccc4[C@H]3CC[C@@]21C;960
69;C(=N/C(/N=C/c1ccco1)c1ccco1)\c1ccco1;400
70;C(=N/c1ccc(/N=C/c2ccco2)cc1)\c1ccco1;1220
71;C(=NC1CCCCC1)=NC1CCCCC1;400
72;C(=NC1CCCCC1)c1ccccc1;3080
73;C(=NCCCCCCN=Cc1ccco1)c1ccco1;490
74;C(=Nc1ccccc1)Nc1ccccc1;1903
75;C(CCOC[C@H]1CO1)COC[C@@H]1CO1;1134
76;C(OC[C@H]1CO1)[C@@H]1CO1;450
77;C(Oc1nc(OC[C@H]2CO2)nc(OC[C@H]2CO2)n1)[C@@H]1CO1;1680
78;C/C(=C/CC[C@@]1(C)C2C[C@@H]3[C@H](C2)C31C)CO;3800
79;C/C(=C1\CCOC(=O)S1)N(C=O)Cc1cnc(C)nc1N;7604
80;C/C(=C\C(=O)OCCCCCCCCC(=O)O)C[C@H]1OC[C@H](C[C@@H]2O[C@@H]2[C@@H](C)[C@H](C)O)[C@@H](O)[C@H]1O;5001
81;C/C(=C\C(O)(C(F)(F)F)C(F)(F)F)CC(O)(C(F)(F)F)C(F)(F)F;18
82;C/C(=C\[C@H](C)C[C@H](C)CC(C)C)[C@@H]1CC(=O)OC1=O;2550
83;C/C(=C\c1ccccc1)CC(=O)N(CCO)CCO;1500
84;C/C(=C\c1ccccc1)CC(=O)N1CCOCC1;1000
85;C/C(=C\c1ccccc1)CC(=O)NCCO;1375
86;C/C(=N/NC(=O)c1ccncc1)c1ccco1;110
87;C/C(=N/OC(=O)N(C)SSN(C)C(=O)O/N=C(\C)SCCC#N)SCCC#N;80
88;C/C(=N\C#N)N(C)Cc1ccc(Cl)nc1;146
89;C/C(Cl)=C/C(=O)Nc1ccc(O)cc1;1580
90;C/C=C(/C)C(=O)O[C@H]1CCN2CC=C(COC(=O)[C@](O)([C@H](C)OC)C(C)(C)O)[C@H]12;110
91;C/C=C(C)/C=C/C=C(C)C;1900
92;C/C=C(\C)C(=O)N1CCCc2cc(C)ccc21;2200
93;C/C=C/C(=O)OC(/C=C/C)OC(=O)/C=C/C;2590
94;C/C=C/C(=O)OCC;3000
95;C/C=C/C=C/C(=O)NO;2460
96;C/C=C/C=C/C(=O)O;7360
97;C/C=C/C=C/C(=O)OCCC[Si](OC)(OC)OC;2001
98;C/C=C/C=C/C=O;300
99;C/C=C/CC1=C(C)[C@@H](OC(=O)[C@H]2[C@@H](/C=C(\C)C(=O)OC)C2(C)C)CC1=O;1030
100;C/C=C/CC1=C(C)[C@@H](OC(=O)[C@H]2[C@@H](C=C(C)C)C2(C)C)CC1=O;1030
101;C/C=C/C[C@@H](C(=O)O)c1ccc(-c2ccccc2)cc1;1000
102;C/C=C/Cl;1950
103;C/C=C/c1cc(OC)c(OC)cc1OC;1010
104;C/C=C/c1ccc(OCc2ccccc2)c(OC)c1;4900
105;C/C=C/c1ccc(OP(=S)(OC)OC)c(OC)c1;250
106;C/C=C1/C[C@@H](C)[C@@](C)(O)C(=O)OCC2=CCN3CC[C@H](OC1=O)[C@@H]23;85
107;C/C=C1/C[C@@H](C)[C@](O)(CO)C(=O)OCC2=CCN3CC[C@@H](OC1=O)[C@@H]23;34
108;C/C=C1/C[C@@H](C)[C@](O)(CO)C(=O)OCC2=CC[N@@+]3([O-])CC[C@@H](OC1=O)[C@@H]23;48
109;C/C=C1\[C@@H]2C=C(C)C[C@@]1(N)C1C=CC(=O)N=C1C2;15
110;C/C=C\COCN(C(=O)CCl)c1c(CC)cccc1CC;1630
111;C/C=C\C[C@H](C)[C@@H](O)[C@@H]1C(=O)N[C@@H](CC)C(=O)N(C)CC(=O)N(C)[C@H](CC(C)C)C(=O)N[C@H](C(C)C)C(=O)N(C)[C@@H](CC(C)C)C(=O)N[C@H](C)C(=O)N[C@H](C)C(=O)N(C)[C@@H](CC(C)C)C(=O)N(C)[C@@H](CC(C)C)C(=O)N(C)[C@H](C(C)C)C(=O)N1C;1480
112;C/C=C\c1ccc(OC)cc1;150
113;C/C=N/N(C)C=O;320
114;C/C=N\C=O;1000
115;C/N=C/Nc1ccc(Cl)cc1C;264
116;C/N=N/Nc1ccc(Br)cc1;466.7
117;C/N=N/Nc1ccc(Cl)cc1;328.6
118;C/N=N/Nc1ccc([N+](=O)[O-])cc1;467.8
119;C/N=N/Nc1ccccc1;420
120;C/N=c1\oc2ccccc2n1C;1000
121;C/[N+]([O-])=N/CO[C@@H]1O[C@H](CO)[C@H](O)[C@@H](O)[C@@H]1O;270
122;C1=CC2CCC1C2;9577
123;C1=CC=CCC=C1;57
124;C1=CCC=C1;113
125;C1=CCCC=CCCC=CCC1;1780
126;C1=CCCCC1;1946
127;C1=CC[C@@H]([C@H]2OC[C@@]3(CC=CCC3)CO2)CC1;5190
128;C1=C[C@@H]2[C@H](C1)[C@H]1C=C[C@@H]2C1;365.5
129;C1=C[C@H](c2ccc([C@H]3CC=CCC3)cc2)CCC1;17500
130;C1=C[C@H]2[C@H]3CC[C@H](C3)[C@H]2C1;670
131;C1=Nc2ccccc2Oc2ccccc21;563
132;C1C2OC2C2C1C1CC2C2OC12;210
133;C1CCC(CNC2=NCCS2)CC1;50
134;C1CCC(N2CCOCC2)CC1;178
135;C1CCC(NC2CCCCC2)CC1;373
136;C1CCC2OCCOCCOCCOC3CCCCC3OCCOCCOCCOC2C1;75
137;C1CCCC1;11400
138;C1CCCCC1;12705
139;C1CCCNCC1;20.7
140;C1CCN2C[C@H]3C[C@H](C[C@H]2C1)N1CCCC[C@H]31;960
141;C1CCNC1;300
142;C1CCNCC1;400
143;C1CCOC1;1650
144;C1CCSC1;1750
145;C1CC[C@@H]2OCCOCCO[C@@H]3CCCC[C@@H]3OCCOCCO[C@H]2C1;176
146;C1CC[C@H]2CCCC[C@@H]2C1;4170
147;C1CCc2c(OCCN3CCOCC3)n[nH]c2C1;1600
148;C1CCc2nnnn2CC1;140
149;C1CN(CCOCCN2CCOCC2)CCO1;2025
150;C1CN(SSN2CCOCC2)CCO1;4300
151;C1CN(SSSSN2CCOCC2)CCO1;4800
152;C1CN1;15
153;C1CN1P1(N2CC2)=NP(N2CC2)(N2CC2)=NP(N2CC2)(N2CC2)=N1;98
154;C1CN1c1nc(N2CC2)nc(N2CC2)n1;13
155;C1CN2CCC1CC2;81.2
156;C1CN2CCN1CC2;1700
157;C1CNCCN1;1975
158;C1CNCCNC1;2830
159;C1CO1;72
160;C1COCCN1;1050
161;C1COCCO1;4200
162;C1COCCOCCNCCOCCOCCN1;3400
163;C1COCCOCCOCCO1;2830
164;C1COCCOCCOCCOCCO1;1410
165;C1COCCOCCOCCOCCOCCO1;525
166;C1COCO1;3000
167;C1CS1;178
168;C1CSCCO1;2830
169;C1CSCCS1;2768
170;C1C[C@@H]2C[C@H]1[C@H]1SSS[C@@H]21;300
171;C1C[C@@H]2O[C@@H]2C[C@H]1[C@@H]1CO1;2480
172;C1C[SiH2]C1;1539
173;C1N2CN3CN1CN(C2)C3;9200
174;C1NNCN2CNNCN12;397
175;C1OC[C@H](COC[C@H]2COCO2)O1;5148
176;C1O[C@@H]1CSC[C@@H]1CO1;32
177;C1O[C@@H]1[C@H]1CO1;78
178;C1O[C@H]1[C@H]1CO1;210
179;C=C(/C=C/C)C1=C(C)CCCC1(C)C;2920
180;C=C(C#N)C(=O)OC;1600
181;C=C(C#N)C(=O)OCC;5001
182;C=C(C#N)OC(C)=O;100
183;C=C(C)C#N;120
184;C=C(C)C(=O)CC;419
185;C=C(C)C(=O)NCO;853
186;C=C(C)C(=O)Nc1ccc(Cl)c(Cl)c1;1800
187;C=C(C)C(=O)Nc1ccc(O)cc1;1110
188;C=C(C)C(=O)O;1060
189;C=C(C)C(=O)OC;7800
190;C=C(C)C(=O)OC(=O)COC(C)C;9000
191;C=C(C)C(=O)OCC;14800
192;C=C(C)C(=O)OCC(=O)OCC;7880
193;C=C(C)C(=O)OCC(C)C;9590
194;C=C(C)C(=O)OCC1CCC2OC2C1;2500
195;C=C(C)C(=O)OCC1CO1;290
196;C=C(C)C(=O)OCCC#N;7333
197;C=C(C)C(=O)OCCCC;16000
198;C=C(C)C(=O)OCCCCOC(=O)C(=C)C;10.066
199;C=C(C)C(=O)OCCC[Si](OC)(OC)OC;23500
200;C=C(C)C(=O)OCCCl;200
201;C=C(C)C(=O)OCCN(C)C;455
202;C=C(C)C(=O)OCCN(CC)CC;4696
203;C=C(C)C(=O)OCCN(CCOC(=O)C(=C)C)CCOC(=O)C(=C)C;11163
204;C=C(C)C(=O)OCCN=C=O;670
205;C=C(C)C(=O)OCCO;5050
206;C=C(C)C(=O)OCCOC(=O)C(=C)C;3300
207;C=C(C)C(=O)OCCOCCOCCOC(=O)C(=C)C;10837
208;C=C(C)C(=O)OCCSCC;7400
209;C=C(C)C(=O)OCCSCCCC;5300
210;C=C(C)C(=O)OC[C@H](C)O;11200
211;C=C(C)C(=O)OC[C@H](CCCC)CCCCCC;26000
212;C=C(C)C(=O)OC[Si]12OCCN(CCO1)CCO2;7950
213;C=C(C)C(=O)OCc1ccccc1;3980
214;C=C(C)C(C)=O;180
215;C=C(C)C(N)=O;1653
216;C=C(C)C1CC=C(CO)CC1;2100
217;C=C(C)C=O;140
218;C=C(C)CC#N;540
219;C=C(C)CCl;848
220;C=C(C)CN(CC)c1c([N+](=O)[O-])cc(C(F)(F)F)cc1[N+](=O)[O-];10000
221;C=C(C)CN1C(=N)CC(=O)N(C)C1=O;1560
222;C=C(C)CNCC;50
223;C=C(C)CNc1ccc(C(C)C(=O)O)cc1;550
224;C=C(C)OC(C)=O;3000
225;C=C(C)[C@@H]1CC=C(C)C(=O)C1;3270
226;C=C(C)[C@@H]1CC=C(C)CC1;4700.5
227;C=C(C)[C@@H]1CC=C(CN=O)CC1;2500
228;C=C(C)[C@H]1CC=C(C)[C@@H](O)C1;3000
229;C=C(C)[C@H]1CC[C@](C)(OP(=S)(OC)OC)CC1;500
230;C=C(C)[C@H]1Cc2c(ccc3c2O[C@@H]2COc4cc(OC)c(OC)cc4[C@H]2C3=O)O1;25
231;C=C(C)c1ccc(C(C)(C)N=C=O)cc1;4400
232;C=C(C)c1cccc(C(C)(C)N=C=O)c1;3100
233;C=C(C)c1ccccc1;4900
234;C=C(CC(=O)c1ccc(-c2ccccc2Cl)cc1)C(=O)O;2400
235;C=C(CC(C)(C)c1ccccc1)c1ccccc1;300
236;C=C(CC)C(=O)c1ccc(OCC(=O)O)c(Cl)c1Cl;1000
237;C=C(CCC)[C@H]1[C@H](C=C(C)C)C1(C)C;2600
238;C=C(CCl)CCl;150
239;C=C(CO)C(=O)OCC;620
240;C=C(Cl)C#N;25
241;C=C(Cl)C(=O)Nc1ccc(OC)cc1;82
242;C=C(Cl)C(=O)OC;68
243;C=C(Cl)C(Cl)=C(Cl)Cl;421
244;C=C(Cl)C(Cl)CCl;341
245;C=C(Cl)C(OC(C)=O)OC(C)=O;320
246;C=C(Cl)CCl;320
247;C=C(Cl)COP(C)(=S)Oc1ccc([N+](=O)[O-])cc1;32
248;C=C(Cl)CO[P@@](C)(=S)Oc1ccc([N+](=O)[O-])c(C(F)(F)F)c1;200
249;C=C(Cl)CSC(=S)N(CC)CC;850
250;C=C(Cl)Cl;80
251;C=C(Cl)c1ccc([N+](=O)[O-])cc1;710
252;C=C(F)C(=O)OCC(F)(F)C(F)F;60
253;C=C(F)CO;130
254;C=C(OP(=O)(OC)OC)P(=O)(OC)OC;287
255;C=C(OP(=O)(OC)OC)c1ccc(Cl)cc1Cl;2351
256;C=C(OP(=O)(OCC)OCC)P(=O)(OC)OC;173
257;C=C(OP(=O)(OCC)OCC)c1ccc(Cl)cc1Cl;1530
258;C=C/C=C\CC/C=C\CC;5001
259;C=C/C=C\CC1=C(C)[C@@H](OC(=O)[C@H]2[C@@H](/C=C(\C)C(=O)OC)C2(C)C)CC1=O;600
260;C=C/C=C\CC1=C(C)[C@@H](OC(=O)[C@H]2[C@@H](C=C(C)C)C2(C)C)CC1=O;260
261;C=C1/C(=C/C=C2/CCC[C@@]3(C)[C@H]2CC[C@H]3[C@H](C)CCCC(C)C)C[C@@H](O)C[C@H]1O;0.34
262;C=C1/C(=C/C=C2\CCC[C@@]3(C)[C@@H]([C@H](C)CC[C@H](O)C(C)C)CC[C@@H]23)C[C@H](O)C[C@H]1O;3.279
263;C=C1/C(=C/C=C2\CCC[C@@]3(C)[C@@H]2CC[C@H]3[C@@H](C)CCCC(O)(C(F)(F)F)C(F)(F)F)C[C@@H](O)C[C@@H]1O;0.0417
264;C=C1/C(=C\C=C2/CCC[C@@]3(C)[C@H]2CC[C@H]3[C@H](C)CCCC(C)(C)O)C[C@@H](O)C[C@H]1O;0.62
265;C=C1/C(=C\C=C2/CCC[C@]3(C)[C@@H]([C@@H](C)/C=C\[C@H](C)C(C)C)CC[C@@H]23)C[C@H](O)C[C@@H]1O;3.5
266;C=C1C(=O)O[C@@H]2C[C@@H](C)[C@@H]3C=CC(=O)[C@@]3(C)[C@H](O)[C@@H]12;125
267;C=C1C(C)(C)C2(Cl)C(Cl)(Cl)C(Cl)(Cl)C1(Cl)C2(Cl)Cl;40
268;C=C1C/C(=C/C)C(=O)O[C@@H]2CCN3CC=C(COC(=O)[C@]1(C)O)[C@H]23;77
269;C=C1CC[C@H](O)C/C1=C/C=C1\CCC[C@@]2(C)[C@H]1CC[C@H]2[C@H](C)/C=C/[C@H](C)C(C)C;10
270;C=C1CC[C@H](O)C/C1=C/C=C1\CCC[C@]2(C)[C@@H]([C@H](C)CCCC(C)C)CC[C@@H]12;42
271;C=C1CC[C@H]2C[C@@H]1C2(C)C;4700
272;C=C1C[C@@H]1C[C@H](N)C(=O)O;98
273;C=C1C[C@]23C[C@@]1(O)CC[C@H]2[C@@]12C=C[C@H](O)[C@@](C)(C(=O)O1)[C@H]2[C@@H]3C(=O)O;6300
274;C=C1c2c(Cl)ccc(O)c2C(=O)[C@H]2C(=O)[C@]3(O)C(=O)[C@H](C(N)=O)C(=O)[C@H](N(C)C)[C@@H]3[C@H](O)[C@H]12;2001
275;C=CBr;500
276;C=CC#CC(C)(C)O;600
277;C=CC#N;78
278;C=CC(=C)CCCC(C)(C)O;5.3
279;C=CC(=C)CCCC(C)(C)OC(C)=O;6300
280;C=CC(=C)Cl;450
281;C=CC(=O)N(C)C;316
282;C=CC(=O)N(CC)CC;1415
283;C=CC(=O)N1CN(C(=O)C=C)CN(C(=O)C=C)C1;350
284;C=CC(=O)NC;476
285;C=CC(=O)NC(C)(C)CC(C)=O;1000
286;C=CC(=O)NC(C)(C)CS(=O)(=O)O;1830
287;C=CC(=O)NC(C)C;375
288;C=CC(=O)NCC(OC)OC;1199
289;C=CC(=O)NCNC(=O)C=C;390
290;C=CC(=O)NCO;474
291;C=CC(=O)NCOCCCC;1030
292;C=CC(=O)N[C@@H](OC)C(=O)OC;2091
293;C=CC(=O)Nc1ccc(O)cc1;930
294;C=CC(=O)Nc1ccccc1;300
295;C=CC(=O)O;113.25
296;C=CC(=O)OC;277
297;C=CC(=O)OC(C)(C)C;1047
298;C=CC(=O)OCC;800
299;C=CC(=O)OCC(=O)OCC;215
300;C=CC(=O)OCC(C)C;4895
301;C=CC(=O)OCC(CC)(COC(=O)C=C)COC(=O)C=C;5190
302;C=CC(=O)OCC(CC)CC;6490
303;C=CC(=O)OCC(CO)(COC(=O)C=C)COC(=O)C=C;1830
304;C=CC(=O)OCCC#N;180
305;C=CC(=O)OCCCC;900
306;C=CC(=O)OCCCCCCC;4500
307;C=CC(=O)OCCCCCCCC(C)C;12000
308;C=CC(=O)OCCCCCCCCCC;6460
309;C=CC(=O)OCCCCCCOC(=O)C=C;5001
310;C=CC(=O)OCCCCOC(=O)C=C;587
311;C=CC(=O)OCCCOCC;820
312;C=CC(=O)OCCCl;180
313;C=CC(=O)OCCN(C)C;455
314;C=CC(=O)OCCN(CC)CC;770
315;C=CC(=O)OCCN=C=O;200
316;C=CC(=O)OCCO;548
317;C=CC(=O)OCCOC;404
318;C=CC(=O)OCCOC(=O)C=C;300
319;C=CC(=O)OCCOC(=O)c1ccc(C(=O)O)cc1C(=O)O;3190
320;C=CC(=O)OCCOCC;1070
321;C=CC(=O)OCCOCCOC(=O)C=C;250
322;C=CC(=O)OCCOCCOCCOC(=O)C=C;500
323;C=CC(=O)OCCOCCOCCOCCOC(=O)C=C;813
324;C=CC(=O)OCCOc1ccccc1;5001
325;C=CC(=O)OCCSCC;2500
326;C=CC(=O)OC[C@@H](C)O;250
327;C=CC(=O)OC[C@@H](CC)CCCC;4435
328;C=CC(=O)OC[C@@H]1CO1;150
329;C=CC(=O)OC[C@H](C)OC[C@@H](C)OC[C@@H](C)OC(=O)C=C;6200
330;C=CC(=O)OC[C@H](O)COCCCCOC[C@H](O)COC(=O)C=C;200
331;C=CC(=O)O[C@@H]1C[C@H]2CC[C@]1(C)C2(C)C;4890
332;C=CC(=O)O[C@H](C)COC[C@@H](C)OC(=O)C=C;4600
333;C=CC(C)(CCC=C(C)C)OC(=O)C=Cc1ccccc1;9960
334;C=CC(C)(CCC=C(C)C)OC(=O)c1ccccc1N;4250
335;C=CC(C)(CCC=C(C)C)OC(C)=O;13934
336;C=CC(C)=CCCC(C)(C)O;1700
337;C=CC(C)=O;23.1
338;C=CC(Cl)=C(Cl)Cl;680
339;C=CC(N)=O;147
340;C=CC(OC(C)=O)OC(C)=O;35
341;C=CC/N=N/c1ccccc1;700
342;C=CC1(C)CCC(C(C)(C)O)O1;1150
343;C=CC1OCC(C)O1;890
344;C=CC1OCC2(CO1)COC(C=C)OC2;3250
345;C=CC1OCCO1;84.7
346;C=CC=C;5480
347;C=CC=CC=C;210
348;C=CC=CC=CCCCCC;7563
349;C=CC=COC(C)=O;710
350;C=CC=O;11.05
351;C=CCBr;120
352;C=CCC#N;115
353;C=CCC(CC)(CC)C(N)=O;400
354;C=CCC(CC=C)(C(=O)OCCN(CC)CC)c1ccccc1;1500
355;C=CCC(CC=C)C(=O)O;570
356;C=CCC(CCN(CC)CC)(C(=O)OCC)c1ccccc1;200
357;C=CCC1(C(C)CC)C(=O)NC(=O)NC1=O;57.5
358;C=CCC1([C@@H](C)CCC)C(=O)NC(=O)NC1=O;125
359;C=CCC1=C(C)C(OC(=O)C2C(C)(C)C2(C)C)CC1=O;174
360;C=CCC1=C(C)[C@@H](OC(=O)[C@@H]2[C@H](C=C(C)C)C2(C)C)CC1=O;685
361;C=CCC1=C(C)[C@H](OC(=O)[C@@H]2[C@H](C=C(C)C)C2(C)C)CC1=O;875
362;C=CCC1C=C(C)CC(C)CC(OC)C2OC(O)(C(=O)C(=O)N3CCCCC3C(=O)OC(C(C)=CC3CCC(O)C(OC)C3)C(C)C(O)CC1=O)C(C)CC2OC;134
363;C=CCCC;4597
364;C=CCCC(=O)Cl;470
365;C=CCCC(=O)O;470
366;C=CCCC=O;620
367;C=CCCCC=CCOC;4904
368;C=CCCCCCCCCC(=O)O;2500
369;C=CCCCCCCCCC(=O)OC;1563
370;C=CCCCCCCCCC(=O)OCCCC;5001
371;C=CCCCOC(=O)C(CC)N(Cc1ccco1)C(=O)n1ccnc1;981
372;C=CCCl;284
373;C=CCI;10
374;C=CCN;102
375;C=CCN(C)N=O;340
376;C=CCN(C1=NCCN1)c1c(Cl)cccc1Cl;500
377;C=CCN(CC=C)C(=O)C(Cl)Cl;2001
378;C=CCN(CC=C)C(=O)CCl;700
379;C=CCN(CC=C)C(=O)CSP(=S)(OCC)OCC;48
380;C=CCN(CC=C)CC=C;1030
381;C=CCN(CC=C)N=O;800
382;C=CCN(CC=C)c1c(C)cc(OC(=O)NC)cc1C;89
383;C=CCN(CC=C)c1ccc(OC(=O)NC)cc1;86.8
384;C=CCN1C=CC(=O)C(=O)[C@@H]1C;800
385;C=CCN1CCCC1=Nc1ccc(Cl)c(Cl)c1;1850
386;C=CCN1CC[C@]23CCCC[C@H]2[C@H]1Cc1ccc(O)cc13;949
387;C=CCN=C=S;112
388;C=CCNC(=O)NS(=O)(=O)c1ccc(Cl)cc1;2001
389;C=CCNC(=O)O/N=C1\SCO[C@@H]1C;453
390;C=CCNC(=O)OC[C@H](O)[C@@H]1COc2ccccc2O1;1500
391;C=CCNC(=S)Nc1ccccc1;750
392;C=CCNC(N)=S;200
393;C=CCNCC=C;578
394;C=CCN[P@@](=O)(OC=C(Cl)Cl)OC1CCCCC1;100
395;C=CCN[P@](=O)(OC=C(Cl)Cl)OCCCl;25
396;C=CCNc1nc(NCC=C)nc(N(CCCCCCN(c2nc(NCC=C)nc(NCC=C)n2)C2CC(C)(C)NC(C)(C)C2)C2CC(C)(C)NC(C)(C)C2)n1;4012
397;C=CCO;64
398;C=CCO/N=C(/CCC)[C@@H]1C(=O)CC(C)(C)[C@@H](C(=O)OC)C1=O;2260
399;C=CCOC(=O)/C=C\C(=O)OCC=C;300
400;C=CCOC(=O)C(=C)C;70
401;C=CCOC(=O)C=Cc1ccccc1;1520
402;C=CCOC(=O)CC#N;160
403;C=CCOC(=O)CC(C)C;230
404;C=CCOC(=O)CC1CCCCC1;900
405;C=CCOC(=O)CCC;250
406;C=CCOC(=O)CCC1CCCCC1;585
407;C=CCOC(=O)CCCCC;218
408;C=CCOC(=O)CCCCCC;218
409;C=CCOC(=O)CCCCCCC;570
410;C=CCOC(=O)C[C@@H](SP(=S)(OC)OC)C(=O)OC[C@@H](C)SP(=S)(OC)OC;762
411;C=CCOC(=O)C[C@H](C)CC(C)(C)C;1400
412;C=CCOC(=O)Cc1ccccc1;650
413;C=CCOC(=O)Cl;244
414;C=CCOC(=O)OC(=C)C(=O)OCC=C;390
415;C=CCOC(=O)OCCOCCOC(=O)OCC=C;349.5
416;C=CCOC(=O)c1ccc(C(=O)OCC=C)c(C(=O)OCC=C)c1;2400
417;C=CCOC(=O)c1ccccc1C(=O)OCC=C;656
418;C=CCOC(C)=O;130
419;C=CCOC1=NS(=O)(=O)c2ccccc21;2030
420;C=CCOC=C;550
421;C=CCOC=O;124
422;C=CCOCC(CC)(CO)CO;4930
423;C=CCOCC(CC)(CO)COCC=C;6500
424;C=CCOCC=C;320
425;C=CCOCCO;3050
426;C=CCOC[C@@H]1CO1;1600
427;C=CCOP(OCC=C)OCC=C;178
428;C=CCO[C@H](Cn1ccnc1)c1ccc(Cl)cc1Cl;227
429;C=CCOc1ccc(C2=C(c3ccccc3)C(C)(C)Oc3cc(OC)ccc32)cc1;500
430;C=CCOc1ccc(CC(=O)O)cc1Cl;1050
431;C=CCOc1ccc([C@H]2c3ccc(OC)cc3OC(C)(C)[C@@H]2c2ccccc2)cc1;500
432;C=CCOc1ccccc1C(=O)N(C)C;740
433;C=CCOc1ccccc1C(=O)N(CC)CC;325
434;C=CCOc1ccccc1C(=O)NC1CCCCC1;1200
435;C=CCOc1ccccc1C(=O)NCCO;1150
436;C=CCOc1ccccc1C(N)=O;780
437;C=CCOc1ccccc1OC(=O)NC;200
438;C=CCOc1nc(OCC=C)nc(OCC=C)n1;590
439;C=CCSC(=S)SC(Cl)(Cl)Cl;2180
440;C=CCSC1=NCCS1;110
441;C=CCSCC=C;2980
442;C=CCSP(=O)(NC(=O)CC)OC;125
443;C=CCSSCC=C;260
444;C=CC[C@H](C(=O)NC(N)=O)C(C)C;1050
445;C=CC[C@H]1/C=C(/C)C[C@H](C)C[C@@H](OC)[C@H]2O[C@@](O)(C(=O)C(=O)N3CCCC[C@H]3C(=O)O[C@H](/C(C)=C/[C@H]3CC[C@@H](O)[C@H](OC)C3)[C@H](C)[C@H](O)CC1=O)[C@H](C)C[C@H]2OC;134
446;C=CC[N+](C)(C)CC=C;3000
447;C=CCc1cc(OC)c2c(c1)OCO2;4260
448;C=CCc1ccc(C(C)C)cc1;4100
449;C=CCc1ccc(O)c(OC)c1;1930
450;C=CCc1ccc(OC(=O)NC)c(OC)c1;250
451;C=CCc1ccc(OC(C)=O)c(OC)c1;1670
452;C=CCc1ccc(OC)c(OC)c1;810
453;C=CCc1ccc(OC)cc1;1230
454;C=CCc1ccc(OC=O)c(OC)c1;3400
455;C=CCc1ccc(OP(=S)(OC)OC)c(OC)c1;250
456;C=CCc1ccc2c(c1)OCO2;1950
457;C=CCc1ccccc1;5540
458;C=CCl;500
459;C=CCn1c(=O)[nH]c(=O)n(CC=C)c1=O;930
460;C=CCn1c(=O)c2[nH]c(C)nc2n(CC(C)C)c1=O;17
461;C=CCn1c(=O)c2[nH]c(C)nc2n(CCCC)c1=O;24
462;C=CCn1c(=O)n(CC=C)c(=O)n(CC=C)c1=O;707
463;C=CCn1c(C)c(N(C)C)c(=O)n(-c2ccccc2)c1=O;2400
464;C=CCn1c(C)cc(OP(=O)(OC)OC)cc1=O;2.46
465;C=CCn1c(N)cc(=O)n(CC)c1=O;2300
466;C=CN(C(C)=O)c1ccccc1;2460
467;C=CN(C)CN=O;24
468;C=CN(CC)N=O;88
469;C=CN1CCCC1=O;1022
470;C=CO;64
471;C=COC;4900
472;C=COC(=O)C=CC;6500
473;C=COC(=O)CC;4760
474;C=COC(=O)CCC;8530
475;C=COC(=O)CCCCC(=O)OC;6200
476;C=COC(=O)CCCCC(=O)OC=C;6400
477;C=COC(=O)[C@H](CC)CCCC;4290
478;C=COC(=O)c1ccccc1;3250
479;C=COC(C)=O;2900
480;C=COC=O;2820
481;C=COCCCC;10000
482;C=COCCCCCCCCCC;3940
483;C=COCCCl;210
484;C=COCCO;3910
485;C=COCCOC;3900
486;C=COCCOC(=O)C(=C)C;5940
487;C=COCCOCCCC;3100
488;C=COCCOCCO;4930
489;C=COCCOCCOC=C;3730
490;C=COCCOC[C@H]1CO1;2440
491;C=COCCSCC;4920
492;C=COCCSCCCC;2830
493;C=COC[C@@H](CC)CCCC;1350
494;C=COC[C@H](C)CCC[C@@H](C)CC(C)C;1220
495;C=CO[P@@](=O)(OCC)O[C@@H](CCl)c1cc(Cl)c(Cl)cc1Cl;1100
496;C=CP(=O)(OCCCl)OCCCl;990
497;C=CS(=O)(=O)C=C;32
498;C=CS(=O)(=O)COCS(=O)(=O)C=C;50
499;C=CS(C)(=O)=O;570
500;C=CSC=C;170
501;C=C[C@@H](C)CCCC(C)(C)O;3600
502;C=C[C@@H](CCC(=O)O)OC(C)=O;543
503;C=C[C@@H](COC)c1ccccc1OC(=O)NC;100
504;C=C[C@@H](N)CCC(=O)O;3000
505;C=C[C@@H](O)C#N;65
506;C=C[C@@H]1CN2CC[C@H]1C[C@@H]2[C@H](O)c1ccnc2ccc(OC)cc12;263
507;C=C[C@@](C)(O)CCC=C(C)C;2790
508;C=C[C@@]1(C)CC(=O)[C@]2(O)[C@@]3(C)[C@@H](O)CCC(C)(C)[C@@H]3[C@@H](O)[C@@H](OC(C)=O)[C@@]2(C)O1;2550
509;C=C[C@H](C#N)OC(C)=O;31.6
510;C=C[C@H](C)C#N;232
511;C=C[C@H](C)NC(=S)NNC(=S)NC;1000
512;C=C[C@H](CCCCC)OC(C)=O;850
513;C=C[C@H](O)CC#N;200
514;C=C[C@H](O)CCCCC;340
515;C=C[C@H]1CC=CCC1;1600
516;C=C[C@H]1C[C@H]2C=C[C@@H]1C2;5239
517;C=C[C@](C)(O)CC;700
518;C=C[C@](C)(O)CCCCC;1800
519;C=C[C@]1(C)C[C@@H](OC(=O)CSCCN(CC)CC)[C@]2(C)[C@H](C)CC[C@]3(CCC(=O)[C@@H]32)[C@H](C)[C@H]1O;2230
520;C=C[C@]1(C)OC(=O)N(c2cc(Cl)cc(Cl)c2)C1=O;10000
521;C=C[Si](Cl)(Cl)CC;2830
522;C=C[Si](Cl)(Cl)Cl;190
523;C=C[Si](OCCOC)(OCCOC)OCCOC;2960
524;C=C[Si](ON=C(C)CC)(ON=C(C)CC)ON=C(C)CC;3519
525;C=Cc1cc(Br)ccc1Br;5790
526;C=Cc1ccc(C)cc1;2255
527;C=Cc1ccc(C)nc1;1167
528;C=Cc1ccc(C=O)o1;2080
529;C=Cc1ccc(CC)cn1;1230
530;C=Cc1ccc(Cl)cc1;5200
531;C=Cc1ccc(OC(C)=O)cc1;1503
532;C=Cc1ccc(OC[C@@H]2CO2)cc1;1000
533;C=Cc1cccc(Cl)c1;5200
534;C=Cc1ccccc1;1000
535;C=Cc1ccccc1Cl;5200
536;C=Cc1ccccn1;100
537;C=Cc1ccncc1;100
538;C=O;500
539;C=S;365
540;CB1P(C)B(C)P(C)B(C)P1C;13.5
541;CBr;214
542;CC#CC[C@@H](C)[C@H](O)/C=C/[C@H]1[C@H]2c3cccc(CCCC(=O)O)c3O[C@H]2C[C@@H]1O;12
543;CC#N;2487.5
544;CC(/C=C/C=C(\C)C(=O)O[C@H]1O[C@H](CO[C@@H]2O[C@H](CO)[C@H](O)[C@@H](O)[C@H]2O)[C@H](O)[C@H](O)[C@@H]1O)=C\C=C\C=C(C)\C=C\C=C(/C)C(=O)O[C@@H]1O[C@H](CO[C@@H]2O[C@@H](CO)[C@@H](O)[C@@H](O)[C@@H]2O)[C@@H](O)[C@H](O)[C@H]1O;3160
545;CC(=C(CCO)SSCC1CCCO1)N(C=O)Cc1cnc(C)nc1N;2200
546;CC(=C/c1ccccc1)/C=C1/SC(=S)N(CC(=O)O)C1=O;5.3
547;CC(=N)NP(=S)(Oc1ccc(Cl)cc1)Oc1ccc(Cl)cc1;3.7
548;CC(=NNCCC1CCCCC1)C(=O)O;520
549;CC(=NO)C(C)(O)C#Cc1ccccc1;3125
550;CC(=Nc1c(I)cc(I)c(C(=O)NCC(C)C(=O)O)c1I)N1CCOCC1;15000
551;CC(=O)/C=C/c1ccc(-c2ccccc2)cc1;2230
552;CC(=O)/C=C/c1ccco1;325
553;CC(=O)/C=C1\CC[C@@H]2C(C)(C)[C@@H]3C[C@]12CC[C@H]3C;5200
554;CC(=O)C(=O)O;10000
555;CC(=O)C(C)(C)C;610
556;CC(=O)C(C)=Cc1ccccc1;4100
557;CC(=O)C(C)=O;1580
558;CC(=O)C(C)C;148
559;CC(=O)C(NC(=O)C(C)C(O)C(C)NC(=O)C(NC(=O)c1nc(C(CC(N)=O)NCC(N)C(N)=O)nc(N)c1C)C(OC1OC(CO)C(O)C(O)C1(C)OC1OC(CO)C(O)C(O)(C(N)=O)C1O)c1cnc[nH]1)C(=O)NCCC1=NC(c2nc(C(N)=O)cs2)CS1;649
560;CC(=O)C1=C(C)[C@@H]2C[C@@]3(C1)[C@H](C)CC[C@H]3C2(C)C;4500
561;CC(=O)C1C(=O)C=C(C)OC1=O;500
562;CC(=O)C=C(C)C;300
563;CC(=O)C=CC1=C(C)CCCC1(C)C;4590
564;CC(=O)C=CC1C(C)C=C(C)CC1C;5200
565;CC(=O)C=Cc1ccc2c(c1)OCO2;4000
566;CC(=O)C=Cc1ccccc1;2031
567;CC(=O)C=O;1165
568;CC(=O)CC(=O)Nc1ccc(C)cc1C;3000
569;CC(=O)CC(=O)Nc1ccc(Cl)cc1C;3500
570;CC(=O)CC(=O)Nc1ccccc1;2450
571;CC(=O)CC(=O)Nc1ccccc1C;1024
572;CC(=O)CC(=O)Nc1ccccc1Cl;4040
573;CC(=O)CC(=O)OC(C)C;16200
574;CC(=O)CC(=O)O[C@H](C)c1ccccc1;5450
575;CC(=O)CC(C)(C)N(C)N=O;2100
576;CC(=O)CC(C)(C)O;2520
577;CC(=O)CC(C)=O;570
578;CC(=O)CC(C)C;2080
579;CC(=O)CC(c1ccccc1)c1c(O)c2ccccc2oc1=O;1.6
580;CC(=O)CCC(=O)O;1850
581;CC(=O)CCC(C)=O;2076
582;CC(=O)CCC(C)C;2542
583;CC(=O)CCC1C(=O)N(c2ccccc2)N(c2ccccc2)C1=O;720
584;CC(=O)CCC=C(C)C;3500
585;CC(=O)CCCCCCCC(=O)O;3100
586;CC(=O)CCCCn1c(=O)c2c(ncn2C)n(C)c1=O;1170
587;CC(=O)CCCO;6400
588;CC(=O)CCCOC(C)=O;6080
589;CC(=O)CCc1c(OC(=O)c2ccccc2)n(-c2ccccc2)n(-c2ccccc2)c1=O;2319
590;CC(=O)CCc1ccc(-c2ccccc2)cc1;1030
591;CC(=O)CCc1ccc(O)cc1;1320
592;CC(=O)CCc1ccc(OC(C)=O)cc1;3038
593;CC(=O)CCc1ccccc1;3200
594;CC(=O)CCl;100
595;CC(=O)CNC(C)(C)Cc1ccc(Cl)cc1;250
596;CC(=O)CNC(C)(C)Cc1ccccc1;225
597;CC(=O)CO;2200
598;CC(=O)C[C@@H](c1ccc([N+](=O)[O-])cc1)[C@H]1C(=O)Oc2ccccc2C1=O;513
599;CC(=O)C[C@@H](c1ccco1)[C@H]1C(=O)Oc2ccccc2C1=O;25
600;CC(=O)C[C@@H]1OC[C@@H](CCl)O1;120
601;CC(=O)C[C@H](c1ccc(Cl)cc1)[C@H]1C(=O)Oc2ccccc2C1=O;187
602;CC(=O)Cl;910
603;CC(=O)N(C)C;4300
604;CC(=O)N(C)C(=O)Oc1cccc(C(C)(C)C)c1;1000
605;CC(=O)N(C)N=O;20
606;CC(=O)N(CCN(C(C)=O)C(C)=O)C(C)=O;7940
607;CC(=O)N(C[C@@H](C)C(=O)O)c1c(I)cc(I)c(N)c1I;7100
608;CC(=O)N1CCN(c2ccc(OC[C@H]3CO[C@](Cn4ccnc4)(c4ccc(Cl)cc4Cl)O3)cc2)CC1;166
609;CC(=O)N1CCOCC1;6130
610;CC(=O)NC(=O)N(C)N=O;200
611;CC(=O)NC(=O)c1ccccc1O;1800
612;CC(=O)NC(N)=S;50
613;CC(=O)NC1(O)C2(Cl)C3(Cl)C4(Cl)C(Cl)(Cl)C5(Cl)C3(Cl)C1(Cl)C5(Cl)C42Cl;140
614;CC(=O)NCCO;26950
615;CC(=O)NNC(=O)c1ccccn1;673
616;CC(=O)NNc1ccc(N)cc1;10
617;CC(=O)NO;4800
618;CC(=O)N[C@@H](CS)C(=O)O;3000
619;CC(=O)N[C@@H](Cc1c[nH]c2ccccc12)C(=O)O;15000
620;CC(=O)N[C@H](CC(C)C)C(=O)N[C@H](CC(C)C)C(=O)N[C@@H](C=O)CCCNC(=N)N;720
621;CC(=O)Nc1c(I)c(C(=O)O)c(I)c(N(C)C(C)=O)c1I;38100
622;CC(=O)Nc1c(I)cc(I)c(OCCO[C@@H](C)C(=O)O)c1I;9859.99999999999
623;CC(=O)Nc1cc(Cl)c([N+](=O)[O-])cc1Cl;2830
624;CC(=O)Nc1cc(Cl)ccc1Cl;4100
625;CC(=O)Nc1ccc(-c2ccc(N)cc2)cc1;1630
626;CC(=O)Nc1ccc(/N=N/N(C)C)cc1;510
627;CC(=O)Nc1ccc(C(=O)CCl)cc1;2150
628;CC(=O)Nc1ccc(C)c(NS(=O)(=O)C(F)(F)F)c1;2580
629;CC(=O)Nc1ccc(CC(=O)O)cc1;14800
630;CC(=O)Nc1ccc(N)cc1;2500
631;CC(=O)Nc1ccc(O)cc1;1944
632;CC(=O)Nc1ccc(OC(=O)c2ccccc2OC(C)=O)cc1;3500
633;CC(=O)Nc1ccc(OC[C@@H](O)CNC(C)C)cc1;3458
634;CC(=O)Nc1ccc(S(=O)(=O)Nc2cc(C)on2)cc1;8400
635;CC(=O)Nc1ccc([N+](=O)[O-])c(Cl)n1;1938
636;CC(=O)Nc1ccc2c(c1)OCO2;1000
637;CC(=O)Nc1ccc2c(c1)sc1ccccc12;1195
638;CC(=O)Nc1ccc2nc(C(F)(F)F)[nH]c2c1;23.764
639;CC(=O)Nc1cccc(/N=N/c2ccc(N(C)C)cc2)c1;5910
640;CC(=O)Nc1cccc(NC(C)=O)c1;10700
641;CC(=O)Nc1cccc2c3c([nH]c12)CCCC3;3865
642;CC(=O)Nc1ccccc1;800
643;CC(=O)Nc1ccncc1;446
644;CC(=O)O;3310
645;CC(=O)OC(C)(C)C;4100
646;CC(=O)OC(C)(C)CCc1ccccc1;4850
647;CC(=O)OC(C)(C)Cc1ccccc1;3300
648;CC(=O)OC(C)(C)[C@@H]1CC=C(C)CC1;5075
649;CC(=O)OC(C)=O;1780
650;CC(=O)OC(C)C;3000
651;CC(=O)OC(C)C(Cl)(Cl)Cl;900
652;CC(=O)OC(C)OC(=O)C(C)c1ccc(-c2ccccc2)c(F)c1;66
653;CC(=O)OC(OC(C)=O)[C@@H](Cl)CCl;320
654;CC(=O)OC/C=C(\C)CCC=C(C)C;6330
655;CC(=O)OC1=C(c2c(C)cc(C)cc2C)C(=O)c2ccccc21;8000
656;CC(=O)OC1CC2CC1C1CC=CC21;5001
657;CC(=O)OC1CCC(N2CCCCC2)CC1;1950
658;CC(=O)OC1CCCCC1;6730
659;CC(=O)OC1CCCCC1C(C)(C)C;4600
660;CC(=O)OC1c2cccc(O)c2C(=O)c2c(O)cccc21;347
661;CC(=O)OCC#N;32
662;CC(=O)OCC(=O)[C@@]12OC(C)(C)O[C@H]1C[C@@H]1[C@H]3C[C@@H](F)C4=CC(=O)C=C[C@]4(C)[C@@]3(F)[C@@H](O)C[C@@]12C;14
663;CC(=O)OCC(C)C;13400
664;CC(=O)OCC(C)OC(C)=O;13530
665;CC(=O)OCC(COC(C)=O)OC(C)=O;3000
666;CC(=O)OCC12CC(O)C(C)=CC1OC1C(O)C(O)C2(C)C12CO2;36.2
667;CC(=O)OCC1=C(C(=O)O)N2C(=O)[C@@H](NC(=O)CSc3ccncc3)[C@@H]2SC1;16356
668;CC(=O)OCC1=CC[C@@H]2C[C@H]1C2(C)C;2600
669;CC(=O)OCC=C(C)C;2900
670;CC(=O)OCC=Cc1ccccc1;3300
671;CC(=O)OCCC(C)C;16600
672;CC(=O)OCCC(C)CCC=C(C)C;6800
673;CC(=O)OCCC1=C[C@H]2C[C@@H](C1)C2(C)C;3000
674;CC(=O)OCCC1CCCCC1;3200
675;CC(=O)OCCCC(=O)CBr;600
676;CC(=O)OCCCc1ccccc1;4700
677;CC(=O)OCCCl;10
678;CC(=O)OCCN(CCC#N)c1ccccc1;2070
679;CC(=O)OCCN(CCOC(C)=O)N=O;5001
680;CC(=O)OCCN(CCOC(C)=O)c1ccccc1;2150
681;CC(=O)OCCO;8250
682;CC(=O)OCCOC(C)=O;6850
683;CC(=O)OCCOCCOCCOC(C)=O;15594
684;CC(=O)OCC[C@@H](C)CC(C)(C)C;4250
685;CC(=O)OCC[C@@H](Cl)C(C)=O;2049
686;CC(=O)OCCc1ccccc1;3670
687;CC(=O)OCN(C)N=O;125
688;CC(=O)OCOC(=O)C1=C(COC(N)=O)S[C@H]2[C@H]([C@@H](C)O)C(=O)N12;7230
689;CC(=O)OC[C@@H](COc1ccccc1)OC(C)=O;5250
690;CC(=O)OC[C@H](C)O;18000
691;CC(=O)OC[C@H](C)c1ccccc1;4300
692;CC(=O)OC[C@H]1O[C@@H](n2ncc(=O)[nH]c2=O)[C@@H](OC(C)=O)[C@@H]1OC(C)=O;12000
693;CC(=O)OC[C@]12C[C@@H](OC(=O)CC(C)C)C(C)=C[C@H]1O[C@@H]1[C@@H](O)[C@H](OC(C)=O)[C@@]2(C)[C@]12CO2;2.7
694;CC(=O)OCc1ccc(C(C)C)cc1;1450
695;CC(=O)OCc1ccc(C)cc1;5001
696;CC(=O)OCc1ccc2c(c1)OCO2;2100
697;CC(=O)OCc1ccccc1;2490
698;CC(=O)ON(C(=O)OC(C)C)c1ccccc1;3400
699;CC(=O)OO;39.85
700;CC(=O)OOC(C)(C)C;675
701;CC(=O)O[C@@H](C(=O)NC(N)=O)c1ccccc1;2100
702;CC(=O)O[C@@H](c1ccc(Cl)c(Cl)c1)C(Cl)(Cl)Cl;10000
703;CC(=O)O[C@@H](c1ccccc1)C(Cl)(Cl)Cl;6800
704;CC(=O)O[C@@H]1C[C@H](C)CC[C@H]1C(C)C;7620
705;CC(=O)O[C@@H]1C[C@H](C)O[C@H](C)O1;1930
706;CC(=O)O[C@@H]1[C@@H](O)C2OC3C=C(C)C(=O)C(O)[C@@]3(CO)[C@]1(C)[C@]21CO1;4
707;CC(=O)O[C@@]1(C)CC[C@]23C[C@H]1C(C)(C)[C@H]2CC[C@@H]3C;44750
708;CC(=O)O[C@@]1(C)C[C@@H]([C@@H](O)CC2CC(=O)NC(=O)C2)C(=O)[C@@H](C)C1;0.158
709;CC(=O)O[C@H](C(Cl)(Cl)Cl)P(=O)(Oc1ccccc1)Oc1ccccc1;3280
710;CC(=O)O[C@H](C)CC(C)C;6160
711;CC(=O)O[C@H]1CC[C@@H](C(C)(C)C)CC1;5001
712;CC(=O)O[C@H]1C[C@@H](O[C@H]2[C@@H](OC=O)C[C@@H](O[C@H]3[C@@H](OC=O)C[C@@H](O[C@H]4CC[C@@]5(C)[C@@H](CC[C@@H]6[C@@H]5CC[C@]5(C)[C@@H](C7=CC(=O)OC7)[C@H](OC=O)C[C@]65O)C4)O[C@@H]3C)O[C@@H]2C)O[C@H](C)[C@H]1OC=O;39.01
713;CC(=O)O[C@H]1C[C@@H]2CC[C@@]1(C)C2(C)C;9050
714;CC(=O)O[C@H]1C[C@@]2(O)[C@@H](CC[C@]3(C)[C@@H](c4ccc(=O)oc4)CC[C@]23O)[C@@]2(C)CC[C@@H](O)C=C12;4.2
715;CC(=O)O[C@H]1C[C@]2(O)[C@H](CC[C@]3(C)[C@@H](c4ccc(=O)oc4)CC[C@@]32O)[C@@]2(C)CC[C@H](O[C@H]3O[C@H](CO)[C@@H](O)[C@H](O)[C@@H]3O)C=C12;0.43
716;CC(=O)O[C@H]1c2c(ccc3ccc(=O)oc23)OC(C)(C)[C@@H]1OC(=O)C=C(C)C;832
717;CC(=O)O[C@]1(C(C)=O)CC[C@H]2[C@@H]3C=C(Cl)C4=CC(=O)CC[C@]4(C)[C@H]3CC[C@@]21C;6400
718;CC(=O)O[C@]12CCC(C)=CC[C@]13CC[C@H]2[C@](C)(/C=C/C=C(/C)C(=O)O)OC3=O;219
719;CC(=O)O[Si](C)(OC(C)=O)OC(C)=O;1550
720;CC(=O)Oc1c(Br)cc(Cl)cc1C(=S)Nc1ccc(Br)cc1;3000
721;CC(=O)Oc1c(C(C)(C)C)cc([N+](=O)[O-])c(C)c1[N+](=O)[O-];42
722;CC(=O)Oc1c(C)ncc2c1CO[C@H](C(C)C)OC2;2850
723;CC(=O)Oc1c([N+](=O)[O-])cc([N+](=O)[O-])cc1C(C)(C)C;62
724;CC(=O)Oc1cc(C(F)(F)F)ccc1C(=O)O;402
725;CC(=O)Oc1ccc(-c2ccc(F)cc2)cc1C(=O)O;185
726;CC(=O)Oc1ccc(Br)cc1C(=O)O;1130
727;CC(=O)Oc1ccc(C#N)cc1;500
728;CC(=O)Oc1ccc(C(c2ccc(OC(C)=O)cc2)c2ccccn2)cc1;4300
729;CC(=O)Oc1ccc(C)cc1;1900
730;CC(=O)Oc1ccc(C2(c3ccc(OC(C)=O)cc3)C(=O)N(C(C)=O)c3ccccc32)cc1;500
731;CC(=O)Oc1ccc(C2(c3ccc(OC(C)=O)cc3)C(=O)Nc3ccccc32)cc1;1900
732;CC(=O)Oc1ccc(C2(c3ccc(OC(C)=O)cc3)Oc3ccccc3NC2=O)cc1;8000
733;CC(=O)Oc1ccc(Oc2c(I)cc(C(=O)O)cc2I)cc1I;4600
734;CC(=O)Oc1cccc(Oc2ccc(C(F)(F)F)cc2Cl)c1;2500
735;CC(=O)Oc1ccccc1C(=O)O;1275
736;CC(=O)Oc1ccccc1C(=O)OC(=O)c1ccccc1OC(C)=O;2200
737;CC(=O)Oc1ccccc1C=CC(=O)O;3150
738;CC(=O)SCC(=O)N=c1[nH]c2ccccc2s1;400
739;CC(=O)SCCCCCCSC(C)=O;504
740;CC(=O)[C@@H](/N=N/c1ccc(-c2ccc(/N=N/[C@@H](C(C)=O)C(=O)Nc3ccccc3)c(Cl)c2)cc1Cl)C(=O)Nc1ccccc1;2228
741;CC(=O)[C@@H](N=Nc1cc(Cl)c(-c2cc(Cl)c(N=N[C@@H](C(C)=O)C(=O)Nc3ccc(C)cc3C)cc2Cl)cc1Cl)C(=O)Nc1ccc(C)cc1C;2228
742;CC(=O)[C@@H](N=Nc1ccc(-c2ccc(N=N[C@@H](C(C)=O)C(=O)Nc3ccc(C)cc3)c(Cl)c2)cc1Cl)C(=O)Nc1ccc(C)cc1;2228
743;CC(=O)[C@@H]1OC1(C)C;1610
744;CC(=O)[C@@]1(O)Cc2c(O)c3c(c(O)c2[C@H](O[C@H]2C[C@@H](N)[C@@H](O)[C@@H](C)O2)C1)C(=O)c1c(O)cccc1C3=O;23
745;CC(=O)[C@H](Cl)C(=O)N(C)C;275
746;CC(=O)[C@H](Cl)C(=O)O[C@H](C)c1ccccc1;880
747;CC(=O)[C@H]1C(=O)[C@@H]2[C@H]3c4c[nH]c5cccc(c45)C[C@@H]3C(C)(C)N2C1=O;36
748;CC(=O)[C@H]1CC[C@@H]2[C@H]3CC[C@@H]4C[C@H](O)CC[C@]4(C)[C@H]3C(=O)C[C@]12C;297
749;CC(=O)[C@]1(O)CC[C@H](c2ccccc2)CC1;8000
750;CC(=O)c1c(Cl)c(Cl)c(Cl)c(Cl)c1Cl;1250
751;CC(=O)c1cc2c(cc1C)C(C)(C)[C@H](C)CC2(C)C;920
752;CC(=O)c1cc2c(cc1C)C(C)(C)[C@H](C)[C@@H]2C(C)C;2220
753;CC(=O)c1cc2cccc(OC[C@H](O)CNC(C)C)c2o1;922
754;CC(=O)c1ccc(C)cc1;1400
755;CC(=O)c1ccc(N)cc1;381
756;CC(=O)c1ccc(O)c(C(N)=O)c1;1700
757;CC(=O)c1ccc(O)cc1O;2830
758;CC(=O)c1ccc(OCC(=O)NN)cc1;1820
759;CC(=O)c1ccc(Oc2c(I)cc(C(=O)O)cc2I)cc1I;4600
760;CC(=O)c1ccc([C@H](O)[C@@H](CO)NC(=O)C(Cl)Cl)cc1;1097
761;CC(=O)c1ccc2c(c1)C(=O)C1(CC1)O2;5440
762;CC(=O)c1ccc2c(c1)N(CCCN1CCC(CCO)CC1)c1ccccc1S2;390
763;CC(=O)c1ccc2c(c1)N(CCCN1CCN(C)CC1)c1ccccc1S2;650
764;CC(=O)c1ccc2c(c1)N(CCCN1CCOCC1)c1ccccc1S2;2500
765;CC(=O)c1ccc2oc3ncccc3c(=O)c2c1;1679
766;CC(=O)c1cccc(/N=N/c2ccc(N(C)C)cc2)c1;4818
767;CC(=O)c1cccc(N)c1;1870
768;CC(=O)c1cccc(Oc2ccccc2)c1;4160
769;CC(=O)c1cccc([N+](=O)[O-])c1;3250
770;CC(=O)c1cccc2ccccc12;1560
771;CC(=O)c1ccccc1;857.5
772;CC(=O)c1ccccc1Cl;1820
773;CC(=O)c1ccccc1[N+](=O)[O-];1600
774;CC(=O)c1ccccn1;2280
775;CC(=S)Nc1ccccc1;2635
776;CC(C#N)CCC#N;170
777;CC(C(=O)O)c1ccc(C(=O)c2ccccc2)s1;181
778;CC(C(=O)O)c1ccc(N2CC3=C(CC=CC3)C2=O)cc1;328
779;CC(C(=O)O)c1ccc2c(c1)C(=O)Cc1ccccc1O2;106
780;CC(C(=O)O)c1ccc2c(c1)CC(=O)c1ccccc1S2;425
781;CC(C(N)=O)(c1ccccc1)c1ccc(N)cc1;1600
782;CC(C)(C#N)/N=N/C(C)(C)C#N;100
783;CC(C)(C#N)C(C)(C)C#N;27
784;CC(C)(C#N)Nc1nc(Cl)nc(NC2CC2)n1;290
785;CC(C)(C(=O)O)S(C)(=O)=O;5700
786;CC(C)(C(=O)O)c1ccc(C#CCCN2CCC(C(O)(c3ccccc3)c3ccccc3)CC2)cc1;2001
787;CC(C)(C(=O)c1cccnc1)c1cccnc1;521
788;CC(C)(C(N)=O)c1ccccc1;1650
789;CC(C)(C)/N=C(\NC#N)Nc1cccnc1;278
790;CC(C)(C)C(=O)C(Cl)Cl;1300
791;CC(C)(C)C(=O)C1C(=O)c2ccccc2C1=O;10.3
792;CC(C)(C)C(=O)CC#N;283
793;CC(C)(C)C(=O)CCC1C(=O)N(c2ccccc2)N(c2ccccc2)C1=O;455
794;CC(C)(C)C(=O)CCc1ccc(Cl)cc1;3145
795;CC(C)(C)C(=O)CCl;550
796;CC(C)(C)C(=O)COc1ccc(Cl)cc1;4650
797;CC(C)(C)C(=O)O;900
798;CC(C)(C)C(=O)[C@@H](Oc1ccc(Cl)cc1)n1ccnc1;400
799;CC(C)(C)C(=O)[C@@H](Oc1ccc(Cl)cc1)n1cncn1;90
800;CC(C)(C)C(O)C(Oc1ccc(Cl)cc1)n1cncn1;689
801;CC(C)(C)C1CCC(=O)CC1;5001
802;CC(C)(C)CC(C)(C)N;218
803;CC(C)(C)CC(C)(C)Nc1ncnc(N(CCCCCCNC2CC(C)(C)NC(C)(C)C2)C2CC(C)(C)NC(C)(C)C2)n1;9910
804;CC(C)(C)CC(C)(C)S;52
805;CC(C)(C)CC(C)(C)SSSSC[C@@](C)(CC(C)(C)C)SSSSC(C)(C)CC(C)(C)C;3641
806;CC(C)(C)CC(C)(C)c1ccc(Nc2ccc(C(C)(C)CC(C)(C)C)cc2)cc1;5001
807;CC(C)(C)CC(C)(C)c1ccc(O)cc1;4040
808;CC(C)(C)CC(C)(C)c1ccc(OCCO)cc1;1800
809;CC(C)(C)CCCCC(=O)O;2066
810;CC(C)(C)CCCCCCC(=O)O;2066
811;CC(C)(C)CCCCCCCCCN;300
812;CC(C)(C)CON=CC1C(C(=O)OC(C#N)c2cccc(Oc3ccccc3)c2)C1(C)C;143
813;CC(C)(C)C[C@@]1(C)CO1;4920
814;CC(C)(C)N;44
815;CC(C)(C)N(CCO)CCO;2717
816;CC(C)(C)N(Cl)Cl;780
817;CC(C)(C)N(NC(=O)c1ccc(Cl)cc1)C(=O)c1ccccc1;2850
818;CC(C)(C)N1CCC(c2ccccc2)(c2ccccc2)CC1;165
819;CC(C)(C)N=NC(C)(C)O;329
820;CC(C)(C)NC(=O)[C@H]1CC[C@@H]2[C@H]3CC[C@@H]4NC(=O)C=C[C@]4(C)[C@H]3CC[C@]12C;418
821;CC(C)(C)NCCO;1620
822;CC(C)(C)NCCOCCO;1395.61
823;CC(C)(C)NCC[C@H](O)c1cc(C(F)(F)F)nc2c(C(F)(F)F)cccc12;2090
824;CC(C)(C)NC[C@@H](O)c1ccc(O)c(CO)c1;660
825;CC(C)(C)NC[C@H](O)COc1cccc2c1C[C@@H](O)[C@@H](O)C2;5300
826;CC(C)(C)NC[C@H](O)COc1ccccc1C1CCCC1;1265
827;CC(C)(C)O;2743
828;CC(C)(C)OC(=O)CCl;380
829;CC(C)(C)OC(=O)N1CC(=O)C1;2500
830;CC(C)(C)OC[C@H]1CO1;2001
831;CC(C)(C)OO;370
832;CC(C)(C)OOC(=O)C(C)(C)C;4300
833;CC(C)(C)OOC(=O)c1ccccc1;1012
834;CC(C)(C)OOC(C)(C)c1ccccc1;4700
835;CC(C)(C)OOC1(OOC(C)(C)C)CCCCC1;13342
836;CC(C)(C)S;4729
837;CC(C)(C)[C@@H](CS(C)(=O)=O)N=O;734
838;CC(C)(C)[C@@H](O)/C(=C\c1ccc(Cl)cc1)n1cncn1;1110
839;CC(C)(C)[C@@H](O)[C@H](Cc1ccc(Cl)cc1Cl)n1cncn1;4000
840;CC(C)(C)[C@@](O)(CCc1ccc(Cl)cc1)Cn1cncn1;1700
841;CC(C)(C)[C@H](O)/C(=C\c1ccc(Cl)cc1Cl)n1cncn1;474
842;CC(C)(C)[C@H](O)[C@H](Cc1ccc(Cl)cc1)n1cncn1;1300
843;CC(C)(C)[C@H]1CC[C@H](O)CC1;4200
844;CC(C)(C)c1cc(Br)c2nc(C(F)(F)F)[nH]c2c1;161
845;CC(C)(C)c1cc(C(=O)O)cc(C(C)(C)C)c1O;1414
846;CC(C)(C)c1cc(C(=O)c2cccs2)cc(C(C)(C)C)c1O;1620
847;CC(C)(C)c1cc(C(C)(C)C)c(O)c(C(C)(C)C)c1;1610
848;CC(C)(C)c1cc(C2C(=O)c3ccccc3C2=O)cc(C(C)(C)C)c1;194
849;CC(C)(C)c1cc(C=C(C#N)C#N)cc(C(C)(C)C)c1O;87
850;CC(C)(C)c1cc(CCC(=O)NCCN)cc(C(C)(C)C)c1O;1560
851;CC(C)(C)c1cc(CCC(=O)O)ccc1O;1000
852;CC(C)(C)c1cc(CCC(=O)OCCSCCOC(=O)CCc2cc(C(C)(C)C)c(O)c(C(C)(C)C)c2)cc(C(C)(C)C)c1O;6300
853;CC(C)(C)c1cc(CN2CCN(Cc3cc(C(C)(C)C)c(O)c(C(C)(C)C)c3)CC2)cc(C(C)(C)C)c1O;10000
854;CC(C)(C)c1cc(Cl)cc(Sc2cc(Cl)cc(C(C)(C)C)c2O)c1O;6100
855;CC(C)(C)c1cc(O)ccc1O;700
856;CC(C)(C)c1cc([N+](=O)[O-])cc(C(C)(C)C)c1O;250
857;CC(C)(C)c1cc([N+](=O)[O-])cc([N+](=O)[O-])c1Nc1ccc([N+](=O)[O-])cc1[N+](=O)[O-];2
858;CC(C)(C)c1cc([N+](=O)[O-])cc([N+](=O)[O-])c1O;26
859;CC(C)(C)c1ccc(C(=O)O)cc1;473
860;CC(C)(C)c1ccc(C(=O)OCC(Cl)(Cl)Cl)o1;4000
861;CC(C)(C)c1ccc(C(O)CCCN2CCC(C(O)(c3ccccc3)c3ccccc3)CC2)cc1;438
862;CC(C)(C)c1ccc(CCC=O)cc1;2700
863;CC(C)(C)c1ccc(CCOc2ncnc3ccccc23)cc1;134
864;CC(C)(C)c1ccc(CSc2cnn(C(C)(C)C)c(=O)c2Cl)cc1;570
865;CC(C)(C)c1ccc(O)c(O)c1;815
866;CC(C)(C)c1ccc(O)cc1;3620
867;CC(C)(C)c1ccc(OC[C@@H](O)COc2ccc(C(=O)O)cc2)cc1;2400
868;CC(C)(C)c1ccc(OP2OCC3(CO2)COP(Oc2ccc(C(C)(C)C)cc2C(C)(C)C)OC3)c(C(C)(C)C)c1;5580
869;CC(C)(C)c1ccc2c(c1)C(C)(C)CC2;15500
870;CC(C)(C)c1ccc2nc(C(F)(F)F)[nH]c2c1;35
871;CC(C)(C)c1ccccc1;3045
872;CC(C)(C)c1ccccc1O;440
873;CC(C)(C)c1nnc(NS(=O)(=O)c2ccccc2)s1;500
874;CC(C)(C=O)CO;3200
875;CC(C)(CCl)c1cc(Cl)nnc1Cl;1000
876;CC(C)(CNc1ccc(N=O)cc1)[N+](=O)[O-];2730
877;CC(C)(CO)S(C)(=O)=O;11300
878;CC(C)(CO)[C@H](O)C#N;310
879;CC(C)(COC(N)=O)COC(N)=O;2508
880;CC(C)(COC[C@H]1CO1)COC[C@H]1CO1;4500
881;CC(C)(N)CCCCCCCCCCOCCO;1850
882;CC(C)(N)CO;2900
883;CC(C)(N)Cc1ccc(Cl)cc1;250
884;CC(C)(N)Cc1ccccc1;151
885;CC(C)(N1C[C@@H]1C#N)N1C[C@H]1C(N)=O;3100
886;CC(C)(N=C=O)c1cccc(C(C)(C)N=C=O)c1;4600
887;CC(C)(O)C#CC(C)(C)O;9000
888;CC(C)(O)C#N;18.65
889;CC(C)(O)C(=O)c1ccc(OCCO)cc1;4082
890;CC(C)(O)C(=O)c1ccccc1;1694
891;CC(C)(O)CC(C)(O)c1ccc(Cl)cc1;1140
892;CC(C)(O)CCc1ccccc1;2200
893;CC(C)(O)Cc1ccccc1;1280
894;CC(C)(O)[C@@](C)(O)c1ccc(Cl)cc1;832
895;CC(C)(O)c1ccccc1;1300
896;CC(C)(OO)c1cccc(C(C)(C)OO)c1;1500
897;CC(C)(OO)c1ccccc1;382
898;CC(C)(OOC(C)(C)c1ccccc1)c1ccccc1;4100
899;CC(C)(Oc1ccc(C(=O)c2ccc(Cl)cc2)cc1)C(=O)NCCS(=O)(=O)[O-];2001
900;CC(C)(Oc1ccc(C(=O)c2ccc(Cl)cc2)cc1)C(=O)O;1242
901;CC(C)(Oc1ccc(CCNC(=O)c2ccc(Cl)cc2)cc1)C(=O)O;1082
902;CC(C)(Oc1ccc(Cl)cc1)C(=O)O;897
903;CC(C)(Oc1ccc(Cl)cc1)C(=O)OCCCOC(=O)C(C)(C)Oc1ccc(Cl)cc1;7300
904;CC(C)(Oc1ccc([C@@H]2CCCc3ccccc32)cc1)C(=O)O;900
905;CC(C)(Oc1ccccc1)C(=O)OCCN1CCOCC1;7920
906;CC(C)(S)C(=O)N[C@@H](CS)C(=O)O;3900
907;CC(C)(S)[C@@H](N)C(=O)O;365
908;CC(C)(S)[C@H](N)C(=O)O;6170
909;CC(C)(SC(=O)N1CCCCC1)c1ccccc1;946
910;CC(C)([N+](=O)[O-])C(C)(C)[N+](=O)[O-];50
911;CC(C)(c1cc(Cl)c(O)c(Cl)c1)c1cc(Cl)c(O)c(Cl)c1;7432
912;CC(C)(c1ccc(O)cc1)c1ccc(O)cc1;3250
913;CC(C)(c1ccc(O)cc1)c1cccc(C(C)(C)c2ccc(O)cc2)c1;5465
914;CC(C)(c1ccc(Oc2ccc(N)cc2)cc1)c1ccc(Oc2ccc(N)cc2)cc1;308
915;CC(C)(c1ccccc1)c1cc(CN2CCCCC2)c(O)c(CN2CCCCC2)c1;600
916;CC(C)(c1ccccc1)c1ccc(O)cc1;1770
917;CC(C)/N=C(\N)NC(C)C;2880
918;CC(C)/N=C1/C=C2C(=Nc3ccccc3N2c2ccc(Cl)cc2)C/C1=N\c1ccc(Cl)cc1;8400
919;CC(C)/N=C1\S/C(=N\OC(=O)N(C)SC(Cl)(Cl)Cl)C(C)(C)S1;226
920;CC(C)/N=C1\S/C(=N\OC(=O)N(C)SN(C)C(=O)O/N=C2/S/C(=N\C(C)C)SC2(C)C)C(C)(C)S1;113
921;CC(C)/N=N/C(=O)CSc1cc(Oc2ccc(F)cc2)ncn1;380
922;CC(C)/N=N/C(=O)CSc1cc(Oc2ccccc2)ncn1;1075
923;CC(C)/N=N/C(N)=S;48.5
924;CC(C)=C1C(=O)N(c2ccccc2)N(c2ccccc2)C1=O;1285
925;CC(C)=C1CC[C@@H](C)CC1=O;470
926;CC(C)=CC(=O)Nc1ccc(O)cc1;1950
927;CC(C)=CC(=O)O;3560
928;CC(C)=CC(=O)OC1CCC2(C=O)C3CCC4(C)C(c5ccc(=O)oc5)CCC4(O)C3CCC2(O)C1;1.74
929;CC(C)=CC(N)=O;3561
930;CC(C)=CC1C(C(=O)O)C1(C)C;2500
931;CC(C)=CC1C(C(=O)OC(C#N)c2cccc(Oc3ccccc3)c2)C1(C)C;318
932;CC(C)=CC=O;690
933;CC(C)=CCC(=O)c1ccoc1;25
934;CC(C)=CCC(CCN1CCCCC1)(C(N)=O)c1cccc2ccccc12;57
935;CC(C)=CCC(CCN1CCOCC1)(C(N)=O)c1cccc2ccccc12;177
936;CC(C)=CCC/C(C)=C/C#N;3100
937;CC(C)=CCC/C(C)=C/C=O;500
938;CC(C)=CCC/C(C)=C/CC/C(=C/CC/C(C)=C/CO)CO;10900
939;CC(C)=CCC/C(C)=C/CO;3600
940;CC(C)=CCC/C(C)=C\CO;4500
941;CC(C)=CCC1=C(O)C(C(=O)CC(C)C)=C(O)C(CC=C(C)C)(CC=C(C)C)C1=O;100
942;CC(C)=CCC1C(=O)N(c2ccccc2)N(c2ccccc2)C1=O;1343
943;CC(C)=CCCC(C)=CC(=O)O;3700
944;CC(C)=CCCC(C)=CC=O;4895
945;CC(C)=CCCC(C)=CCCC(C)=CCO;6000
946;CC(C)=CCCC(C)CCO;3450
947;CC(C)=CCC[C@@H](C)CC#N;5300
948;CC(C)=CCC[C@@H](C)CCOC=O;8400
949;CC(C)=CCC[C@H](C)CC(=O)O;2610
950;CC(C)=CCC[C@H](C)CC=O;7200
951;CC(C)=CCN(CC=C(C)C)CC[C@@](C)(C(N)=O)c1cccc2ccccc12;353
952;CC(C)=CCN(CC=C(C)C)CC[C@@](CC=C(C)C)(C(N)=O)c1cccc2ccccc12;283
953;CC(C)=CCN(CC=C(C)C)CC[C@H](C(N)=O)c1cccc2ccccc12;353
954;CC(C)=CCN1CC[C@@]2(C)c3cc(O)ccc3C[C@@H]1[C@@H]2C;1110
955;CC(C)=CCO;810
956;CC(C)=CCOC(=O)c1ccccc1;4700
957;CC(C)=CC[C@](CCN(C)C)(C(N)=O)c1cccc2ccccc12;143
958;CC(C)=CC[C@](CCN1CCCC1)(C(N)=O)c1cccc2ccccc12;71
959;CC(C)=CCl;4465
960;CC(C)=COC(=O)c1ccccc1C;3200
961;CC(C)=C[C@@H](C)/N=N/c1nncc2ccccc12;620
962;CC(C)=C[C@@H]1CC(C)=CCO1;5001
963;CC(C)=C[C@@H]1[C@@H](C(=O)OCc2coc(Cc3ccccc3)c2)C1(C)C;63
964;CC(C)=C[C@@H]1[C@@H](C(=O)O[C@@H]2CC(=O)C([C@@H]3C=CCC3)=C2C)C1(C)C;1410
965;CC(C)=C[C@@H]1[C@H](C(=O)Cl)C1(C)C;400
966;CC(C)=C[C@@H]1[C@H](C(=O)OCc2cccc(Oc3ccccc3)c2)C1(C)C;500
967;CC(C)=C[C@H](NC(=O)[C@H]1C(=O)c2sc(Cl)cc2S(=O)(=O)N1C)[n+]1ccccc1;10
968;CC(C)=C[C@H]1C[C@@H](C)CCO1;4300
969;CC(C)=C[C@H]1[C@@H](C(=O)OCN2C(=O)C3=C(CCCC3)C2=O)C1(C)C;4750
970;CC(C)=C[C@H]1[C@@H](C(=O)OCc2cc3c(cc2Cl)OCO3)C1(C)C;15000
971;CC(C)=C[C@H]1[C@@H](C(=O)OCc2coc(Cc3ccccc3)c2)C1(C)C;1244
972;CC(C)=C[C@H]1[C@H](C(=O)OCc2ccc(C)cc2C)C1(C)C;40000
973;CC(C)=C[C@H]1[C@H](C(=O)OCc2coc(Cc3ccccc3)c2)C1(C)C;1244
974;CC(C)=Cc1ccc(C(C)C(=O)O)cc1;1295
975;CC(C)=NN=C(C)C;423
976;CC(C)=NNC(=O)CSc1cc(Oc2ccc(Cl)cc2)ncn1;450
977;CC(C)=NOC(=O)Nc1ccccc1;1540
978;CC(C)=NOCCOC(=O)[C@@H](C)Oc1ccc(Oc2cnc3cc(Cl)ccc3n2)cc1;5001
979;CC(C)=O;5800
980;CC(C)C#N;50
981;CC(C)C(=O)C(C)C;3536
982;CC(C)C(=O)N(C)C(=O)Oc1cccc(C(C)C)c1;631
983;CC(C)C(=O)Nc1ccc([N+](=O)[O-])c(C(F)(F)F)c1;787
984;CC(C)C(=O)O;266
985;CC(C)C(=O)OC(=O)C(C)C;7700
986;CC(C)C(=O)OCC(C)(C)[C@H](O)C(C)C;3200
987;CC(C)C(=O)OCCc1ccccc1;5200
988;CC(C)C(=O)OCc1ccccc1;2850
989;CC(C)C(=O)O[C@H]1CC[C@@H](N2CCCCC2)CC1;3150
990;CC(C)C(=O)c1c(C(C)C)nn2ccccc12;1340
991;CC(C)C(=O)c1ccccc1;1946
992;CC(C)C(Nc1ccc(C(F)(F)F)cc1Cl)C(=O)OC(C#N)c1cccc(Oc2ccccc2)c1;261
993;CC(C)C(OCCO)C(C)C;1070
994;CC(C)C1=CCC(CCOC=O)=CC1;3568
995;CC(C)C1=Nc2ccccc2C1=C(N)c1cccnc1;350
996;CC(C)C1OCC=CCO1;1000.31
997;CC(C)C=O;960
998;CC(C)CC(=O)CC(C)C;5259
999;CC(C)CC(=O)C[C@]1(C)CC[C@H](c2ccoc2)O1;350
1000;CC(C)CC(=O)O;2001
1001;CC(C)CC(=O)OC1CCC(N2CCCCC2)CC1;1520
1002;CC(C)CC(=O)OCC=Cc1ccccc1;5001
1003;CC(C)CC(=O)OCCc1ccccc1;6220
1004;CC(C)CC(C)CC(=O)O;900
1005;CC(C)CC(C)Nc1ccc(Nc2ccccc2)cc1;3580
1006;CC(C)CC(C)OC(=O)/C=C\C(=O)OC(C)CC(C)C;7340
1007;CC(C)CC(CC(C)C)OCCOCCO;8680
1008;CC(C)CC(O)CC(C)C;3560
1009;CC(C)CC(O)CC(CC(C)C)CC(C)C;16300
1010;CC(C)CC=O;5600
1011;CC(C)CCC(=O)O;2050
1012;CC(C)CCCC(C)(C)O;6800
1013;CC(C)CCCCCCCCCCOC(=O)c1ccccc1C(=O)OCCCCCCCCCCC(C)C;31350
1014;CC(C)CCCCCCCCCCOCCCN;300
1015;CC(C)CCCCCCCCCCOP(OCCCCCCCCCCC(C)C)OCCCCCCCCCCC(C)C;12000
1016;CC(C)CCCCCCCO;6400
1017;CC(C)CCCCCCCOC(=O)CCCCC(=O)OCCCCCCCC(C)C;20500
1018;CC(C)CCCCCCCOP(OCCCCCCCC(C)C)OCCCCCCCC(C)C;12000
1019;CC(C)CCCCCCCOP(Oc1ccccc1)Oc1ccccc1;3840
1020;CC(C)CCCCCCO;2979.5
1021;CC(C)CCCCCOC(=O)COc1ccc(Cl)cc1Cl;982
1022;CC(C)CCCCCOC(=O)CS;348
1023;CC(C)CCCCCOC(=O)c1ccccc1C(=O)OCCCCCC(C)C;22000
1024;CC(C)CCCCCOP(OCCCCCC(C)C)OCCCCCC(C)C;9200
1025;CC(C)CCCCCc1ccc(O)cc1;2150
1026;CC(C)CCC[C@H](C)N;538
1027;CC(C)CCC[C@H](C)NN;108
1028;CC(C)CCC[C@H]1CC[C@](C)(C(=O)NCC(=O)O)CC1;10300
1029;CC(C)CCI;1424
1030;CC(C)CCN(C)C;225
1031;CC(C)CCN1C(=O)c2ccccc2C1=O;3500
1032;CC(C)CCO;1300
1033;CC(C)CCOC(=O)c1ccccc1;6330
1034;CC(C)CCOC(=O)c1ccccc1O;3300
1035;CC(C)CCOC=O;9840
1036;CC(C)CCON=O;505
1037;CC(C)CCO[C@H](CO)CC(C)C;5410
1038;CC(C)CCP(=O)(CCC(C)C)CCC(C)C;2236
1039;CC(C)CC[C@@H](C)Nc1ccc(N[C@H](C)CCC(C)C)cc1;750
1040;CC(C)CC[C@H](C)Nc1ccc(Nc2ccccc2)cc1;2100
1041;CC(C)CN;224
1042;CC(C)CNC(=O)CF;42
1043;CC(C)CNC(=O)N1CCNC1=O;3500
1044;CC(C)CNC(=O)NS(=O)(=O)c1ccc(Cl)cc1;1100
1045;CC(C)CNC(=O)OC[C@H](O)[C@H]1COc2ccccc2O1;1500
1046;CC(C)CNC(=S)NCC(C)C;800
1047;CC(C)CNCC(=O)/N=N/Cc1ccc([N+](=O)[O-])o1;315
1048;CC(C)CNCC(C)C;258
1049;CC(C)CO;2460
1050;CC(C)COC(=O)C(C)C;12800
1051;CC(C)COC(=O)C(C)Oc1ccc(Oc2ccc(Cl)cc2)cc1;723
1052;CC(C)COC(=O)CC#N;4520
1053;CC(C)COC(=O)CCCOc1ccc(Cl)cc1Cl;300
1054;CC(C)COC(=O)CCc1ccco1;1950
1055;CC(C)COC(=O)COc1ccc(Cl)cc1Cl;300
1056;CC(C)COC(=O)c1ccccc1;5600
1057;CC(C)COC(=O)c1ccccc1C(=O)OCC(C)C;10400
1058;CC(C)COC(=O)c1ccccc1O;1560
1059;CC(C)COCCO;400
1060;CC(C)COC[C@@H](C)O;4290
1061;CC(C)CON=O;410
1062;CC(C)COP(C)(=O)SCCN(C)C;0.944
1063;CC(C)CO[P@@](C)(=S)SCN1C(=O)c2ccccc2C1=O;37
1064;CC(C)COc1ccc2ccccc2c1;5930
1065;CC(C)CS;7168
1066;CC(C)C[C@@H](C)O;2590
1067;CC(C)C[C@@](CCN(C(C)C)C(C)C)(C(N)=O)c1ccccn1;1100
1068;CC(C)C[C@H](C)C[C@@H](CC(C)C)OCCO;5650
1069;CC(C)C[C@H](C)C[C@@H](O)CC(C)C;17000
1070;CC(C)Cc1ccc(C(C)C(=O)O)cc1;636
1071;CC(C)Cc1ccc(C(C)C(=O)OCCN2CCN(c3cccc(Cl)c3)CC2)cc1;3350
1072;CC(C)Cc1ccc(C(C)C(=O)OCc2ccccn2)cc1;1440
1073;CC(C)Cc1ccc(CC(=O)O)cc1;2300
1074;CC(C)Cc1ccc2ccccc2n1;1020
1075;CC(C)Cc1cccc2c(CC(=O)O)cccc12;600
1076;CC(C)Cl;5001
1077;CC(C)N;111
1078;CC(C)N(C(=O)CCl)c1ccccc1;710
1079;CC(C)N(C(=O)CO)c1ccc(F)cc1;474
1080;CC(C)N(C(=O)COc1nnc(C(F)(F)F)s1)c1ccc(F)cc1;480
1081;CC(C)N(C(=O)SCC(Cl)=C(Cl)Cl)C(C)C;200
1082;CC(C)N(C(=O)SCC(Cl)=CCl)C(C)C;395
1083;CC(C)N(C)C;684
1084;CC(C)N(CCO)C(C)C;860
1085;CC(C)N(CC[C@](C(N)=O)(c1ccccc1)c1ccccn1)C(C)C;333
1086;CC(C)N(Cc1ccccc1)C(=O)C(C)(C)C;6000
1087;CC(C)N(N=O)C(C)C;850
1088;CC(C)N(Sc1nc2ccccc2s1)C(C)C;5200
1089;CC(C)N1C(=O)N(c2ccccc2)CSC1=NC(C)(C)C;2198
1090;CC(C)N1C(=O)c2ccccc2NS1(=O)=O;1100
1091;CC(C)N1C=CC(=C2C(=O)c3ccccc3C2=O)C=C1;1450
1092;CC(C)N1CCC(N(C(=O)Cc2ccccc2)c2ccc(Cl)cc2)CC1;395
1093;CC(C)N1CCCC1=O;2900
1094;CC(C)NC(=O)N1CC(=O)N(c2cc(Cl)cc(Cl)c2)C1=O;3500
1095;CC(C)NC(=O)OC1CCN(CCCC(=O)c2ccc(F)cc2)CC1;310
1096;CC(C)NC(=O)OCC(O)C1COc2ccccc2O1;1500
1097;CC(C)NC(=S)NC(C)C;450
1098;CC(C)NC(C)C;310
1099;CC(C)NCC(O)COc1cccc2[nH]ccc12;263
1100;CC(C)NCC(O)c1ccc(O)c(O)c1;355
1101;CC(C)NCC(O)c1ccc2ccccc2c1;900
1102;CC(C)NC[C@@H](O)COc1ccc(CC(N)=O)cc1;3000
1103;CC(C)NC[C@@H](O)COc1cccc2c1OC[C@@H](O[N+](=O)[O-])C2;1040
1104;CC(C)NC[C@H](O)COc1cccc2c1OC[C@@H](O)C2;1840
1105;CC(C)NC[C@H](O)COc1cccc2cc([C@H](C)O)oc12;2130
1106;CC(C)NC[C@H](O)COc1cccc2ccccc12;660
1107;CC(C)NC[C@H](O)c1cc(O)cc(O)c1;3370
1108;CC(C)NC[C@H]1CCc2cc(CO)c([N+](=O)[O-])cc2N1;30
1109;CC(C)NNC(=O)COc1ccc(Cl)cc1;550
1110;CC(C)NNC(=O)c1ccncc1;365
1111;CC(C)N[C@@H]1Cc2ccccc2Cc2ccccc21;500
1112;CC(C)N[P@](O)(=S)Oc1cc(Cl)c(Cl)cc1Cl;31
1113;CC(C)Nc1ccc(Nc2ccccc2)cc1;720
1114;CC(C)Nc1ccccc1;560
1115;CC(C)Nc1nc(Cl)nc(NC(C)C)n1;3840
1116;CC(C)Nc1nc(Cl)nc(NC2CC2)n1;516
1117;CC(C)Nc1nc(NC(C)C)nc(N(C)C#N)n1;1700
1118;CC(C)O;4710
1119;CC(C)OC(=O)C(C(=O)OC(C)C)=C1SC=CS1;2065
1120;CC(C)OC(=O)C(C(=O)OC(C)C)=C1SCCS1;1190
1121;CC(C)OC(=O)C(O)(c1ccc(Br)cc1)c1ccc(Br)cc1;5001
1122;CC(C)OC(=O)C(O)(c1ccc(Cl)cc1)c1ccc(Cl)cc1;5001
1123;CC(C)OC(=O)C=CC(=O)OC(C)C;3250
1124;CC(C)OC(=O)COc1cc(Cl)c(Cl)cc1Cl;495
1125;CC(C)OC(=O)COc1ccc(Cl)cc1Cl;375
1126;CC(C)OC(=O)Cl;468.3
1127;CC(C)OC(=O)Nc1cccc(Cl)c1;1200
1128;CC(C)OC(=O)Nc1ccccc1;1000
1129;CC(C)OC(=O)OOC(=O)OC(C)C;2140
1130;CC(C)OC(=O)c1ccccc1;3730
1131;CC(C)OC(=O)c1cncc(C(=O)OC(C)C)c1;5230
1132;CC(C)OC(C)C;8470
1133;CC(C)OC(Cl)=C(Cl)C(Cl)=C(Cl)Cl;1210
1134;CC(C)OCCCO;4000
1135;CC(C)OC[C@H]1CO1;4200
1136;CC(C)OP(=O)(F)OC(C)C;5
1137;CC(C)OP(=O)(OC(C)C)O[P@@](=S)(CCl)OC(C)C;18
1138;CC(C)OP(=O)(OC(C)C)SCc1ccccc1;550
1139;CC(C)OP(=S)(OC(C)C)SCCNS(=O)(=O)c1ccccc1;270
1140;CC(C)OP(=S)(OC(C)C)SCSC(C)C;5
1141;CC(C)OP(=S)(OC(C)C)SCn1nc(-c2ccccc2)ccc1=O;25000
1142;CC(C)OP(=S)(OC(C)C)SCn1nc(Cl)ccc1=O;190
1143;CC(C)OP(=S)(OC(C)C)SCn1ncccc1=O;50
1144;CC(C)OP(C)(=O)OC(C)C;826
1145;CC(C)OP(C)(=S)Oc1cc(Cl)c(Br)cc1Cl;73
1146;CC(C)OP(OC(C)C)OC(C)C;167
1147;CC(C)O[P@](=S)(CCl)Sc1ccc(Br)cc1;23
1148;CC(C)O[P@](=S)(CCl)Sc1ccc(Cl)cc1;26
1149;CC(C)O[P@](=S)(CCl)Sc1ccc(F)cc1;39
1150;CC(C)O[P@](C)(=O)F;0.55
1151;CC(C)O[PH](=O)OC(C)C;1700
1152;CC(C)Oc1cc(-n2nc(C(C)(C)C)oc2=O)c(Cl)cc1Cl;3500
1153;CC(C)Oc1cccc([C@@H]2CC(=O)NC2=O)c1;2400
1154;CC(C)Oc1ccccc1N;840
1155;CC(C)Oc1ccccc1[N+](=O)[O-];2500
1156;CC(C)SS[C@@H](Cl)C(Cl)Cl;200
1157;CC(C)[C@@H](Br)C(=O)OCC(Br)(Br)Br;5001
1158;CC(C)[C@@H](Br)C(=O)OCC(Cl)(Cl)Cl;1500
1159;CC(C)[C@@H](C(=O)O[C@@H](C#N)c1ccc(Oc2ccccc2)cc1)c1ccc(Cl)cc1;451
1160;CC(C)[C@@H](C(=O)O[C@H](C#N)c1cccc(Oc2ccccc2)c1)c1ccc(Cl)cc1;135.1
1161;CC(C)[C@@H](NC(=O)COc1ccc(Cl)cc1Cl)C(=O)O;750
1162;CC(C)[C@@H]1C=C2CC[C@H]3[C@](C)(CO)CCC[C@]3(C)[C@H]2CC1;70000
1163;CC(C)[C@@H]1CC[C@@H](C)C[C@@H]1O;2046
1164;CC(C)[C@@H]1CC[C@@H]2C[C@@H](O)CC[C@H]2C1;4200
1165;CC(C)[C@@H]1CC[C@H](C)CC1=O;500
1166;CC(C)[C@@H]1Cc2ccc([C@@H](C)C(=O)O)cc2C1;1500
1167;CC(C)[C@@H]1NC(=O)[C@H](C(C)C)OC(=O)[C@@H](C)OC(=O)[C@H](C(C)C)NC(=O)[C@@H](C(C)C)OC(=O)[C@H](C(C)C)NC(=O)[C@H](C)OC(=O)[C@H](C(C)C)NC(=O)[C@@H](C(C)C)OC(=O)[C@@H](C(C)C)NC(=O)[C@@H](C)OC(=O)[C@H](C(C)C)NC1=O;4
1168;CC(C)[C@@H]1NC(=O)c2ccccc2O1;1850
1169;CC(C)[C@@](O)(c1ccc(OC(F)(F)F)cc1)c1cncnc1;709
1170;CC(C)[C@@]12C=C[C@@](C)(CC1)OO2;200
1171;CC(C)[C@H](Br)C(=O)NC(N)=O;1000
1172;CC(C)[C@H](Br)C(=O)O;769
1173;CC(C)[C@H](Br)C(=O)O[C@H](C)C(Cl)(Cl)Cl;1200
1174;CC(C)[C@H](C(=O)O[C@@H](C#N)c1cccc(Oc2ccccc2)c1)c1ccc(OC(F)F)cc1;67
1175;CC(C)[C@H](C(=O)O[C@H](C#N)c1cccc(Oc2ccccc2)c1)c1ccc(Cl)cc1;88
1176;CC(C)[C@H]1CC[C@@H](C)C[C@@H]1O;3300
1177;CC(C)[C@H]1CC[C@H](O)CC1;2750
1178;CC(C)[C@](CCN(C)C)(C(N)=O)c1cccc2ccccc12;1030
1179;CC(C)[C@]1(C)N=C(c2nc3ccccc3cc2C(=O)O)NC1=O;4073
1180;CC(C)[C@]1(O)[C@H](OC(=O)c2ccc[nH]2)[C@]2(O)[C@@]3(C)C[C@@]4(O)O[C@]5([C@@H](O)[C@H](C)CC[C@@]35O)[C@]2(O)[C@]41C;750
1181;CC(C)[C@]12CC(=O)[C@H](C)[C@H]1C2;500
1182;CC(C)[C@]12CC[C@](C)(CC1)O2;3100
1183;CC(C)[N+](=O)[O-];720
1184;CC(C)[N+](C)(CCC(C(N)=O)(c1ccccc1)c1ccccc1)C(C)C;1032
1185;CC(C)c1c(C(=O)c2cccnc2)c2ccccc2n1C;2400
1186;CC(C)c1cc(Oc2c(I)cc(CC(=O)O)cc2I)ccc1O;5.4
1187;CC(C)c1cc(Oc2ccccc2)cc(C(C)C)c1NC(=S)NC(C)(C)C;2068
1188;CC(C)c1cc([N+](=O)[O-])cc([N+](=O)[O-])c1O;63
1189;CC(C)c1ccc(C#N)cc1;3900
1190;CC(C)c1ccc(C(C)(C)O)cc1;11300
1191;CC(C)c1ccc(C(C)(C)OO)cc1;2001
1192;CC(C)c1ccc(C=O)cc1;1390
1193;CC(C)c1ccc(CO)cc1;1020
1194;CC(C)c1ccc(C[C@@H](C)C=O)cc1;3810
1195;CC(C)c1ccc(N)cc1;985
1196;CC(C)c1ccc(N=C=O)cc1;5001
1197;CC(C)c1ccc(NC(=O)N(C)C)cc1;1826
1198;CC(C)c1ccc2c(c1)CC[C@H]1[C@](C)(C(=O)O)CCC[C@]21C;1710
1199;CC(C)c1ccc2ccc(C(C)C)cc2c1;4130
1200;CC(C)c1ccc2ccccc2c1C(C)C;15180
1201;CC(C)c1ccc2oc3nc(N)c(C(=O)O)cc3c(=O)c2c1;10000
1202;CC(C)c1cccc(C(C)(C)O)c1;6000
1203;CC(C)c1cccc(C(C)C)c1;7400
1204;CC(C)c1cccc(C(C)C)c1N;3204
1205;CC(C)c1cccc(C(C)C)c1N=C=Nc1c(C(C)C)cccc1C(C)C;200
1206;CC(C)c1cccc(C(C)C)c1N=C=O;1414
1207;CC(C)c1cccc(C(C)C)c1O;500
1208;CC(C)c1cccc(OC(=O)N(C)C)c1;160
1209;CC(C)c1cccc(OC(=O)N(C)N=O)c1;400
1210;CC(C)c1cccc(OC(=O)NCC(=O)CCl)c1;280
1211;CC(C)c1ccccc1;1400
1212;CC(C)c1ccccc1N;1180
1213;CC(C)c1ccccc1OP(=O)(Oc1ccccc1)Oc1ccccc1;10000
1214;CC(C)c1ccnc2ccccc12;940
1215;CC(C)c1nn(C(=O)NC(C)(C)C)c(=O)n1N;1015
1216;CC(C)c1nnc(NS(=O)(=O)c2ccc(N)cc2)s1;3940
1217;CC(C)c1noc2nc(C(C)(C)C)ncc12;15400
1218;CC(C)c1s[nH]c2nc(C(C)(C)C)nc(=O)c1-2;10200
1219;CC(C)n1nc(-c2cccc(Cl)c2Cl)c(N)nc1=N;229
1220;CC(C1CC1)C(O)(Cn1cncn1)c1ccc(Cl)cc1;350
1221;CC(C=O)=Cc1ccccc1;2050
1222;CC(C=O)=Cc1ccco1;1400
1223;CC(CC(=O)OC(C)(C)C)=NNc1ccc(N2CCOCC2)nn1;970
1224;CC(CC=O)CC(C)(C)C;3240
1225;CC(CC=O)CC=O;780
1226;CC(CCCCCCCCCCCCCCCCC(=O)O)N(C)Cc1cc(C(C)N(C)CCCCCCCCCCCCCCCCCC(=O)O)cc(C(C)N(C)CCCCCCCCCCCCCCCCCC(=O)O)c1O;11800
1227;CC(CCO)CCO;7784
1228;CC(CCl)OP(=O)(OC(C)CCl)OC(C)CCl;980
1229;CC(CN(C)C)C(C)(O)Cc1ccc(Cl)cc1;802
1230;CC(CN(C)C)CN1c2ccccc2CCc2ccccc21;800
1231;CC(CN(CCN(CC(C)OB(O)O)CC(C)OB(O)O)CC(C)OB(O)O)OB(O)O;4930
1232;CC(CO)CCO;5460
1233;CC(CO)Oc1ccccc1;2830
1234;CC(CO[N+](=O)[O-])(CO[N+](=O)[O-])CO[N+](=O)[O-];1027
1235;CC(Cc1ccc(C(C)(C)C)cc1)CN1CCCCC1;1447
1236;CC(Cc1ccccc1)NN;34
1237;CC(Cl)(C=O)CCl;1620
1238;CC(Cl)(Cl)C(=O)O;6936
1239;CC(Cl)(Cl)C(=O)OCCOc1cc(Cl)c(Cl)cc1Cl;1000
1240;CC(Cl)(Cl)CCl;1140
1241;CC(Cl)(Cl)Cl;9600
1242;CC(Cl)(Cl)[N+](=O)[O-];410
1243;CC(Cl)=CCl;2001
1244;CC(Cl)COP(=O)(OCC(C)Cl)OCC(C)Cl;1017
1245;CC(Cl)Cl;725
1246;CC(F)(F)C(F)(F)C(F)(F)C(O)(F)F;1110
1247;CC(N)(CO)CO;17000
1248;CC(N)=O;7000
1249;CC(N)=S;301
1250;CC(N)=[Se];10
1251;CC(N)CC(C)(C)N;431
1252;CC(O)(c1ccc(Cl)cc1)c1ccc(Cl)cc1;500
1253;CC(O)=S;200
1254;CC(O)C1Sc2ccccc2N(CCCN(C)C)C1c1ccccc1;800
1255;CC(O)CC(C)O;6860
1256;CC(O)CCO;18610
1257;CC(O)CF;3260
1258;CC(O)CN;1715
1259;CC(O)CN(CC(C)O)CC(C)O;4730
1260;CC(O)COC[C@H]1O[C@@H](O)[C@H](OCC(C)O)[C@@H](OCC(C)O)[C@@H]1O;10200
1261;CC(O)c1cccc(N)c1;3100
1262;CC(OCCCl)OCCCl;310
1263;CC(OP(C)(=O)F)C(C)(C)C;0.4
1264;CC(Oc1cc(Cl)c(Cl)cc1Cl)C(=O)O;650
1265;CC(c1ccc(C(F)(F)F)nc1)S(C)(=O)=NC#N;1000
1266;CC(c1ccc(Cl)cc1)c1ccc(Cl)cc1;1000
1267;CC(c1ccc(OC#N)cc1)c1ccc(OC#N)cc1;1000
1268;CC(c1ccccc1)c1ccc(O)cc1O;500
1269;CC/C(=C(/CC)c1ccc(OP(=O)(O)O)cc1)c1ccc(OP(=O)(O)O)cc1;3000
1270;CC/C(=C(\c1ccc(OCCN(C)C)cc1)c1ccc(OP(=O)(O)O)cc1)c1ccc(C(C)C)cc1;785
1271;CC/C(=C(\c1ccccc1)c1ccc(OCCN(C)C)cc1)c1ccccc1;4100
1272;CC/C(=C\[C@H](N=O)C(N)=O)[C@H](C)[N+](=O)[O-];651
1273;CC/C(C)=N/O[Si](C)(O/N=C(\C)CC)O/N=C(\C)CC;2453
1274;CC/C=C/CC1=C(C)CCC1=O;5001
1275;CC/C=C/CC=O;1560
1276;CC/C=C/CCO;4700
1277;CC/C=C1\OC(=O)c2ccccc21;1650
1278;CC/C=C\C#N;198
1279;CC/C=C\CCOC(=O)c1ccccc1O;5001
1280;CC/C=C\CCOCC=O;4100
1281;CC1(C(=O)O)CC=CCC1;2140
1282;CC1(C)C(=O)N(Br)C(=O)N1Br;250
1283;CC1(C)C(=O)N(Br)C(=O)N1Cl;485
1284;CC1(C)C(=O)N(CO)C(=O)N1CO;2001
1285;CC1(C)C(=O)N(Cl)C(=O)N1Br;1390
1286;CC1(C)C(=O)N(Cl)C(=O)N1Cl;542
1287;CC1(C)C(=O)[C@@]2(C)CC[C@@H]1C2;6160
1288;CC1(C)C(C(=O)OCc2coc(Cc3ccccc3)c2)C1(C)C;141
1289;CC1(C)C(C(=O)O[C@@H](C#N)c2cccc(Oc3ccccc3)c2)C1(C)C;66.7
1290;CC1(C)C(C=C(Cl)Cl)C1C(=O)OC(C#N)c1cccc(Oc2ccccc2)n1;460
1291;CC1(C)C2CC=C(CCO)C1C2;890
1292;CC1(C)CC(=O)CC(C)(C)N1;1330
1293;CC1(C)CC(=O)CC(C)(C)N1O;1464
1294;CC1(C)CC(=O)C[C@@](C)(C#N)C1;61.6
1295;CC1(C)CC(=O)[C@H](N)C(C)(C)N1;920
1296;CC1(C)CC(N)CC(C)(C)N1;906
1297;CC1(C)CC(N2C(C)(C)CC(N)CC2(C)C)CC(C)(C)N1;2167
1298;CC1(C)CC(NCCC(=O)NC2CC(C)(C)NC(C)(C)C2)CC(C)(C)N1;4180
1299;CC1(C)CC(NCCCCCCNC2CC(C)(C)NC(C)(C)C2)CC(C)(C)N1;820
1300;CC1(C)CC(O)CC(C)(C)N1O;953
1301;CC1(C)CC1CC1C(=O)N(c2ccccc2)N(c2ccccc2)C1=O;800
1302;CC1(C)CCC(NC(=O)[C@H](N)CCC(=O)O)CC1;1430
1303;CC1(C)CCCO1;4000
1304;CC1(C)CCC[C@@]23CC[C@@](C)(C[C@@H]12)C(=O)O3;1600
1305;CC1(C)CN(c2ccccc2)NC1=O;30
1306;CC1(C)CNC(=NN=C(/C=C/c2ccc(C(F)(F)F)cc2)/C=C/c2ccc(C(F)(F)F)cc2)NC1;1131
1307;CC1(C)CO1;3890
1308;CC1(C)COC(=C2C=CC=CC2=O)N1;3700
1309;CC1(C)COC1=O;1470
1310;CC1(C)COCN1;950
1311;CC1(C)CON(Cc2ccccc2Cl)C1=O;1369
1312;CC1(C)COS(=O)(=O)OC1;10
1313;CC1(C)CO[C@H](c2ccccc2)CN1;450
1314;CC1(C)C[C@H](N=C=O)C[C@@](C)(CN=C=O)C1;1000
1315;CC1(C)C[C@]2(NC(=O)N(CCCN3CCC(O)CC3)C2=O)c2cc(Cl)ccc2O1;858
1316;CC1(C)C[C@]2(NC(=O)N(CCCN3CCC(O)CC3)C2=O)c2cc(F)ccc2O1;780
1317;CC1(C)Cc2cccc(OC(=O)NCSc3ccc(Br)cc3)c2O1;25
1318;CC1(C)Cc2cccc(OC(=O)NCSc3ccc(C(C)(C)C)cc3)c2O1;125
1319;CC1(C)Cc2cccc(OC(=O)NCSc3ccc(Cl)cc3)c2O1;25
1320;CC1(C)N=C(N)N=C(N)N1c1ccccc1;447
1321;CC1(C)NC(=O)N(c2ccc([N+](=O)[O-])c(C(F)(F)F)c2)C1=O;195
1322;CC1(C)NC(=O)NC1=O;7800
1323;CC1(C)OC(=O)N(c2cc(Cl)cc(Cl)c2)C1=O;3000
1324;CC1(C)OCC(CO)O1;7000
1325;CC1(C)OC[C@@H](COC(=O)Cc2ccc3c(c2)OCc2ccccc2C3=O)O1;92
1326;CC1(C)OC[C@H](CCl)O1;115
1327;CC1(C)O[C@H](c2ccco2)CN1C(=O)C(Cl)Cl;521
1328;CC1(C)Oc2ccc(S(=O)(=O)c3ccccc3)cc2[C@H](N2CCCC2=O)[C@H]1O;2001
1329;CC1(C)SCN(C(=O)C2(Oc3ccc(Cl)cc3)CCCCC2)C1C(=O)O;4350
1330;CC1(C)S[C@@H]2[C@H](NC(=O)C3(N)CCCCC3)C(=O)N2[C@H]1C(=O)O;5010
1331;CC1(C)S[C@@H]2[C@H](NC(=O)Cc3ccccc3)C(=O)N2[C@@H]1C(=O)O;8000
1332;CC1(C)S[C@@H]2[C@H](NC(=O)[C@H](C(=O)Oc3ccc4c(c3)CCC4)c3ccccc3)C(=O)N2[C@@H]1C(=O)O;2001
1333;CC1(C)S[C@H]2[C@H](NC(=O)[C@@H](N)c3ccccc3)C(=O)N2[C@@H]1C(=O)O;10000
1334;CC1(C)[C@@H](/C=C2\CCSC2=O)[C@@H]1C(=O)OCc1coc(Cc2ccccc2)c1;650
1335;CC1(C)[C@@H](C=C(Cl)Cl)[C@@H]1C(=O)O[C@@H](C#N)c1ccc(F)c(Oc2ccccc2)c1;270
1336;CC1(C)[C@@H](C=C(Cl)Cl)[C@@H]1C(=O)O[C@@H](C#N)c1cccc(Oc2ccccc2)c1;5001
1337;CC1(C)[C@@H](OC(=O)CCC(=O)O)CC[C@]2(C)[C@H]3C(=O)C=C4[C@@H]5C[C@@](C)(C(=O)O)CC[C@]5(C)CC[C@@]4(C)[C@]3(C)CC[C@@H]12;2450
1338;CC1(C)[C@@H]2CC[C@@]1(C)[C@@H](Oc1ccc(N)cc1)C2;660
1339;CC1(C)[C@@H]2CC[C@@]1(C)[C@H](OC(=O)CSC#N)C2;1000
1340;CC1(C)[C@@H]2CC[C@H](C=O)[C@H]1C2;2300
1341;CC1(C)[C@@H]2[C@H](O)OC(=O)[C@@H]21;200
1342;CC1(C)[C@H](/C=C(\Cl)C(F)(F)F)[C@H]1C(=O)O[C@H](C#N)c1cccc(Oc2ccccc2)c1;114
1343;CC1(C)[C@H](/C=N/OCc2ccco2)[C@H]1C(=O)O[C@@H](C#N)c1cccc(Oc2ccccc2)c1;91
1344;CC1(C)[C@H](C(=O)OCc2cccc(Oc3ccccc3)c2)[C@@H]1C=C(Cl)Cl;406.5
1345;CC1(C)[C@H](C(=O)OCc2coc(Cc3ccccc3)c2)[C@@H]1C=C1CCCC1;63
1346;CC1(C)[C@H](C(=O)O[C@H](C#N)c2cccc(Oc3ccccc3)c2)[C@@H]1/C=C(\Cl)C(F)(F)F;56
1347;CC1(C)[C@H](C(=O)O[C@H](C#N)c2cccc(Oc3ccccc3)c2)[C@@H]1C(Br)C(Br)(Br)Br;99
1348;CC1(C)[C@H](C=C(Cl)Cl)[C@H]1C(=O)OCc1c(F)c(F)c(F)c(F)c1F;85
1349;CC1(C)[C@H](C=C(Cl)Cl)[C@H]1C(=O)O[C@H](C#N)c1cccc(Oc2ccccc2)c1;57
1350;CC1(C)[C@H]2CC[C@@]1(C)[C@H](O)C2;5200
1351;CC1(C)[C@H]2CC[C@](C)(O)[C@@H]1C2;2050
1352;CC1(C)[C@H]2CC[C@]1(C)C(=O)[C@H]2Br;4450
1353;CC1(C)[C@H]2CC[C@]1(C)[C@H](O)C2;5800
1354;CC1(CCl)COC1;1120
1355;CC1(CO)CN(c2ccccc2)NC1=O;566
1356;CC1(COCC2(C)CO2)CO1;1680
1357;CC1(COCCOCC2(C)CO2)CO1;7460
1358;CC1(NC(N)=O)CCCC1;1200
1359;CC1(NC(N)=O)CCCCC1;1040
1360;CC12CC1(C)C(=O)N(c1cc(Cl)cc(Cl)c1)C2=O;7000
1361;CC12CCC(CC1)C(C)(C)O2;2480
1362;CC12CCC3c4ccc(O)cc4CCC3C1CCC2OC(=O)COC(=O)CCCc1ccc(N(CCCl)CCCl)cc1;682
1363;CC1=C(/C=C/C(C)=C/C=C/C(C)=C/C(=O)O)C(C)(C)CCC1;2001
1364;CC1=C(/C=C/C(C)=C/C=C/C(C)=C/C=C/C=C(C)/C=C/C=C(C)/C=C/C(=O)[C@@]2(C)C[C@H](O)CC2(C)C)C(C)(C)C[C@@H](O)C1;11250
1365;CC1=C(/C=C/C(C)=C/C=C/C(C)=C/CO)C(C)(C)CCC1;2001
1366;CC1=C(C(=O)Nc2ccccc2)CCCO1;15000
1367;CC1=C(C(=O)Nc2ccccc2)S(=O)(=O)CCO1;1632
1368;CC1=C(C(=O)Nc2ccccc2)SCCO1;430
1369;CC1=C(C(=O)O)N2C(=O)[C@@H](NC(=O)[C@H](N)c3ccccc3)[C@H]2SC1;5001
1370;CC1=C(C(=O)OC(C)C)[C@@H](c2cccc([N+](=O)[O-])c2)[C@@H](C(=O)OC2CN(C(c3ccccc3)c3ccccc3)C2)C(=N)N1;1267
1371;CC1=C(C(C)C)CC=CC1;4270
1372;CC1=C(C)C(=O)C(C(CCCCCC(=O)O)c2ccccc2)=C(C)C1=O;3750
1373;CC1=C(C)S(=O)(=O)CCS1(=O)=O;500
1374;CC1=C(CC(=O)O)c2cc(F)ccc2/C1=C\c1ccc(S(C)=O)cc1;264
1375;CC1=C2C(=O)OC(c3ccoc3)C2(C)CCC1;274
1376;CC1=CC(=C2C(=O)c3ccccc3C2=O)C=CN1CCN1CCCCC1;390
1377;CC1=CC(=O)C(C(C)C)CC1;2450
1378;CC1=CC(=O)C(C)=C(C)C1=O;200
1379;CC1=CC(=O)CC(C)(C)C1;1500
1380;CC1=CC(=O)N2CC(=O)N(C)c3ccc(Cl)cc3[C@]2(c2ccccc2)O1;5001
1381;CC1=CC(=O)NS(=O)(=O)O1;7430
1382;CC1=CC(=O)OC1=O;2600
1383;CC1=CC(=O)c2c(O)cccc2C1=O;65
1384;CC1=CC(=S)[C@H](N)N=N1;1975
1385;CC1=CC(C)(C)CC(=O)C1;1500
1386;CC1=CC(C)(C)Nc2ccc(Cc3ccc4c(c3)C(C)=CC(C)(C)N4)cc21;5001
1387;CC1=CC(C)(C)Nc2ccccc21;2001
1388;CC1=CC=C(C(C)C)CC1;1680
1389;CC1=CCC(=C(C)C)CC1;4390
1390;CC1=CCC(=O)O1;3900
1391;CC1=CCC(C(C)C)=CC1;3650
1392;CC1=CCC(C(C)C)C=C1;5700
1393;CC1=CCC(O)(C(C)C)CC1;1300
1394;CC1=CCC2CC1(S)C2(C)C;3000
1395;CC1=CC[C@H](C(C)(C)O)CC1;4735
1396;CC1=CC[C@H]2C[C@@H]1C2(C)C;3700
1397;CC1=CC[C@H]2[C@H](C1)C2(C)C;4800
1398;CC1=CO[C@@](C)(C=O)CC1;2460
1399;CC1=C[C@@H]2C(=O)O[C@H]3C[C@H](C/C=C(/C)C[C@H](C)/C=C\C=C4\CO[C@@H]([C@H]1O)[C@]42O)O[C@]1(CC[C@H](C)[C@H](C(C)C)O1)C3;2467
1400;CC1=C[C@H]2C(=O)O[C@H]3C[C@@H](C/C=C(/C)C[C@@H](C)/C=C\C=C4\CO[C@H]([C@H]1O)[C@@]42O)O[C@@]1(CC[C@@H](C)[C@H](C)O1)C3;456
1401;CC1=C[C@H]2O[C@@H]3[C@H](O)[C@@H](O)[C@](C)([C@@]2(CO)[C@H](O)C1=O)[C@]31CO1;19.5
1402;CC1=NC(=O)C(C#N)=C[C@H]1c1ccncc1;91
1403;CC1=NC(=O)N(C(C)(C)C)C(=O)[C@@H]1Cl;1700
1404;CC1=NC(=O)N(C(C)C)C(=O)[C@H]1Br;3400
1405;CC1=NC(=O)NC(=O)C1;64500
1406;CC1=NC(=O)NC(=O)[C@@H]1N(CCCl)CCCl;2.4
1407;CC1=NC(=O)NC(=O)[C@H]1CO;5001
1408;CC1=NC(=S)NC(=O)C1;1500
1409;CC1=NC(C(C)C)=NC(=O)C1;2700
1410;CC1=NC(C)=C(C(=O)OC(C)C)[C@H](c2cccc3c2OCO3)[C@H]1C(=O)OCCN(C)Cc1ccc(F)cc1;64
1411;CC1=NC(SCc2ccccc2N(C)C)=NC(=O)C1;2400
1412;CC1=NN(c2ccc(C)cc2)C(=O)C1;7450
1413;CC1=NN(c2ccccc2)C(=O)C1;1915
1414;CC1=NN(c2ccccc2)C(=O)[C@@H]1C=O;716
1415;CC1=NOC(=O)/C1=N\Nc1ccccc1Cl;126
1416;CC1=Nc2ccc(Cl)cc2S(=O)(=O)N1;980
1417;CC1C(=O)C[C@]2(C(C)C)C[C@H]12;192
1418;CC1C(C)(C)C2=C(c3ncncc3CC2)C1(C)C;500
1419;CC1C2Cc3ccc(O)cc3C1(C)CCN2CCc1ccccc1;90
1420;CC1CC2OC2CC1COC(=O)CCCCC(=O)OCC1CC2OC2CC1C;4290
1421;CC1CCC(=O)CC1;800
1422;CC1CCC(=O)O1;8800
1423;CC1CCCC2N(C)C=C(C(N)=O)C(=O)N12;370
1424;CC1CN(CCO)CC1C;1230
1425;CC1CN1P(=O)(N1CC1C)N1CC1C;136
1426;CC1COC(C(Cl)CCl)O1;620
1427;CC1COC2(c3ccccc3Cl)c3cc(Cl)ccc3NC(=O)CN12;4500
1428;CC1OC1C;2150
1429;CC1OC1C1CCC2(C)OC2C1;5630
1430;CC1OCCO1;2900
1431;CC1OCN=C(c2ccccc2)S1;655
1432;CC1OP(=S)(Cl)OC2CCCCC12;120
1433;CC=C(C(=O)NC(N)=O)C(C)C;9000
1434;CC=C1C[C@@H]2C=C[C@H]1C2;2276
1435;CC=C1C[C@@H]2C[C@H]1[C@@H]1[C@H]2[C@H]2C=C[C@@H]1C2;666
1436;CC=CC#N;334
1437;CC=CC(=O)N(CC)c1ccccc1C;1500
1438;CC=CC(=O)O;1000
1439;CC=CC(=O)OC(=O)C=CC;2830
1440;CC=CC(=O)OCC;3000
1441;CC=CC(C)=O;3200
1442;CC=CC(C)OC;1210
1443;CC=CC(N)=O;2830
1444;CC=CC=CC#N;712
1445;CC=CC=CC=CC(C)=O;4300
1446;CC=CC=CCOC(=O)C(C)C;5001
1447;CC=CC=O;165
1448;CC=CCC#N;46.6
1449;CC=CCCCCCCCC(=O)OC;3000
1450;CC=CCO;793
1451;CC=C[C@@H](C)C1(CC)C(=O)NC(=O)NC1=O;20
1452;CC=Cc1ccc(O)c(OC)c1;1560
1453;CC=Cc1ccc(OC(C)=O)c(OC)c1;3450
1454;CC=Cc1ccc(OC)c(OC)c1;2500
1455;CC=Cc1ccc(OC)cc1;2090
1456;CC=Cc1ccc(OCC)c(O)c1;2400
1457;CC=Cc1ccc2c(c1)OCO2;1300
1458;CC=Cc1ccccc1;3600
1459;CC=N;1850
1460;CC=O;12257.5
1461;CCB(CC)CC;235
1462;CCBr;1350
1463;CCC#N;39
1464;CCC(=O)C(C)=O;3000
1465;CCC(=O)C(C[C@H](C)N(C)C)(c1ccccc1)c1ccccc1;86
1466;CCC(=O)C1(N2CCCCC2)CCN(CCCC(=O)c2ccc(F)cc2)CC1;780
1467;CCC(=O)CC;2140
1468;CCC(=O)C[C@H](C)CC;3500
1469;CCC(=O)N(c1ccccc1)C1CCN(CCc2ccccc2)CC1;18
1470;CCC(=O)Nc1ccc(Cl)c(Cl)c1;367
1471;CCC(=O)Nc1ccc2nc(C(F)(F)F)[nH]c2c1;8.919
1472;CCC(=O)Nc1cccc(OC(=O)NC)c1;1000
1473;CCC(=O)Nc1ncc(Cl)s1;316
1474;CCC(=O)O;2600
1475;CCC(=O)OC;5001
1476;CCC(=O)OC(=O)CC;2360
1477;CCC(=O)OC1=C(OC(=O)CC)C(=O)OC1=O;5001
1478;CCC(=O)OCC(=O)[C@@]1(OC(=O)CC)[C@@H](C)C[C@@H]2[C@@H]3[C@H]([C@@H](O)C[C@@]21C)[C@@]1(C)C=CC(=O)C=C1C[C@@H]3Cl;3593
1479;CCC(=O)OCC(COC(=O)CC)OC(=O)CC;6400
1480;CCC(=O)OCC=Cc1ccccc1;3400
1481;CCC(=O)OCCOc1ccccc1;4400
1482;CCC(=O)OCCc1ccccc1;4000
1483;CCC(=O)OCc1ccc(OC)cc1;3330
1484;CCC(=O)OCc1ccccc1;3300
1485;CCC(=O)O[C@@H]1CC(=O)O[C@H](C)C/C=C/C=C/[C@H](O)[C@H](C)C[C@H](CC=O)[C@H](O[C@@H]2O[C@H](C)[C@@H](O[C@H]3C[C@@](C)(O)[C@@H](OC(=O)CC)[C@H](C)O3)[C@H](N(C)C)[C@H]2O)[C@H]1OC;9600
1486;CCC(=O)O[C@H](C)c1ccccc1;5200
1487;CCC(=O)O[C@H]1CC[C@@H]2[C@H]3CCC4=CC(=O)CC[C@]4(C)[C@H]3CC[C@]12C;1000
1488;CCC(=O)O[C@H]1CC[C@H](N2CCCCC2)CC1;1980
1489;CCC(=O)O[C@](Cc1ccccc1)(c1ccccc1)[C@H](C)CN(C)C;135
1490;CCC(=O)O[C@]1(c2ccccc2)CCN(C)[C@@H]1C;253
1491;CCC(=O)c1c(O)cc(O)cc1O;2380
1492;CCC(=O)c1ccc(N)cc1;177
1493;CCC(=O)c1ccc(OC[C@@H](O)CO)c(OC)c1;1637
1494;CCC(=O)c1ccc2c(c1)N(CCCN(C)C)c1ccccc1S2;500
1495;CCC(=O)c1ccc2c(c1)N(CCCN1CCN(C)CC1)c1ccccc1S2;600
1496;CCC(=O)n1c(=O)n(C2CCN(CCC(C#N)(c3ccccc3)c3ccccc3)CC2)c2ccccc21;141
1497;CCC(Br)(CC)C(=O)NC(N)=O;316
1498;CCC(Br)(CC)C(=O)OCC(Br)(Br)Br;2500
1499;CCC(C(=O)N1CCC[C@@H]1C)(c1ccccc1)c1ccccc1;326
1500;CCC(C(=O)O)c1ccc(N2Cc3ccccc3C2=O)cc1;373
1501;CCC(C(O)c1ccc2[nH]c(=O)ccc2c1)N1CCN(c2cccc(Cl)c2)CC1;500
1502;CCC(C)(C)/N=C(\NC#N)Nc1cccnc1;14
1503;CCC(C)(C)C(=O)O[C@H]1C[C@@H](C)C=C2C=C[C@H](C)[C@H](CC[C@@H]3C[C@@H](O)CC(=O)O3)[C@H]21;4438
1504;CCC(C)(C)C1CCC(=O)CC1;4700
1505;CCC(C)(C)N/C(N)=N/C#N;300
1506;CCC(C)(C)O;1000
1507;CCC(C)(C)OC;1602
1508;CCC(C)(C)OC(=O)Nc1ccco1;190
1509;CCC(C)(C)OO;483
1510;CCC(C)(C)OOC(C)(C)CC;1700
1511;CCC(C)(C)[C@H]1CC[C@@H]([C@@H]2C(=O)C(=O)c3ccccc3C2=O)CC1;2001
1512;CCC(C)(C)c1cc(O)c(C(C)(C)CC)cc1O;2001
1513;CCC(C)(C)c1ccc(Cl)c(OC(=O)NC)c1;75
1514;CCC(C)(C)c1ccc(O)c(C(C)(C)CC)c1;330
1515;CCC(C)(C)c1ccc(O)cc1;1830
1516;CCC(C)(C)c1ccc(OCCCCN)c(C(C)(C)CC)c1;800
1517;CCC(C)(C)c1ccc2c(c1)C(=O)c1ccccc1C2=O;1600
1518;CCC(C)(CC)c1cc(N)on1;144
1519;CCC(C)(O)CC;710
1520;CCC(C)(O)Cc1ccccc1;4000
1521;CCC(C)=C1C(=O)N(c2ccccc2)N(c2ccccc2)C1=O;2020
1522;CCC(C)=CCCC(C)=CC#N;2600
1523;CCC(C)=CCCC(C)=O;3570
1524;CCC(C)=NO[Si](ON=C(C)CC)(ON=C(C)CC)ON=C(C)CC;2453
1525;CCC(C)=O;2737
1526;CCC(C)C(C)(COC(N)=O)COC(N)=O;1160
1527;CCC(C)C(CC)C(N)=O;760
1528;CCC(C)CO;4172
1529;CCC(C)NC1CCC(CC2CCC(NC(C)CC)CC2)CC1;266.5
1530;CCC(C)NCC(O)c1ccc(N)cc1;650
1531;CCC(C)NP1(=S)OCc2cc([N+](=O)[O-])ccc2O1;125
1532;CCC(C)Nc1c([N+](=O)[O-])cc(C(C)(C)C)cc1[N+](=O)[O-];1049
1533;CCC(C)Nc1ccc(NC(C)CC)cc1;148
1534;CCC(C)OC(CBr)c1cccc(Cl)c1;250
1535;CCC(C)OCCO;790
1536;CCC(C)c1cc([N+](=O)[O-])cc([N+](=O)[O-])c1OC(=O)C=C(C)C;58
1537;CCC(C)c1cc([N+](=O)[O-])cc([N+](=O)[O-])c1OC(C)=O;60
1538;CCC(C)c1ccc(OC(=O)NC)cc1;44
1539;CCC(C)c1ccc(Oc2ccc(C)cc2CC(=O)O)c(Cl)c1;1109
1540;CCC(C)c1ccc2ncccc2c1;1020
1541;CCC(C)c1ccccc1;2240
1542;CCC(C=O)CC;3980
1543;CCC(CC)(C(=O)O)c1cccc2ccccc12;1080
1544;CCC(CC)(CO)CO;850
1545;CCC(CC)C(=O)NC(=Cc1ccc(OC)cc1)C(=O)O;4000
1546;CCC(CC)C(=O)O;2200
1547;CCC(CC)C(=O)OCC(Br)(Br)Br;4000
1548;CCC(CC)C(=O)OCC(Cl)(Cl)Cl;900
1549;CCC(CC)C(=O)OCCOCCOCCOC(=O)C(CC)CC;6000
1550;CCC(CC)C(=O)O[C@@H](C)C(Cl)(Cl)Cl;2001
1551;CCC(CC)CN;310
1552;CCC(CC)CO;1850
1553;CCC(CC)COC(=O)CCCCC(=O)OCC(CC)CC;5620
1554;CCC(CC)COCCC#N;2460
1555;CCC(CC)COCCC(=O)O;3730
1556;CCC(CC)COCCO;1910
1557;CCC(CC)COCCOC(=O)CCC(=O)OCCOCC(CC)CC;3300
1558;CCC(CC)COCCOC(=O)CCCCC(=O)OCCOCC(CC)CC;3250
1559;CCC(CC)COCCOCCCN1C(=O)[C@@H]2[C@H](C1=O)[C@H]1C=C[C@@H]2C1;9500
1560;CCC(CC)Nc1c([N+](=O)[O-])cc(C)c(C)c1[N+](=O)[O-];1050
1561;CCC(CC)c1cccc(OC(=O)NC)c1;87
1562;CCC(CO)(CO)CO;14100
1563;CCC(COC[C@@H]1CO1)(COC[C@H]1CO1)COC[C@H]1CO1;3398
1564;CCC(Cl)(CC)C(=O)OCC(Cl)(Cl)Cl;2001
1565;CCC(Cl)(Cl)Cl;7460
1566;CCC(Cl)Cl;6500
1567;CCC(N)(CO)CO;5001
1568;CCC(O)(CC)c1[nH]ncc1Cl;236
1569;CCC(O)CC;1870
1570;CCC(OC(N)=O)c1ccccc1Cl;710
1571;CCC/C(=N\OCC)[C@H]1C(=O)C[C@@H](C[C@@H](C)SCC)CC1=O;2676
1572;CCC/C=C(/CC)C(=O)O;5660
1573;CCC/C=C(/CC)[N+](=O)[O-];620
1574;CCC/C=C/C(OC)OC;1700
1575;CCC/C=C/C(OCC)OCC;860
1576;CCC/C=C/C=O;780
1577;CCC/C=C/CO;3500
1578;CCC/N=C(/[C@@H](OC)c1ccccc1)N1CCCCCC1;55
1579;CCC/N=C(/[C@H](OCC)c1ccccc1)N1CCCCCC1;220
1580;CCC/N=C(\NCCC)[C@H](OCC)c1ccccc1;95
1581;CCC1(C)CC(=O)NC1=O;1820
1582;CCC1(C)Oc2cccc(OC(=O)NC)c2O1;25
1583;CCC1(CC)C(=O)C=CN(CN2CCNCC2)C1=O;1340
1584;CCC1(CC)C(=O)C=CN(CN2CCOCC2)C1=O;1950
1585;CCC1(CC)C(=O)CC=NC1=O;780
1586;CCC1(CC)C(=O)NC[C@@H](C)C1=O;860
1587;CCC1(CC)COC(=O)NC1=O;71
1588;CCC1(CC)Oc2cccc(OC(=O)N(C)C(C)=O)c2O1;375
1589;CCC1(CC)Oc2cccc(OC(=O)NC)c2O1;46
1590;CCC1(CCC(C)C)C(=O)NC(=O)NC1=O;250
1591;CCC1(CCl)COC1;570
1592;CCC1(CO)CCCN2CCc3c([nH]c4ccccc34)C21;1200
1593;CCC1(NC(N)=O)CCCC1;950
1594;CCC1([C@H](C)CC(C)C)C(=O)NC(=O)NC1=O;75
1595;CCC1(c2ccccc2)C(=O)NC(=O)NC1=O;162
1596;CCC1(c2ccccc2)C(=O)NCNC1=O;1500
1597;CCC12COCN1COC2;3674
1598;CCC12COP(OC1)OC2;8.39
1599;CCC1=CSC(S)N1;35
1600;CCC1C(=O)N(c2ccccc2)N(c2ccccc2)C1=O;750
1601;CCC1CCC(CC)O1;3400
1602;CCC1COC(Cn2cncn2)(c2ccc(Cl)cc2Cl)O1;1343
1603;CCC1NC(=O)c2cc(N)ccc2O1;1890
1604;CCC1OC(C)C(=NOC(=O)NC)S1;8
1605;CCC1OC(C)SC1=NOC(=O)NC;15
1606;CCC1OP(=S)(Cl)OC2CCCCC12;140
1607;CCC=C(C)C=O;4290
1608;CCC=C(C)CO;4920
1609;CCC=CC=CC=O;1150
1610;CCC=CCC=CCC=CCC=CCC=CCC=CCCC(=O)O;10000
1611;CCC=O;1410
1612;CCCC#N;50
1613;CCCC(=NOCC)[C@H]1C(=O)C[C@H]([C@@H]2CCCSC2)CC1=O;3940
1614;CCCC(=O)C1c2cccc(O)c2C(=O)c2c(O)cccc21;1579
1615;CCCC(=O)CCC;3730
1616;CCCC(=O)N(C)C(=O)O/N=C1/CSCCS1;2001
1617;CCCC(=O)N(C)C(=O)Oc1cc(C)cc(C(C)C)c1;1220
1618;CCCC(=O)N(CSP(=S)(OC)OC)c1ccccc1Cl;39
1619;CCCC(=O)N1CCN(CC=Cc2ccccc2)CC1;545
1620;CCCC(=O)N[P@@](=O)(OC)SC;125
1621;CCCC(=O)O;1632
1622;CCCC(=O)OC(=C(Cl)Cl)P(=O)(OC)OC;1095
1623;CCCC(=O)OC(=O)CCC;8790
1624;CCCC(=O)OC(OC(=O)CCC)OC(=O)CCC;3200
1625;CCCC(=O)OC/C=C(\C)CCC=C(C)C;10660
1626;CCCC(=O)OC1=C(OC(=O)CCC)C(=O)OC1=O;15000
1627;CCCC(=O)OC1CCC(N2CCCCC2)CC1;1910
1628;CCCC(=O)OCC;13000
1629;CCCC(=O)OCN(C)N=O;800
1630;CCCC(=O)OCc1ccccc1;2330
1631;CCCC(=O)O[C@@H](Cl)C(Cl)(Cl)Cl;1480
1632;CCCC(=O)O[C@H](C(Cl)(Cl)Cl)P(=O)(OC)OC;760
1633;CCCC(=O)O[C@]1(C(=O)COC(=O)CC)CC[C@@H]2[C@H]3CCC4=CC(=O)CC[C@]4(C)[C@H]3[C@@H](O)C[C@@]21C;5120
1634;CCCC(=O)Oc1ccc(OC)cc1;3400
1635;CCCC(=O)[C@H](CC)Cc1ccccc1;4400
1636;CCCC(=O)c1ccc(N)cc1;84
1637;CCCC(=O)c1ccc2c(c1)N(CCCN(C)C)c1ccccc1S2;300
1638;CCCC(=O)c1ccc2c(c1)N(CCCN1CCN(C)CC1)c1ccccc1S2;413
1639;CCCC(=O)c1ccc2c(c1)N(CCCN1CCOCC1)c1ccccc1S2;3500
1640;CCCC(C)(C)C(=O)Nc1ccc(Cl)cc1;2600
1641;CCCC(C)(COC(N)=O)COC(N)=O;794
1642;CCCC(C)=O;1600
1643;CCCC(C)C(c1ccc(O)cc1)C(C)C;1900
1644;CCCC(C)C1(CC)C(=O)N=C(O)NC1=O;118
1645;CCCC(C)CCOC(=O)c1ccccc1C(=O)OCCC(C)CCC;35500
1646;CCCC(CCC)C(=O)O;670
1647;CCCC(CCC)C(N)=O;890
1648;CCCC(CCC)[C@@H](C)NC(=O)CC;700
1649;CCCC(Cc1ccccc1)N1CCCC1;157
1650;CCCC(N)(CCC)CCC;135
1651;CCCC/C=C/CCCCCCO;11730
1652;CCCC/C=C/CCCCCCOC(C)=O;13430
1653;CCCC/C=C\C=O;1300
1654;CCCC/N=C(\NCCCC)[C@H](OCC)c1ccc(Cl)cc1;220
1655;CCCC1(CC(=O)O)OCCc2c1[nH]c1ccccc21;1420
1656;CCCC1(c2cccc(O)c2)CCN(C)CC1C;887
1657;CCCC1=NC(=S)NC(=O)C1;1250
1658;CCCC1=NN(c2ccccc2)C(=O)C1C=O;765
1659;CCCC1C(=O)N(c2ccccc2)N(c2ccccc2)C1=O;529
1660;CCCC1CC(C)(OC(C)=O)CCO1;4300
1661;CCCC1OCS/C1=N\OC(O)=NC;83
1662;CCCC1OP(=S)(Cl)OCC1CC;300
1663;CCCC=C(C=NCCCCCCCCCCCCCCCCCCCCC)CC;5320
1664;CCCC=C(C=O)CC;3000
1665;CCCC=C1OC(=O)c2ccccc21;1850
1666;CCCC=O;2490
1667;CCCCB(CCCC)CCCC;1125
1668;CCCCBr;2761
1669;CCCCC;400
1670;CCCCC#N;332
1671;CCCCC(=O)CC;2760
1672;CCCCC(=O)Cc1ccccc1;4400
1673;CCCCC(=O)O;1055
1674;CCCCC(=O)OC1CCC(N2CCCCC2)CC1;1510
1675;CCCCC(=O)OCC(=O)[C@H]1[C@H](C)C[C@H]2[C@@H]3C[C@H](F)C4=CC(=O)C=C[C@]4(C)[C@@]3(F)[C@@H](O)C[C@@]21C;3100
1676;CCCCC(=O)c1ccc(N)cc1;84
1677;CCCCC(C)(C)C(O)C=CC1C(C)CC(=O)C1CC=CCCCC(=O)O;22
1678;CCCCC(C)(C)C(O)C=CC1C(O)CC(=O)C1CCCCC=CC(=O)OC;56.5
1679;CCCCC(C)(C)CO;2200
1680;CCCCC(C)(C)O;820
1681;CCCCC(C)(C)O[Si](OC(C)(C)CCCC)(OC(C)(C)CCCC)OC(C)(C)CCCC;60300
1682;CCCCC(C)=O;2590
1683;CCCCC(C)C(O)C#CC1CCC(=O)C1CC=CCCCC(=O)OC;338
1684;CCCCC(C=O)CC;2600
1685;CCCCC(CC)(CO)CO;2800
1686;CCCCC(CC)(COC(N)=O)COC(N)=O;662
1687;CCCCC(CC)C(=O)OC1=C(c2c(C)cc(C)cc2C)C(=O)c2ccccc21;16
1688;CCCCC(CC)CN(CCO)CC(CC)CCCC;4920
1689;CCCCC(CC)CNC1CCCCC1;710
1690;CCCCC(CC)COC(=O)OOC(=O)OCC(CC)CCCC;1020
1691;CCCCC(CC)COC(=O)OOC(C)(C)C;5001
1692;CCCCC(CC)COC(CBr)c1cccc(C2CCCCC2)c1;250
1693;CCCCC(CC)COP(Oc1ccccc1)Oc1ccccc1;3840
1694;CCCCC(CC)COS(=O)(=O)O;4125
1695;CCCCC(CC)Cc1ccccc1O;2460
1696;CCCCC(Cc1cc(C(C)(C)C)c(O)c(C(C)(C)C)c1)(C(=O)OC1CC(C)(C)N(C)C(C)(C)C1)C(=O)OC1CC(C)(C)N(C)C(C)(C)C1;1490
1697;CCCCC(O)C(N)CC;550
1698;CCCCC(O)c1ccccc1;5432
1699;CCCCC/C(=C\c1ccccc1)CO;4000
1700;CCCCC1(CCc2ccccn2)C(=O)N(c2ccccc2)N(c2ccccc2)C1=O;4500
1701;CCCCC1(COC(=O)CCC(=O)O)C(=O)N(c2ccccc2)N(c2ccccc2)C1=O;1700
1702;CCCCC1C(=O)N(c2ccccc2)N(c2ccccc2)C1=O;245
1703;CCCCC=CC=CC=CCCCCCCCC(=O)OC;5001
1704;CCCCC=O;4581
1705;CCCCCC;25000
1706;CCCCCC#CC(=O)OC;1530
1707;CCCCCC(=O)NO;3200
1708;CCCCCC(=O)NP(=O)(OC)SC;25
1709;CCCCCC(=O)O;3000
1710;CCCCCC(=O)c1ccc(N)cc1;216
1711;CCCCCC(C)=O;1670
1712;CCCCCC(C)O;2580
1713;CCCCCC(C=O)=Cc1ccccc1;3730
1714;CCCCCC/C=C\[C@@H]1CC(=O)OC1=O;1098
1715;CCCCCC1=C(C)CCC1=O;2500
1716;CCCCCC1=CCCC1=O;2200
1717;CCCCCC=CC[C@H]1CC(=O)OC1=O;1098
1718;CCCCCC=O;4890
1719;CCCCCCC#CC(=O)OC;2220
1720;CCCCCCC#COC(=O)OCC;2850
1721;CCCCCCC(=O)NO;3200
1722;CCCCCCC(=O)O;7000
1723;CCCCCCC(=O)OCCN1CCN(CCCN2c3ccccc3Sc3ccc(C(F)(F)F)cc32)CC1;230
1724;CCCCCCC(=O)OCCOCCOCCOCCOC(=O)CCCCCC;25000
1725;CCCCCCC(C)(C)S;5550
1726;CCCCCCC(C)=CC#N;1720
1727;CCCCCCC(C)=O;9
1728;CCCCCCC(C=O)=Cc1ccccc1;3100
1729;CCCCCCC1=CC(=O)C[C@H](c2ccc3c(c2)OCO3)C1;5200
1730;CCCCCCC=CC=O;5001
1731;CCCCCCC=NO;1045
1732;CCCCCCC=O;3200
1733;CCCCCCCC(=O)N(C)C;2001
1734;CCCCCCCC(=O)NO;10700
1735;CCCCCCCC(=O)O;1283
1736;CCCCCCCC(=O)OC;10080
1737;CCCCCCCC(=O)OCC;25960
1738;CCCCCCCC(=O)OCC(COC(=O)CCCCCCC)OC(=O)CCCCCCC;33300
1739;CCCCCCCC(=O)Oc1c(Br)cc(C#N)cc1Br;238
1740;CCCCCCCC(=O)Oc1c(I)cc(C#N)cc1I;190
1741;CCCCCCCC(=O)Oc1ccc(C)cc1;1600
1742;CCCCCCCC(C)=O;3200
1743;CCCCCCCC/C=C/CCCCCCCCOCCO;2700
1744;CCCCCCCC/C=C\CCCCCCCC(=O)O;25000
1745;CCCCCCCC/C=C\CCCCCCCCNCCCN;500
1746;CCCCCCCC=CC=O;5001
1747;CCCCCCCC=O;5630
1748;CCCCCCCCC(CC=CCl)CCCN;1320
1749;CCCCCCCCC(CCCCCC)COc1ccccc1C(N)=O;5001
1750;CCCCCCCCC=CCCCCCCCC(=O)OCC1CO1;3520
1751;CCCCCCCCC=CCCCCCCCC(=O)OCCOC;11210
1752;CCCCCCCCC=CCCCCCCCC1=NCCN1CCO;1000
1753;CCCCCCCCC=CCCCCCCCCN(CCO)CCO;1260
1754;CCCCCCCCCC(=O)NP(=O)(OC)SC;125
1755;CCCCCCCCCC(=O)O;3320
1756;CCCCCCCCCC(=O)OC1(c2ccc(Cl)cc2)CCN(CCCC(=O)c2ccc(F)cc2)CC1;1717
1757;CCCCCCCCCC(=O)OCCN1CCN(CCCN2c3ccccc3Sc3ccc(C(F)(F)F)cc32)CC1;19
1758;CCCCCCCCCC=CC(=O)OC(=O)C=CCCCCCCCCC;3800
1759;CCCCCCCCCC=CC[C@@H]1CC(=O)OC1=O;2001
1760;CCCCCCCCCC=O;3730
1761;CCCCCCCCCCCC(=O)N(CCO)CCO;2700
1762;CCCCCCCCCCCC(=O)N[P@](=O)(OC)SC;100
1763;CCCCCCCCCCCC(=O)O;12000
1764;CCCCCCCCCCCC(=O)OC1=C(c2c(C)cc(C)cc2C)C(=O)c2ccccc21;9500
1765;CCCCCCCCCCCC(=O)OCC(O)CO;52866.0000000001
1766;CCCCCCCCCCCC(=O)OCCSC#N;500
1767;CCCCCCCCCCCC(=O)OC[C@@H](O)[C@H]1OC[C@H](O)[C@H]1O;33600
1768;CCCCCCCCCCCC=O;23000
1769;CCCCCCCCCCCCCC(=O)N[P@@](=O)(OC)SC;100
1770;CCCCCCCCCCCCCCCC(=O)N[C@@H](CCC(=O)O)C(=O)O;2001
1771;CCCCCCCCCCCCCCCC(=O)OC/C=C(C)/C=C/C=C(C)/C=C/C1=C(C)CCCC1(C)C;7910
1772;CCCCCCCCCCCCCCCC(=O)OCC(=O)[C@@]1(O)[C@H](C)C[C@H]2[C@@H]3CCC4=CC(=O)C=C[C@]4(C)[C@@]3(F)[C@@H](O)C[C@@]21C;315
1773;CCCCCCCCCCCCCCCCCC(=O)Cl;7500
1774;CCCCCCCCCCCCCCCCCC(=O)N[C@H](CCC(=O)O)C(=O)O;3000
1775;CCCCCCCCCCCCCCCCCC(=O)O;4600
1776;CCCCCCCCCCCCCCCCCC(=O)OCCCC;32000
1777;CCCCCCCCCCCCCCCCCC(=O)OC[C@@H](O)[C@@H]1OC[C@H](O)[C@H]1O;31000
1778;CCCCCCCCCCCCCCCCCC1=NCCN1;3170
1779;CCCCCCCCCCCCCCCCCC1=NCCN1CCO;3800
1780;CCCCCCCCCCCCCCCCCC1=N[C@@H](C)CC(C)(C)N1;493
1781;CCCCCCCCCCCCCCCCCCCCCCO;10000
1782;CCCCCCCCCCCCCCCCCCN;1000
1783;CCCCCCCCCCCCCCCCCCN(C)C;2116
1784;CCCCCCCCCCCCCCCCCCNC(C)C;1270
1785;CCCCCCCCCCCCCCCCCCO;20000
1786;CCCCCCCCCCCCCCCCCCOC(=O)Cc1ccc(N(CCCl)CCCl)cc1;200
1787;CCCCCCCCCCCCCCCCCCOCCO;1900
1788;CCCCCCCCCCCCCCCCCCO[P@](=O)([O-])OCC[N+]1(C)CCCCC1;631
1789;CCCCCCCCCCCCCCCCCCP(=O)(OC)OC;15400
1790;CCCCCCCCCCCCCCCCCOCC;1260
1791;CCCCCCCCCCCCCCCCO;5001
1792;CCCCCCCCCCCCCCCCOC(=O)C1CC1;12200
1793;CCCCCCCCCCCCCCCCOC(=O)Cc1ccc(N(CCCl)CCCl)cc1;100
1794;CCCCCCCCCCCCCCCCOCCOCCOCCOCCOCCOCCOCCOCCOCCOCCOCCOCCOCCOCCOCCOCCOCCOCCOCCOCCO;2500
1795;CCCCCCCCCCCCCCCCO[P@@](=O)([O-])OCC[N+](C)(C)C;246
1796;CCCCCCCCCCCCCCCCSC[C@@H](COC)CO[P@](=O)([O-])OCC[N+](C)(C)C;253
1797;CCCCCCCCCCCCCCCC[N+](C)(C)C;410
1798;CCCCCCCCCCCCCCCC[N+](C)(C)CC(=O)[O-];1620
1799;CCCCCCCCCCCCCCCN;660
1800;CCCCCCCCCCCCCCN(C)C;1320
1801;CCCCCCCCCCCCCCO;5001
1802;CCCCCCCCCCCCCCOC(=O)Cc1ccc(N(CCCl)CCCl)cc1;46
1803;CCCCCCCCCCCCCCOCCOCCOCCOCCOCCOCCOCCO;2600
1804;CCCCCCCCCCCCCCSC#N;15000
1805;CCCCCCCCCCCCCO;17200
1806;CCCCCCCCCCCCCOCCOCCOCCOCCOCCOCCO;1400
1807;CCCCCCCCCCCCN;1020
1808;CCCCCCCCCCCCN(C)C;740
1809;CCCCCCCCCCCCN(CCCN)CCCN;252.3
1810;CCCCCCCCCCCCN1C[C@H](C)O[C@@H](C)C1;3500
1811;CCCCCCCCCCCCNC(N)=S;1000
1812;CCCCCCCCCCCCNC[C@H](C)N;280
1813;CCCCCCCCCCCCO;12800
1814;CCCCCCCCCCCCOC(=O)Cc1ccc(N(CCCl)CCCl)cc1;72
1815;CCCCCCCCCCCCOC(=O)c1cc(O)c(O)c(O)c1;5001
1816;CCCCCCCCCCCCOC(=O)c1ccccc1;34500
1817;CCCCCCCCCCCCOC(CBr)c1ccc(C(C)C)cc1;250
1818;CCCCCCCCCCCCOCCOS(=O)(=O)O;1600
1819;CCCCCCCCCCCCOS(=O)(=O)O;1300
1820;CCCCCCCCCCCCSC#N;1250
1821;CCCCCCCCCCCC[C@H](Br)C(=O)O;800
1822;CCCCCCCCCCCC[N+](C)(C)CC(=O)[O-];71
1823;CCCCCCCCCCCC[N+](C)(C)[O-];1064
1824;CCCCCCCCCCCO;3000
1825;CCCCCCCCCCCOC(=O)Cc1ccc(N(CCCl)CCCl)cc1;50
1826;CCCCCCCCCCF;5
1827;CCCCCCCCCCNCCCCCCCC;2395
1828;CCCCCCCCCCO;4720
1829;CCCCCCCCCCOC(=O)Cc1ccc(N(CCCl)CCCl)cc1;150
1830;CCCCCCCCCCOC(=O)c1ccccc1C(=O)OCCCCCCCC;45000
1831;CCCCCCCCCCOc1c(OC)cc(C(N)=O)cc1OC;1650
1832;CCCCCCCCCCc1ccccc1S(=O)(=O)O;2320
1833;CCCCCCCCCN(CCCCCCCCC)CCCCCCCCC;5600
1834;CCCCCCCCCO;3200
1835;CCCCCCCCCOC(=O)C1=CNC=C(C(=O)NC2CCCC2)C1c1ccccc1[N+](=O)[O-];10
1836;CCCCCCCCCOC(=O)c1ccccc1C(=O)OCCCCCCCCC;2001
1837;CCCCCCCCCc1cc(C)cc(Cc2cc(C)cc(CCCCCCCCC)c2O)c1O;33000
1838;CCCCCCCCCc1ccc(C)cc1O;4000
1839;CCCCCCCCCc1ccc(O)cc1;1620
1840;CCCCCCCCCc1ccc(OCCOCCO)cc1;1310
1841;CCCCCCCCCc1ccc(OP(Oc2ccc(CCCCCCCCC)cc2)Oc2ccc(CCCCCCCCC)cc2)cc1;10000
1842;CCCCCCCCCc1cccc(OCCOCC(=O)O)c1;880
1843;CCCCCCCCN;315
1844;CCCCCCCCN(C)C;162
1845;CCCCCCCCN1CCCC1=O;2050
1846;CCCCCCCCN[C@@H](C)[C@@H](O)c1ccc(SC(C)C)cc1;1740
1847;CCCCCCCCOC(=O)/C=C\C(=O)OCCCCCCCC;14200
1848;CCCCCCCCOC(=O)C1=C(C)N=C(C)[C@H](C(=O)NC2CC2)[C@@H]1c1ccccc1[N+](=O)[O-];50
1849;CCCCCCCCOC(=O)CCCCC(=O)OCCCCCCCC;9110
1850;CCCCCCCCOC(=O)Oc1ccc([N+](=O)[O-])cc1[N+](=O)[O-];196
1851;CCCCCCCCOC(=O)c1cc(O)c(O)c(O)c1;1960
1852;CCCCCCCCOC(=O)c1ccccc1C(=O)OCCCCCCCC;47000
1853;CCCCCCCCOC(C)=O;3000
1854;CCCCCCCCOP(OC[C@H](CC)CCCC)Oc1ccccc1;7000
1855;CCCCCCCCO[C@@H](CBr)c1ccc(C2CCCCC2)cc1;250
1856;CCCCCCCCO[C@H](CBr)c1ccc(C(C)(C)C)cc1;250
1857;CCCCCCCCO[C@H](CBr)c1ccc(C2CCCC2)cc1;250
1858;CCCCCCCCO[P@](=O)(O)OCCC(Cl)Cl;10300
1859;CCCCCCCCP(=O)(CCCCCCCC)CCC(C)C;8369
1860;CCCCCCCCP(=O)(O)O;1890
1861;CCCCCCCCS;2001
1862;CCCCCCCCS(=O)CCCCl;5660
1863;CCCCCCCCSC(=O)Oc1cc(Cl)nnc1-c1ccccc1;1970
1864;CCCCCCCCSCCO;8530
1865;CCCCCCCC[C@H]1O[C@H]1CCCCCCCC(=O)OC[C@]1(CC)O[C@H]1CCC;45000
1866;CCCCCCCC[S@@](=O)[C@H](C)Cc1ccc2c(c1)OCO2;2001
1867;CCCCCCCC[Si](OCC)(OCC)OCC;11500
1868;CCCCCCCCc1ccc(-c2ccc(C#N)cc2)cc1;2200
1869;CCCCCCCCc1ccc(-c2ccccc2)cc1;2400
1870;CCCCCCCCc1ccc(C)cc1O;4000
1871;CCCCCCCCc1ccc([C@H](CBr)OCCCC)cc1;250
1872;CCCCCCCCc1ccccc1O;2800
1873;CCCCCCCCn1sccc1=O;550
1874;CCCCCCCNC(=O)Oc1ccc2c(c1)[C@@]1(C)CCN(C)[C@H]1N2C;25.1
1875;CCCCCCCO;500
1876;CCCCCCCOCCO;2280
1877;CCCCCCCOCCOCCO;2940
1878;CCCCCCCSC;83.5
1879;CCCCCCC[C@H]1CCC(=O)O1;18500
1880;CCCCCCCc1cc(C)c(O)c(C)c1;1600
1881;CCCCCCCc1ccc(C)cc1O;3320
1882;CCCCCCCc1ccc(O)cc1O;1300
1883;CCCCCCCc1ccccc1O;2750
1884;CCCCCCCl;7000
1885;CCCCCCN;670
1886;CCCCCCNC(=O)n1cc(F)c(=O)[nH]c1=O;268
1887;CCCCCCNCCCCCC;380
1888;CCCCCCO;3210
1889;CCCCCCOC(=O)CC#N;6440
1890;CCCCCCOC(=O)Oc1ccccc1C(=O)O;3447
1891;CCCCCCOC(=O)[C@@H](O)c1ccccc1;17000
1892;CCCCCCOC(=O)c1ccccc1;12300
1893;CCCCCCOC(=O)c1ccccc1C(=O)OCCCCCC;29600
1894;CCCCCCOC(C)=O;42000
1895;CCCCCCOCCCCCC;30900
1896;CCCCCCOCCO;830
1897;CCCCCCOCCOC(=O)CCC(=O)OCCOCCCCCC;4280
1898;CCCCCCOCCOC(=O)CCCCC(=O)OCCOCCCCCC;4290
1899;CCCCCCOCCOCCO;2400
1900;CCCCCCOCCOCCOCC;4920
1901;CCCCCCOC[C@H](O)CO;2500
1902;CCCCCCO[C@@H](CBr)c1ccc(C2CCCCC2)cc1;250
1903;CCCCCCOc1ccc(NNC=O)cc1;717
1904;CCCCCCS;1254
1905;CCCCCC[C@@H](C)I;8200
1906;CCCCCC[C@@H](C)OC(=O)COc1nc(F)c(Cl)c(N)c1Cl;5001
1907;CCCCCC[C@@H](CO)CCCC;13000
1908;CCCCCC[C@@H]1C(=O)O[C@H](C)[C@H](NC(=O)c2cccc(NC=O)c2O)C(=O)O[C@@H](C)[C@H]1OC(=O)CC(C)C;1469
1909;CCCCCC[C@H](C)P(=O)([C@@H](C)CCCCCC)[C@@H](C)CCCCCC;7270
1910;CCCCCCc1ccc(C)cc1O;2300
1911;CCCCCCc1ccc(O)cc1O;550
1912;CCCCCCc1ccc([C@@H](CBr)OC[C@@H](CC)CCCC)cc1;250
1913;CCCCCCc1ccccc1O;1300
1914;CCCCCN(C)N=O;120
1915;CCCCCN(CCCCC)N=O;1750
1916;CCCCCN(N=O)C(N)=O;560
1917;CCCCCNCCCCC;270
1918;CCCCCO;2200
1919;CCCCCOC(=O)CCC;12210
1920;CCCCCOC(C)=O;6500
1921;CCCCCOC(CBr)c1ccc(C2CCCCC2)cc1;250
1922;CCCCCOP(=O)(OCCCCC)OCCCCC;23400
1923;CCCCCO[C@H](CBr)c1ccc(C(C)C)cc1;250
1924;CCCCCO[C@H](CBr)c1ccc(C2CCCC2)cc1;250
1925;CCCCCOc1c(Br)cc(Br)cc1COCCN(CC)CC;350
1926;CCCCCOc1ccc(Br)cc1COCCN(CC)CC;320
1927;CCCCCOc1ccc(Br)cc1COCCN1CCOCC1;1200
1928;CCCCCOc1ccc([C@@H]2SC(=O)NC2=O)cc1OCC;4330
1929;CCCCCOc1cccc(NC(=O)O[C@@H]2CCCC[C@@H]2N2CCCC2)c1;1030
1930;CCCCC[C@@H](O)/C=C/[C@H]1[C@@H](O)CC(=O)[C@@H]1C/C=C\CCCC(=O)O;500
1931;CCCCC[C@@H](O)/C=C\[C@H]1[C@@H](O)CC(=O)[C@@H]1CCCCCCC(=O)O;228
1932;CCCCC[C@@H]1CCC(=O)O1;6600
1933;CCCCC[C@@](C)(O)CC;3400
1934;CCCCC[C@H](/C=C/n1ccnc1)OCc1ccccc1;2550
1935;CCCCC[C@H](C)OC(=O)COc1ccc(Cl)c2cccnc12;1098
1936;CCCCC[C@H](O)/C=C/[C@@H]1[C@@H](C/C=C\CCCC(=O)O)[C@@H](O)C[C@H]1O;1170
1937;CCCCC[Si](OCC)(OCC)OCC;20000
1938;CCCCCc1cc(O)c2c(c1)OC(C)(C)[C@@H]1CCC(C)=C[C@@H]21;666
1939;CCCCCc1cc(O)c2c(c1)OC(C)(C)[C@H]1CC=C(C)C[C@@H]21;860
1940;CCCCCc1ccc(C)cc1O;1500
1941;CCCCCc1ccccc1O;700
1942;CCCCCl;2670
1943;CCCCN;366
1944;CCCCN(C)C;184
1945;CCCCN(C)C(=O)Nc1ccc(Cl)c(Cl)c1;1100
1946;CCCCN(C)N=O;130
1947;CCCCN(C=O)CCCC;620
1948;CCCCN(CC)C(=O)SCCC;921
1949;CCCCN(CC)N=O;380
1950;CCCCN(CC)c1c([N+](=O)[O-])cc(C(F)(F)F)cc1[N+](=O)[O-];10000
1951;CCCCN(CCCC)C(=O)CF;37
1952;CCCCN(CCCC)C(=O)N(CCCC)CCCC;16742
1953;CCCCN(CCCC)C(=O)SCc1ccccc1;5600
1954;CCCCN(CCCC)CCCC;114
1955;CCCCN(CCCC)CCCN;820
1956;CCCCN(CCCC)CCOc1ccnc(N)n1;1000
1957;CCCCN(CCCC)C[C@H](C)O;1990
1958;CCCCN(CCCC)N=O;1200
1959;CCCCN(CCCC)S(=O)(=O)c1ccc(Cl)cc1;500
1960;CCCCN(CCCC)SN(C)C(=O)O/N=C/C(C)(C)SC;12.5
1961;CCCCN(CCCC)SN(C)C(=O)Oc1cccc2c1OC(C)(C)C2;51
1962;CCCCN(CCCCO)N=O;1800
1963;CCCCN(CCN(CCCC)C(=O)N1CCOCC1)C(=O)N1CCOCC1;270
1964;CCCCN(CCO)CCCC;1070
1965;CCCCN(CCO)CCO;4250
1966;CCCCN(COC(C)=O)N=O;1500
1967;CCCCN(N=O)C(=O)OCC;900
1968;CCCCN(N=O)C(N)=O;400
1969;CCCCN(N=O)c1ccc(N(CCCC)N=O)cc1;2600
1970;CCCCN1C(=O)c2ccc([N+](=O)[O-])cc2C1=O;1340
1971;CCCCN1C(=O)c2cccc([N+](=O)[O-])c2C1=O;2030
1972;CCCCN1CC(C)CN=C1C(OCC)c1ccccc1;875
1973;CCCCN1CCCC1=Nc1ccc(Cl)c(Cl)c1;3050
1974;CCCCN1CCCN=C1[C@H](OCC)c1ccccc1;220
1975;CCCCN1CCC[C@H]1C(=O)Nc1c(C)cc(C)cc1C;13958
1976;CCCCN1CCOCC1;338
1977;CCCCN=C=O;360
1978;CCCCNC;420
1979;CCCCNC(=O)NS(=O)(=O)c1ccc(C)cc1;2490
1980;CCCCNC(=O)NS(=O)(=O)c1ccc(N)cc1;4400
1981;CCCCNC(=O)OCC#CI;1100
1982;CCCCNC(=O)OC[C@@H](O)[C@@H]1COc2ccccc2O1;1500
1983;CCCCNC(=O)OC[C@](C)(CCC)COC(N)=O;1040
1984;CCCCNC(=O)c1ccccc1;5140
1985;CCCCNC(=O)n1c(NC(=O)OC)nc2ccccc21;10000
1986;CCCCNC(=S)N(CCCC)CCCC;3000
1987;CCCCNC(=S)NCCCC;350
1988;CCCCNC(=S)Nc1ccccc1;150
1989;CCCCNC(N)=O;1255
1990;CCCCNC1(P(=O)(OCCCC)OCCCC)CCCCC1;3000
1991;CCCCNC1CCCCC1;330
1992;CCCCNCC;310
1993;CCCCNCC(O)COc1ccc(-c2c(-c3ccccc3)c(=O)oc3cc(OC)ccc23)cc1;500
1994;CCCCNCCCC;189
1995;CCCCNCCCCCCN;536
1996;CCCCNCCC[Si](OC)(OC)OC;12825
1997;CCCCNCCO;1150
1998;CCCCNC[C@@H]1COc2cccc(OCC)c2O1;348
1999;CCCCNP(=S)(OCC)Sc1ccccc1;300
2000;CCCCNP(N)(N)=S;2603
2001;CCCCNS(=O)(=O)c1ccccc1;2050
2002;CCCCN[C@@H](C)c1ccccc1;360
2003;CCCCNc1ccccc1;1620
2004;CCCCO;790
2005;CCCCOC(=O)/C=C\C(=O)OCCCC;6115
2006;CCCCOC(=O)C(Cl)(Cl)C(Cl)=C(Cl)Cl;2090
2007;CCCCOC(=O)C(Cl)(Cl)Oc1ccccc1;1500
2008;CCCCOC(=O)C1=CC(=O)CC(C)(C)O1;7400
2009;CCCCOC(=O)C1CC1OCCCC;24
2010;CCCCOC(=O)CC;5001
2011;CCCCOC(=O)CC#N;4180
2012;CCCCOC(=O)CC(C(=O)OCCCC)P(=O)(OCCCC)OCCCC;25000
2013;CCCCOC(=O)CC(C)=O;11260
2014;CCCCOC(=O)CC(CC(=O)OCCCC)(OC(C)=O)C(=O)OCCCC;31400
2015;CCCCOC(=O)CCC(=O)OCCCC;8000
2016;CCCCOC(=O)CCCCC(=O)OCCCC;12900
2017;CCCCOC(=O)CCCCCCCCC(=O)OCCCC;14870
2018;CCCCOC(=O)CCCOc1ccc(Cl)cc1Cl;300
2019;CCCCOC(=O)CO;4240
2020;CCCCOC(=O)COC(=O)c1ccccc1C(=O)OCCCC;7000
2021;CCCCOC(=O)COc1cc(Cl)c(Cl)cc1Cl;481
2022;CCCCOC(=O)COc1ccc(Cl)cc1C;914
2023;CCCCOC(=O)COc1ccc(Cl)cc1Cl;600
2024;CCCCOC(=O)C[C@@H](SP(=O)(OC)OC)C(=O)OCCCC;515
2025;CCCCOC(=O)Cc1ccc(N(CCCl)CCCl)cc1;20
2026;CCCCOC(=O)N(C)SN(C)C(=O)Oc1cccc2c1OC(C)(C)C2;53
2027;CCCCOC(=O)[C@@H](C)Oc1ccc(Oc2ccc(C(F)(F)F)cn2)cc1;2811
2028;CCCCOC(=O)[C@H]1CC[C@H](C(=O)OCCCC)C1;6500
2029;CCCCOC(=O)c1ccc(-n2nc(OCCN3CCCCC3)c3ccccc32)cc1;2001
2030;CCCCOC(=O)c1ccc(-n2nc(OCc3ccccc3)c3ccccc32)cc1;2001
2031;CCCCOC(=O)c1ccccc1;735
2032;CCCCOC(=O)c1ccccc1C(=O)OCCCC;6300
2033;CCCCOC(=O)c1ccccc1C(=O)OCCOCCOC(=O)c1ccccc1C(=O)OCCCC;11000
2034;CCCCOC(=O)c1ccccc1C(=O)OCc1ccccc1;2330
2035;CCCCOC(=O)c1ccccc1Nc1cccc(C(F)(F)F)c1;510
2036;CCCCOC(=O)c1ccccc1O;1700
2037;CCCCOC(=O)n1c(Br)nc(Br)c1Br;44
2038;CCCCOC(=S)SC(=S)OCCCC;1400
2039;CCCCOC(C)=O;10718
2040;CCCCOC(C)OCCCC;8790
2041;CCCCOC(CBr)c1ccc(C2CCCC2)cc1;250
2042;CCCCOC(O)CC;1900
2043;CCCCOC(OCCCC)C(OCCCC)OCCCC;8900
2044;CCCCOCC;1870
2045;CCCCOCC(C)OCC(C)OCC(C)O;1840
2046;CCCCOCCC#N;7460
2047;CCCCOCCC(=O)O;5190
2048;CCCCOCCCC;7400
2049;CCCCOCCCOC(=O)CCOc1cc(Cl)c(Cl)cc1Cl;500
2050;CCCCOCCCOC(=O)COc1ccc(Cl)cc1Cl;500
2051;CCCCOCCO;470
2052;CCCCOCCOC(=O)CCCCC(=O)OCCOCCCC;1098
2053;CCCCOCCOC(=O)COc1cc(Cl)c(Cl)cc1Cl;500
2054;CCCCOCCOC(=O)COc1ccc(Cl)cc1Cl;831
2055;CCCCOCCOC(=O)c1ccccc1C(=O)OCCOCCCC;8380
2056;CCCCOCCOC(C)=O;1880
2057;CCCCOCCOCC;2830
2058;CCCCOCCOCCCC;3250
2059;CCCCOCCOCCCO;5160
2060;CCCCOCCOCCO;5080
2061;CCCCOCCOCCOC(=O)CCCCC(=O)OCCOCCOCCCC;6000
2062;CCCCOCCOCCOC(=O)c1ccccc1C(=O)OCCOCCOCCCC;9700
2063;CCCCOCCOCCOC(C)=O;6500
2064;CCCCOCCOCCOC(OCCOCCOCCCC)c1ccc2c(c1)OCO2;2939
2065;CCCCOCCOCCOCCCC;3900
2066;CCCCOCCOCCOCCO;5300
2067;CCCCOCCOCCOCCOCCOCCCC;6500
2068;CCCCOCCOCCOCOCCOCCOCCCC;1746
2069;CCCCOCCOCCOCc1cc2c(cc1CCC)OCO2;4570
2070;CCCCOCCOCCSC#N;90
2071;CCCCOCCOP(=O)(OCCOCCCC)OCCOCCCC;2001
2072;CCCCOCN(C(=O)CCl)c1c(CC)cccc1CC;1740
2073;CCCCOC[C@@H](C)O;2500
2074;CCCCOC[C@@H](O)COc1ccccc1;2370
2075;CCCCOC[C@@H]1CO1;1660
2076;CCCCOC[C@H](C)OC[C@@H](C)O;2610
2077;CCCCON=O;83
2078;CCCCOP(=O)(CC)SC;3.4
2079;CCCCOP(=O)(O)OCCCC;3200
2080;CCCCOP(=O)(OCCCC)OCCCC;1395
2081;CCCCOP(=O)(OCCCC)Oc1ccc2c(C)c(Cl)c(=O)oc2c1;63
2082;CCCCOP(=O)(OCCCC)Oc1ccccc1;2140
2083;CCCCOP(=O)(OCCO)OCCCC;915
2084;CCCCOP(OCCCC)OCCCC;3000
2085;CCCCO[C@@H](C)COC(=O)COc1cc(Cl)c(Cl)cc1Cl;500
2086;CCCCO[C@@H](CC)O[C@H](C)CO[C@H](O)CC;2600
2087;CCCCO[C@H](C1=NCCCN1)c1ccccc1;310
2088;CCCCO[C@H](CBr)c1ccccc1;250
2089;CCCCO[C@H](NC(=O)c1ccccc1O)C(Cl)(Cl)Cl;7590
2090;CCCCO[P@](=O)(CC)SCCCC;6.1
2091;CCCCO[P@](C)(=O)CC[C@@H](C#N)OC(C)=O;253
2092;CCCCO[PH](=O)OCCCC;3200
2093;CCCCO[Si](OCCCC)(OCCCC)N(C)C1CCCCC1;3550
2094;CCCCOc1c(Cl)c(Cl)c(Cl)c(Cl)c1Cl;600
2095;CCCCOc1ccc(CC(=O)NO)cc1;3370
2096;CCCCOc1ccc([C@@H](CN(C)C)[C@H](C)CC)cc1Cl;1050
2097;CCCCOc1ccccc1NC(C)=O;2900
2098;CCCCP(CCCC)CCCC;750
2099;CCCCS;1500
2100;CCCCS(=O)(=O)NC1CCCCC1;2816
2101;CCCCS/C(=N\c1cccnc1)SCc1ccc(C(C)(C)C)cc1;2700
2102;CCCCSC(=O)Oc1c([C@H](C)CC)cc([N+](=O)[O-])cc1[N+](=O)[O-];147
2103;CCCCSCCCC;2220
2104;CCCCSN(C)C(=O)Oc1cccc2c1OC(C)(C)C2;60
2105;CCCCSP(=O)(N(C)C)N(C)C;208
2106;CCCCSP(=O)(SCCCC)SCCCC;150
2107;CCCCSP(SCCCC)SCCCC;910
2108;CCCCSS[C@@H](Cl)C(Cl)Cl;500
2109;CCCCSc1ccc([C@@H](SCCN(C)C)c2ccccc2)cc1;3800
2110;CCCCSc1nc2ccccc2s1;1270
2111;CCCC[C@@H](C)C[C@H](O)/C=C/[C@H]1[C@@H](O)CC(=O)[C@@H]1CC(=O)CCCCC(=O)OC;44
2112;CCCC[C@@H](C)[C@@H](C)[C@@H](C)C(C)=O;8470
2113;CCCC[C@@H](C=CC(C)=O)CC;8120
2114;CCCC[C@@H](CC)C(=O)OCCOCCOCCOCCOC(=O)[C@H](CC)CCCC;18000
2115;CCCC[C@@H](CC)CCl;7340
2116;CCCC[C@@H](CC)CN(C)C[C@@](C)(N)CNC[C@@H](CC)CCCC;1000
2117;CCCC[C@@H](CC)CNC(=O)C[C@H](C)OC(=O)CCC(=O)O;12100
2118;CCCC[C@@H](CC)CNC[C@@H](CC)CCCC;1640
2119;CCCC[C@@H](CC)CNc1ccccc1;2410
2120;CCCC[C@@H](CC)CO;2047
2121;CCCC[C@@H](CC)COC(=O)CCCCCCCCCCC(=O)OC[C@@H](CC)CCCC;21500
2122;CCCC[C@@H](CC)COC(=O)COc1cc(Cl)c(Cl)cc1Cl;500
2123;CCCC[C@@H](CC)COC(=O)COc1ccc(Cl)cc1Cl;864
2124;CCCC[C@@H](CC)COC(=O)CS;303
2125;CCCC[C@@H](CC)COC(=O)Cl;5420
2126;CCCC[C@@H](CC)COC(=O)OOC(C)(C)CC;5001
2127;CCCC[C@@H](CC)COC(=O)[C@@H](CC)CCCC;27000
2128;CCCC[C@@H](CC)COC(=O)c1ccccc1;2500
2129;CCCC[C@@H](CC)COC(=O)c1ccccc1C(=O)OC[C@H](CC)CCCC;30000
2130;CCCC[C@@H](CC)COC(C)=O;3000
2131;CCCC[C@@H](CC)COC(N)=O;3153
2132;CCCC[C@@H](CC)COCCCN;320
2133;CCCC[C@@H](CC)COC[C@@H](CC)CCCC;34000
2134;CCCC[C@@H](CC)COP(=O)(O)O;3450
2135;CCCC[C@@H](CC)COP(=O)(OC[C@H](CC)CCCC)OC[C@@H](CC)CCCC;37000
2136;CCCC[C@@H](CC)COP(OC[C@H](CC)CCCC)OC[C@@H](CC)CCCC;6200
2137;CCCC[C@@H](CC)CO[C@H](CBr)c1ccc(C2CCCC2)cc1;250
2138;CCCC[C@@H](CC)CO[C@H](CBr)c1ccc(Cl)c(Cl)c1;250
2139;CCCC[C@@H](CC)CO[P@@H](=O)OC[C@@H](CC)CCCC;11900
2140;CCCC[C@@H](CC)CO[P@@](=O)(O)OC[C@@H](CC)CCCC;4940
2141;CCCC[C@@H](CC)OCCO;2280
2142;CCCC[C@@H](CC)OCCOCCO;2940
2143;CCCC[C@@H](O)CC;1870
2144;CCCC[C@@H]1C(=O)NC(=O)N(C2CCCCC2)C1=O;1115
2145;CCCC[C@@H]1C(=O)NN(c2ccccc2)C1=O;1750
2146;CCCC[C@@H]1CCC(=O)O1;4400
2147;CCCC[C@@](C#N)(Cn1ccnc1)c1ccccc1;1590
2148;CCCC[C@@](C#N)(Cn1cncn1)c1ccc(Cl)cc1;1600
2149;CCCC[C@@](CC)(C(=O)OCC)C(=O)OCCN(CC)CC;638
2150;CCCC[C@@](O)(Cn1cncn1)c1ccc(Cl)cc1Cl;2189
2151;CCCC[C@H](CC)C(=O)O;2043
2152;CCCC[C@H](CC)C(=O)OCCOCCOCCOC(=O)[C@@H](CC)CCCC;31000
2153;CCCC[C@H](CC)C(=O)O[Si](C)(OC(=O)[C@@H](CC)CCCC)OC(=O)[C@@H](CC)CCCC;2280
2154;CCCC[C@H](CC)CC[C@H](C)N;730
2155;CCCC[C@H](CC)CN;450
2156;CCCC[C@H](CC)CN1C(=O)[C@@H]2[C@H](C1=O)[C@@H]1C=C[C@H]2C1;2800
2157;CCCC[C@H](CC)CNCC(C)(N)CNC[C@@H](CC)CCCC;800
2158;CCCC[C@H](CC)COC(=O)CCCCC(=O)OC[C@@H](CC)CCCC;7350
2159;CCCC[C@H](CC)COC(=O)c1ccccc1C(=O)O;1340
2160;CCCC[C@H](CC)COC(=O)c1ccccc1C(=O)OCc1ccccc1;60000
2161;CCCC[C@H](CC)COCCC#N;4920
2162;CCCC[C@H](CC)COCCC(=O)O;3730
2163;CCCC[C@H](CC)COCCO;3080
2164;CCCC[C@H](CC)COC[C@@H]1CO1;7800
2165;CCCC[C@H](CC)COP(=O)(Cl)OC[C@@H](CC)CCCC;3000
2166;CCCC[C@H](CC)CO[C@@H](CBr)c1ccc(C2CCCCC2)cc1;250
2167;CCCC[C@H](CC)CO[C@@H](CBr)c1cccc(Cl)c1;250
2168;CCCC[C@H](CC)CO[C@@H](CBr)c1ccccc1;250
2169;CCCC[C@H](CC)CO[Si](O)(O)O;19700
2170;CCCC[C@H](CC)[C@@H](O)C(=O)O;3400
2171;CCCC[C@H](O)CCOC(C)=O;8350
2172;CCCC[C@H](Oc1ccc([N+](=O)[O-])cc1C=O)C(=O)O;500
2173;CCCC[C@H]1C(=O)N(c2ccccc2)N(c2ccc(O)cc2)C1=O;329
2174;CCCC[C@H]1OC(=O)c2ccccc21;2450
2175;CCCC[C@](C)(O)C/C=C/[C@@H]1[C@@H](O)CC(=O)[C@@H]1CCCCCCC(=O)OC;81
2176;CCCC[P@@](=O)(OC)SC;52
2177;CCCCc1c(C)nc(N(C)C)nc1O;2350
2178;CCCCc1c(C)nc(NCC)nc1O;4000
2179;CCCCc1c(C)nc(NCC)nc1OS(=O)(=O)N(C)C;4000
2180;CCCCc1c(OC(=O)[C@]23C[C@H]4C[C@H](C[C@H](C4)C2)C3)n(-c2ccccc2)n(-c2ccccc2)c1=O;1698
2181;CCCCc1c(OC(=O)c2cc(OC)c(OC)c(OC)c2)n(-c2ccccc2)n(-c2ccccc2)c1=O;3000
2182;CCCCc1c(OC(=O)c2ccc3c(c2)OCO3)n(-c2ccccc2)n(-c2ccccc2)c1=O;1373
2183;CCCCc1c(OC(=O)c2ccccc2)n(-c2ccccc2)n(-c2ccccc2)c1=O;2198
2184;CCCCc1c(OC(=O)c2cccs2)n(-c2ccccc2)n(-c2ccccc2)c1=O;1175
2185;CCCCc1ccc(C(=O)O)nc1;480
2186;CCCCc1ccc(C(=O)c2ccccc2F)cc1;800
2187;CCCCc1ccc(C)cc1O;1100
2188;CCCCc1ccc(O)c(C(=O)Nc2cccc(C(F)(F)F)c2)c1;2500
2189;CCCCc1ccc(O)cc1O;500
2190;CCCCc1ccccc1O;634
2191;CCCCc1ccn[nH]1;509
2192;CCCCn1c(=O)n(CCC)c(=O)c2[nH]c(C)nc21;15
2193;CCCCn1c(=O)n(CCC)c(=O)c2c(NC)n(C(=O)OC)nc21;2380
2194;CCCCn1cnnc1;50
2195;CCCN;370
2196;CCCN(C)C;500
2197;CCCN(CC)S(=O)(=O)CCNC(=O)N(CCCl)N=O;250
2198;CCCN(CC1CC1)c1c([N+](=O)[O-])cc(C(F)(F)F)cc1[N+](=O)[O-];1808
2199;CCCN(CCC)C(=O)C(CCC(=O)O)NC(=O)c1ccccc1;20000
2200;CCCN(CCC)C(=O)C(Cc1ccc(OCCN(CC)CC)cc1)NC(=O)c1ccccc1;800
2201;CCCN(CCC)C(=O)CN(CC)P(=S)(OCC)OCC;2081
2202;CCCN(CCC)C(=O)SCC;916
2203;CCCN(CCC)C(=O)SCc1ccccc1;1820
2204;CCCN(CCC)C(=O)[C@H](CCC(=O)NCCCOC(=O)Cc1c(C)n(C(=O)c2ccc(Cl)cc2)c2ccc(OC)cc12)NC(=O)c1ccccc1;370
2205;CCCN(CCC)C(=O)[C@H](CCC(=O)OCCCOC(=O)Cc1c(C)n(C(=O)c2ccc(Cl)cc2)c2ccc(OC)cc12)NC(=O)c1ccccc1;605
2206;CCCN(CCC)CCC;72.5
2207;CCCN(CCC)CCCCCCCCNC(=O)Oc1ccc2c(c1)[C@]1(C)CCN(C)[C@H]1N2C;18.28
2208;CCCN(CCC)CCc1cccc2c1CC(=O)N2;862
2209;CCCN(CCC)N=O;480
2210;CCCN(CCC)S(=O)(=O)CCNC(=O)N(CCCl)N=O;250
2211;CCCN(CCC)S(=O)(=O)c1ccc(C(=O)O)cc1;1600
2212;CCCN(CCC)c1c([N+](=O)[O-])cc(C(C)=O)cc1[N+](=O)[O-];750
2213;CCCN(CCC)c1c([N+](=O)[O-])cc(C(F)(F)F)c(N)c1[N+](=O)[O-];15380
2214;CCCN(CCC)c1c([N+](=O)[O-])cc(C(F)(F)F)cc1[N+](=O)[O-];1930
2215;CCCN(CCC)c1c([N+](=O)[O-])cc(C)cc1[N+](=O)[O-];3600
2216;CCCN(CCC)c1c([N+](=O)[O-])cc(S(=O)(=O)N=S(C)C)cc1[N+](=O)[O-];2001
2217;CCCN(CCCl)c1c([N+](=O)[O-])cc(C(F)(F)F)cc1[N+](=O)[O-];1550
2218;CCCN(CCOc1c(Cl)cc(Cl)cc1Cl)C(=O)n1ccnc1;1600
2219;CCCN(COC(C)=O)N=O;1000
2220;CCCN(N=O)C(N)=O;480
2221;CCCN1C(=O)[C@@H]2[C@H](C1=O)[C@H]1C=C([C@@](O)(c3ccccc3)c3ccccn3)[C@@H]2/C1=C(/c1ccccc1)c1ccccn1;34.5
2222;CCCN1CCC/C1=N\c1ccc(Cl)c(Cl)c1;2120
2223;CCCN=C(N)C(OCC)c1ccccc1;530
2224;CCCN=C(NCCC)C(OCC)c1ccc(Cl)cc1;47
2225;CCCNC(=O)NS(=O)(=O)c1ccc(Cl)cc1;2150
2226;CCCNC(=O)OC[C@H](O)[C@@H]1COc2ccccc2O1;1500
2227;CCCNC(=O)[C@@H](C)Nc1ccc(OCC)cc1;3000
2228;CCCNC(=O)c1sc(-c2cc(OC)c(OC)c(OC)c2)nc1C;5600
2229;CCCNCCC;300
2230;CCCO;1870
2231;CCCOC(=O)C1=C(C)N=C(C)[C@H](C(=O)OCCC)[C@@H]1C1=COCCO1;2001
2232;CCCOC(=O)C1COc2ccccc2O1;7450
2233;CCCOC(=O)C1c2cc3c(cc2CC(C)C1C(=O)OCCC)OCO3;1500
2234;CCCOC(=O)CC;10331
2235;CCCOC(=O)CC(SP(=S)(OC)OC)C(=O)OCCC;6000
2236;CCCOC(=O)CCC;15000
2237;CCCOC(=O)CCC(=O)OCCC;6490
2238;CCCOC(=O)COc1cccc(C(C)(C)C)c1;1800
2239;CCCOC(=O)C[C@H](SP(=O)(OC)OC)C(=O)OCCC;360
2240;CCCOC(=O)NCCCN(C)C;2001
2241;CCCOC(=O)Nc1ccco1;1600
2242;CCCOC(=O)OOC(=O)OCCC;3400
2243;CCCOC(=O)c1cc(O)c(O)c(O)c1;2100
2244;CCCOC(=O)c1ccc(C(=O)OCCC)nc1;5230
2245;CCCOC(C)=O;9370
2246;CCCOC(N)=O;1877
2247;CCCOC/C(=N\c1ccc(Cl)cc1C(F)(F)F)n1ccnc1;715
2248;CCCOC=O;3980
2249;CCCOCC(C)OCC(C)O;1500
2250;CCCOCCN(C(=O)CCl)c1c(CC)cccc1CC;2200
2251;CCCOCCO;3089
2252;CCCOCCOC(=O)C1=C(C)N=C(C)[C@@H](C(=O)OCCOCCC)[C@@H]1c1cccc([N+](=O)[O-])c1;1469
2253;CCCOCCOC(C)=O;9456
2254;CCCOCN(C(=O)CCl)c1c(C)cccc1OCC;2100
2255;CCCOC[C@@H](C)O;2490
2256;CCCOP(=O)(CC)SC;3.9
2257;CCCOP(=O)(OCCC)Oc1ccc(SC)cc1;61
2258;CCCOP(=O)(OCCC)Oc1ccc2c(C)c(Cl)c(=O)oc2c1;80
2259;CCCOP(=O)(OCCC)Oc1cnn(C)c(=O)c1OC;15
2260;CCCOP(=O)(SCCC)SCCC;129
2261;CCCOP(=S)(OCCC)OP(=S)(OCCC)OCCC;450
2262;CCCOP(=S)(OCCC)Oc1ccc([S@](C)=O)cc1;50
2263;CCCOP(=S)(OCCC)Oc1cnn(C)c(=O)c1OC;26
2264;CCCOP(=S)(OCCC)SCC(=O)N1CCCC[C@@H]1C;324
2265;CCCOP(C)(=S)Oc1ccc([N+](=O)[O-])cc1;3
2266;CCCO[C@@H](C1=NCCCN1)c1ccccc1;625
2267;CCCO[C@@H](C1=NCCN1)c1ccccc1;350
2268;CCCO[P@@](=S)(CC)SCOc1ccc(Cl)cc1Cl;79
2269;CCCO[P@@](=S)(CCl)Sc1ccc(Cl)cc1;80
2270;CCCO[P@@](=S)(OC)SCN1C(=O)c2ccccc2C1=O;90
2271;CCCO[P@@](=S)(OCC)Sc1nc(C)cc(C)n1;79
2272;CCCO[P@](=O)(CC)SCCC;1.8
2273;CCCO[P@](=O)(OC=C(Cl)Cl)OCCCl;25
2274;CCCO[P@](=S)(CC)SCN1C(=O)c2ccccc2C1=O;20
2275;CCCO[P@](C)(=O)SCCC;1.2
2276;CCCOc1c(Cl)c(Cl)c(Cl)c(Cl)c1Cl;430
2277;CCCOc1cc(C=CC(=S)OCC)ccc1OC;970
2278;CCCOc1ccc(/C=C/C(=S)OCC)cc1OC;1010
2279;CCCOc1ccc(C(=O)S)c(CC)c1OC;967
2280;CCCOc1ccc(C=CC(=O)OCC)cc1OC;978
2281;CCCOc1ccc(Cl)cc1[C@@H](CN(C)C)[C@@H](C)CC;561
2282;CCCOc1ccc([C@@H](CN(C)C)[C@@H](C)CC)cc1Cl;741
2283;CCCOc1cccc(C)c1N(COCC)C(=O)CCl;2600
2284;CCCP(=O)(CCC)CCC;1410
2285;CCCP(=O)(O)OCC;2300
2286;CCCS;1730
2287;CCCS(=O)(=O)/C=C/S(=O)(=O)CCC;200
2288;CCCS(=O)(=O)c1c(Cl)cnc(Cl)c1Cl;1100
2289;CCCSC(=O)Cl;1129
2290;CCCSC(=O)N(CCC)CCC;1200
2291;CCCSC(=O)Oc1c([C@H](C)CC)cc([N+](=O)[O-])cc1[N+](=O)[O-];584
2292;CCCSCSP(=S)(OCC)OCC;2.8
2293;CCCSP(=O)(OC)OC;9.4
2294;CCCSP(=O)(OC)SCCC;6.8
2295;CCCSP(=O)(OCC)Oc1ccc(Br)cc1Cl;358
2296;CCCSP(=O)(OCC)Oc1ccc(Sc2ccc(Cl)cc2)cc1;690
2297;CCCSP(=O)(OCC)SCCC;33
2298;CCCSP(=S)(OC)SCCC;16
2299;CCCSP(=S)(OCC)Oc1ccc(SC)cc1;65
2300;CCCSP(C)(=O)SCCC;1.78
2301;CCCSP(C)(=S)OP(C)(=S)SCCC;65
2302;CCCSP(C)(=S)SC(CC(=O)OCC)C(=O)OCC;693
2303;CCCSP(C)(=S)SCCC;18
2304;CCCSP(C)SCCC;2.24
2305;CCCS[P@@](=O)(OCC)Oc1c(Cl)cc(Cl)cc1Cl;151
2306;CCCS[P@@](=O)(OCC)Oc1ccccc1;295
2307;CCCS[P@@](=O)(OCC)Oc1cnn(-c2ccc(Cl)cc2)c1;237
2308;CCCS[P@@](=S)(OCC)Oc1ccc(Cl)cc1Cl;875
2309;CCCS[P@@](C)(=S)Oc1ccc(Cl)cc1Cl;178
2310;CCCS[P@@](C)(=S)Oc1ccccc1;208
2311;CCCS[P@@](C)(=S)SCC(=O)OCC;215
2312;CCCS[P@](=O)(CC)OC;2.5
2313;CCCS[P@](=O)(OCC)Oc1ccc(Cl)cc1Cl;320
2314;CCCSc1cc(Oc2ccc([N+](=O)[O-])cc2)ccc1Cl;1130
2315;CCCSc1ccc2[nH]c(NC(=O)OC)nc2c1;2400
2316;CCCSc1nc(Cl)c([N+](=O)[O-])c(Cl)n1;300
2317;CCC[C@@H](C)C(=O)Nc1ccc(C)c(Cl)c1;5100
2318;CCC[C@@H](C)OP(=S)(OC)OC;311
2319;CCC[C@@H](C)c1cccc(OC(=O)NC)c1;50
2320;CCC[C@@H]1C[C@@H](C(=O)N[C@@H]([C@H]2O[C@H](SC)[C@H](O)[C@@H](O)[C@H]2O)[C@@H](C)O)N(C)C1;1000
2321;CCC[C@@H]1C[C@H](C(=O)N[C@@H]([C@@H]2O[C@@H](SC)[C@@H](O)[C@@H](O)[C@H]2O)[C@H](C)Cl)N(C)C1;2619
2322;CCC[C@@H]1C[C@H](C(=O)N[C@@H]([C@@H]2O[C@@H](SC)[C@@H](OP(=O)(O)O)[C@@H](O)[C@H]2O)[C@H](C)Cl)N(C)C1;1832
2323;CCC[C@@H]1[C@H](C=O)[C@@H]2C=C[C@H]1C2;4600
2324;CCC[C@@](C)(COC(N)=O)COC(=O)NC(C)C;1320
2325;CCC[C@@](C)(Oc1ccc(Cc2ccc(Cl)cc2)cc1)C(=O)OCc1cccnc1;10000
2326;CCC[C@H](C)C(=O)O;2040
2327;CCC[C@H](C)CC(=O)OC;7400
2328;CCC[C@H](C)CO;1410
2329;CCC[C@H](C)N=O;1133
2330;CCC[C@H](C)OC(N)=O;421
2331;CCC[C@H](Cn1cncn1)c1ccc(Cl)cc1Cl;2125
2332;CCC[C@H](O)[C@H](CC)CO;1400
2333;CCC[C@H]1C(=O)N2C(N(C)C)=Nc3ccc(C)cc3N2C1=O;1800
2334;CCC[C@H]1CO1;1327
2335;CCC[C@H]1CO[C@](Cn2cncn2)(c2ccc(Cl)cc2Cl)O1;1500
2336;CCC[C@H]1O[C@@]1(CC)C(N)=O;1250
2337;CCC[C@H]1O[P@](=O)(Cl)OC[C@@H]1CC;25
2338;CCC[N+](=O)[O-];455
2339;CCC[P@](=O)(OC)SC;25
2340;CCC[Si](OC)(OC)OC;5170
2341;CCCc1c(OCCCCc2nnn[nH]2)ccc(C(C)=O)c1O;650
2342;CCCc1c(OCc2cccn3c(=O)c(CC(=O)O)cnc23)ccc(C(C)=O)c1O;4000
2343;CCCc1c(OCc2cccn3c(=O)c(CCC(=O)O)cnc23)ccc(C(C)=O)c1O;4000
2344;CCCc1cc(C(N)=S)ccn1;1320
2345;CCCc1cc(OP(=S)(OCC)OCC)nc(C)n1;261
2346;CCCc1ccc(C)cc1O;730
2347;CCCc1ccc(C=O)cc1;1600
2348;CCCc1ccc(O)c(OC)c1;2600
2349;CCCc1ccc(O)cc1;500
2350;CCCc1ccc(OC)cc1;4400
2351;CCCc1ccc2c(c1)OCO2;2260
2352;CCCc1ccccc1;6040
2353;CCCc1ccccc1O;500
2354;CCCc1ccn[nH]1;616
2355;CCCc1nc(C)cc(OC(=O)N(C)C)n1;200
2356;CCCn1c(=O)[nH]c(=O)c2[nH]cnc21;481
2357;CCCn1c(=O)c2[nH]c(C)nc2n(CC(C)C)c1=O;19
2358;CCCn1c(C)cc(OP(=S)(OCC)OCC)cc1=O;9.75
2359;CCCn1cnc2c1c(=O)n(CCCCC(C)=O)c(=O)n2C;940
2360;CCN;400
2361;CCN(C(=O)N(CC)c1ccccc1)c1ccccc1;780.9
2362;CCN(C(=O)c1cc(Cl)nc(Cl)c1)C1CC1;78
2363;CCN(C(C)=O)c1c(I)cc(I)c(OCCOC(C)C(=O)O)c1I;1600
2364;CCN(C(C)C)C(C)C;317
2365;CCN(C)C;594
2366;CCN(C)CC[C@@](CC=C(C)C)(C(N)=O)c1cccc2ccccc12;71
2367;CCN(C)N=O;90
2368;CCN(CC(=O)OCC(F)(F)F)c1cccc(C)c1;1900
2369;CCN(CC(F)(F)F)N=O;960
2370;CCN(CC)/N=N/c1ccccc1;520
2371;CCN(CC)/N=N/c1cccnc1;210
2372;CCN(CC)C(=O)C(Cl)=C(C)OP(=O)(OC)OC;8
2373;CCN(CC)C(=O)C/C(C)=C/c1ccccc1;2300
2374;CCN(CC)C(=O)CCC(C)=O;4760
2375;CCN(CC)C(=O)CCl;500
2376;CCN(CC)C(=O)CSc1ccc(Cl)nn1;1550
2377;CCN(CC)C(=O)Cc1ccccc1;825
2378;CCN(CC)C(=O)Cl;2700
2379;CCN(CC)C(=O)N[C@H]1C[C@@H]2c3cccc4[nH]cc(c34)C[C@@H]2N(C)C1;100
2380;CCN(CC)C(=O)SCc1ccc(Cl)cc1;920
2381;CCN(CC)C(=O)[C@H]1CN2CCc3cc(OC)c(OC)cc3[C@H]2C[C@@H]1OC(C)=O;1050
2382;CCN(CC)C(=O)c1cc(=O)c2ccccc2o1;4000
2383;CCN(CC)C(=O)c1ccc(C)cc1;2300
2384;CCN(CC)C(=O)c1ccc(O)c(OC)c1;154
2385;CCN(CC)C(=O)c1ccc(OC)c(O)c1;1990
2386;CCN(CC)C(=O)c1cccc(C)c1;1950
2387;CCN(CC)C(=O)c1cccc(OC)c1O;2080
2388;CCN(CC)C(=O)c1ccccc1;2001
2389;CCN(CC)C(=O)c1ccccc1C;1210
2390;CCN(CC)C(=O)c1ccccc1O;580
2391;CCN(CC)C(=O)c1ccccc1OCCO;750
2392;CCN(CC)C(=O)c1nnn(-c2ccccc2)c1C;500
2393;CCN(CC)C(=S)/N=N/Cc1ccc([N+](=O)[O-])o1;750
2394;CCN(CC)C(=S)S;1000
2395;CCN(CC)C(=S)SSC(=S)N(CC)CC;500
2396;CCN(CC)C(=S)Sc1nc2ccccc2s1;6000
2397;CCN(CC)C(C)=O;1500
2398;CCN(CC)CC;460
2399;CCN(CC)CC#N;160
2400;CCN(CC)CC(=O)Nc1c(C)cccc1C;317
2401;CCN(CC)CCCCCCCCCCNC(=O)Oc1ccc2c(c1)[C@]1(C)CCN(C)[C@H]1N2C;14.1
2402;CCN(CC)CCCN;410
2403;CCN(CC)CCCNC(=O)C(C)(C)Oc1ccc(Cl)cc1;150
2404;CCN(CC)CCCNc1c2ccccc2nc2cccc([N+](=O)[O-])c12;63.2
2405;CCN(CC)CCC[C@H](C)Nc1c2cc(Cl)ccc2nc2ccc(OC)cc12;4400
2406;CCN(CC)CCC[C@H](C)Nc1ccnc2cc(Cl)ccc12;330
2407;CCN(CC)CCCl;17
2408;CCN(CC)CCN;2830
2409;CCN(CC)CCN1C(=O)CN=C(c2ccccc2F)c2cc(Cl)ccc21;980
2410;CCN(CC)CCN1C(=O)NC(c2ccccc2)(c2ccccc2)C1=O;1300
2411;CCN(CC)CCNC(=O)C(C)(C)Oc1ccc(Cl)cc1;300
2412;CCN(CC)CCNC(=O)COc1ccc(Cl)cc1;1040
2413;CCN(CC)CCNC(=O)c1cc(Br)c(N)cc1OC;545
2414;CCN(CC)CCNC(=O)c1cc(Cl)c(N)cc1OC;750
2415;CCN(CC)CCNC(=O)c1cc(Cl)c(N)cc1OCc1ccccc1;220
2416;CCN(CC)CCNC(=O)c1ccc(N)cc1;1950
2417;CCN(CC)CCNc1c(Cl)cc(C)c2ncccc12;900
2418;CCN(CC)CCNc1ccc(CO)c2sc3ccccc3c(=O)c12;980
2419;CCN(CC)CCO;1300
2420;CCN(CC)CCOC(=O)[C@@H](Cc1cccc2ccccc12)C[C@H]1CCCO1;1890
2421;CCN(CC)CCOCCOC(=O)C(CC)(CC)c1ccccc1;183
2422;CCN(CC)CCOCCOC(=O)C1(c2ccccc2)CCCC1;150
2423;CCN(CC)CCOCc1cc(Br)cc(Br)c1OC;500
2424;CCN(CC)CCOCc1cc(Br)ccc1OC;220
2425;CCN(CC)CCOc1ccc(C(=C(Cl)c2ccccc2)c2ccccc2)cc1;5750
2426;CCN(CC)CCOc1ccc(C(O)(Cc2ccc(Cl)cc2)c2ccc(C)cc2)cc1;2001
2427;CCN(CC)CCOc1ccccc1-n1c(C)ccc1-c1ccccc1;700
2428;CCN(CC)CCOc1ccnc(N)n1;2001
2429;CCN(CC)CCSC(=O)N(c1ccccc1)c1ccccc1;370
2430;CCN(CC)CCSC(=S)N1c2ccccc2Sc2ccccc21;2001
2431;CCN(CC)CCSSCCN(CC)CC;340
2432;CCN(CC)CC[C@](CC=C(C)C)(C(N)=O)c1cccc2ccccc12;71
2433;CCN(CC)C[C@H]1CCCCN1CC(=O)N1c2ccccc2C(=O)Nc2cccnc21;1533
2434;CCN(CC)Cc1cc(-c2ccccc2)ccc1O;28
2435;CCN(CC)Cc1nccn1-c1ccc([N+](=O)[O-])cc1C(=O)c1ccccc1Cl;1580
2436;CCN(CC)N=O;220
2437;CCN(CC)NNCCCO;3730
2438;CCN(CC)P1(=S)OCc2cc([N+](=O)[O-])ccc2O1;150
2439;CCN(CC)S(=O)(=O)CCNC(=O)N(CCCl)N=O;60
2440;CCN(CC)S(=O)(=O)c1c(Cl)c(Cl)c(Cl)c2[nH]c(C(F)(F)F)nc12;11.169
2441;CCN(CC)S(=O)(=O)c1ccc(OP(=S)(OC)OC)cc1Cl;50
2442;CCN(CC)S(=O)(=O)c1ccccc1;890
2443;CCN(CC)c1c([N+](=O)[O-])cc(C(F)(F)F)c(N)c1[N+](=O)[O-];3000
2444;CCN(CC)c1cc(C)nc2ncnn12;235
2445;CCN(CC)c1ccc(-c2nc(=O)n(C)nc2-c2ccc(N(CC)CC)cc2)cc1;650
2446;CCN(CC)c1ccc(C=O)c(O)c1;2262
2447;CCN(CC)c1ccc(C=O)cc1;6400
2448;CCN(CC)c1ccc2c(C)cc(=O)oc2c1;5001
2449;CCN(CC)c1cccc(OC(=O)NC)c1;91
2450;CCN(CC)c1ccccc1;782
2451;CCN(CC)c1nc(C)cc(OP(=S)(OC)OC)n1;1250
2452;CCN(CC)c1nc(Cl)nc(N(CC)CC)n1;850
2453;CCN(CC)c1nc(Cl)nc(NC(C)C)n1;1700
2454;CCN(CC)c1nc(N(C=NC2CC(C)(C)NC(C)(C)C2)C2CC(C)(C)NC(C)(C)C2)nc(N(C=NC2CC(C)(C)NC(C)(C)C2)C2CC(C)(C)NC(C)(C)C2)n1;826
2455;CCN(CC)c1nc(NC(C)C)nc(OC)n1;885
2456;CCN(CCC#N)c1ccc(N=Nc2nc3ccc(S(C)(=O)=O)cc3s2)c(C)c1;400
2457;CCN(CCC#N)c1cccc(C)c1;3710
2458;CCN(CCC#N)c1ccccc1;4840
2459;CCN(CCC(=O)OC)c1ccccc1;2450
2460;CCN(CCCC(=O)C1CCCCC1)[C@H](C)Cc1ccc(OC)cc1;369
2461;CCN(CCCl)CCCl;2.5
2462;CCN(CCCl)c1ccccc1;616
2463;CCN(CCNC(=O)SCC(C)C)C(=O)SCC(C)C;2710
2464;CCN(CCNS(C)(=O)=O)c1ccc(N)c(C)c1;400
2465;CCN(CCO)C(=S)NP(=S)(OC)OC;17
2466;CCN(CCO)CCO;4570
2467;CCN(CCO)c1ccc(N)c(C)c1;35
2468;CCN(CCO)c1ccc(N=O)c(C)c1;336
2469;CCN(CCO)c1cccc(C)c1;1370
2470;CCN(CCO)c1ccccc1;1640
2471;CCN(COC(C)=O)N=O;810
2472;CCN(COC)N=O;540
2473;CCN(Cc1c(F)cccc1Cl)c1c([N+](=O)[O-])cc(C(F)(F)F)cc1[N+](=O)[O-];3100
2474;CCN(Cc1ccc(Cl)nc1)/C(C[N+](=O)[O-])=N/C;1575
2475;CCN(Cc1ccccc1)N=O;250
2476;CCN(Cc1ccncc1)C(=O)[C@@H](CO)c1ccccc1;865
2477;CCN(Cc1ccncc1)N=O;40
2478;CCN(N=O)C(=O)NC(C)=O;550
2479;CCN(N=O)C(=O)NC(N)=O;1050
2480;CCN(N=O)C(C)(C)C;1600
2481;CCN(N=O)C(C)C;1100
2482;CCN(N=O)C(C)OC;1000
2483;CCN(N=O)C(N)=O;300
2484;CCN(O)CC;2190
2485;CCN1C(=O)C=CC1=O;25
2486;CCN1C(=O)N[C@H](c2ccccc2)C1=O;1500
2487;CCN1C(=O)c2ccccc2[C@@H]1Nc1ccc(OCCN2CCCCC2)cc1;695
2488;CCN1C=CC(=C2C(=O)c3ccccc3C2=O)C=C1;330
2489;CCN1CCC(=C(c2ccccc2)c2ccccc2)C1;450
2490;CCN1CCCC1=O;1350
2491;CCN1CCC[C@@H]1CNC(=O)c1cc(S(N)(=O)=O)ccc1OC;9800
2492;CCN1CCC[C@H](Nc2cc(C)nc(N=C(N)Nc3ccc(Cl)c(Cl)c3)n2)C1;1041
2493;CCN1CCC[C@H]1CNC(=O)c1cc(Cl)cc(Cl)c1OCc1ccccc1;576
2494;CCN1CCC[C@H]1CNC(=O)c1cc(S(N)(=O)=O)ccc1OC;2600
2495;CCN1CCC[C@H]1CNS(=O)(=O)c1cc(Cl)c(N)cc1OC;1500
2496;CCN1CCCc2ccccc21;1777
2497;CCN1CCN(c2cc3c(cc2F)c(=O)c(C(=O)O)cn3C2CC2)CC1;5001
2498;CCN1CCNCC1;2158
2499;CCN1CCOCC1;1780
2500;CCN1CN(CC)CN(CC)C1;316
2501;CCN1CN(CO)C(=O)N(CO)C1;8220
2502;CCN1CN1CC;4000
2503;CCN1C[C@@H](C)O/C1=N\[P@](=O)(OC)SC;0.1
2504;CCN1C[C@@H](CCN2CCOCC2)C(c2ccccc2)(c2ccccc2)C1=O;261
2505;CCN1C[C@H]2CN(C)C[C@@H](C1)C2OC(=O)c1ccc(Cl)cc1;383
2506;CCN1C[C@]2(COC)[C@H](O)C[C@H](OC)[C@]34C1[C@H]([C@H](OC)[C@H]23)[C@]1(OC(C)=O)[C@H]2[C@@H](OC(=O)c3ccccc3)[C@](O)(C[C@H]24)[C@@H](OC)[C@@H]1O;5.97
2507;CCN=C1SC(=NOC(=O)NC)C(C)(C)S1;6.3
2508;CCN=O;740
2509;CCN=c1nc(Cl)[nH]c(=N[C@H](C)CC)[nH]1;3000
2510;CCNC(=O)/C=C\c1cccc(Br)c1;4437
2511;CCNC(=O)C(SP(=S)(OC)OC)C(=O)NCC;1000
2512;CCNC(=O)CSP(=S)(OC)OC;125
2513;CCNC(=O)Cc1ccccc1;756
2514;CCNC(=O)NC(=O)/C(C#N)=N/OC;960
2515;CCNC(=O)Nc1ncc([N+](=O)[O-])s1;2150
2516;CCNC(=O)O/N=C1\SCO[C@H]1C;28
2517;CCNC(=O)OCCSCS[P@@](=S)(OC)OC(C)C;8.5
2518;CCNC(=O)Oc1c(Cl)c(Cl)cc2[nH]c(C(F)(F)F)nc12;103
2519;CCNC(=O)[C@@H](C)OC(=O)Nc1ccccc1;11000
2520;CCNC(=S)NCC;316
2521;CCNC(=S)OC(C)C;568
2522;CCNC(N)=S;100
2523;CCNC1=Nc2ccc(Cl)cc2[C@](C)(c2ccccc2)O1;1500
2524;CCNC1CCCCC1;590
2525;CCNCC;540
2526;CCNCCO;1000
2527;CCNC[C@H](O)c1cccc(O)c1;114
2528;CCNCc1cc([N+](=O)[O-])ccc1O;1014
2529;CCNP(=S)(OC)Oc1cc(Cl)c(Cl)cc1Cl;450
2530;CCNS(=O)(=O)C(F)(F)C(F)(F)C(F)(F)C(F)(F)C(F)(F)C(F)(F)C(F)(F)C(F)(F)F;507
2531;CCN[C@@H](C)CN1CCc2c(c(=O)oc3ccccc23)C1;300
2532;CCN[C@@H](C)Cc1cccc(C(F)(F)F)c1;162.5
2533;CCN[C@@H](C)c1ccccc1;360
2534;CCN[C@H]1[C@H]2CC[C@H](C2)[C@@H]1c1ccccc1;83
2535;CCN[P@](=S)(OC)O/C(C)=C/C(=O)OC(C)C;59.5
2536;CCNc1cccc(C)c1;580
2537;CCNc1ccccc1;334
2538;CCNc1nc(=O)nc(NC(C)(C)C(=O)O)[nH]1;789
2539;CCNc1nc(Cl)nc(N(CC)CC)n1;594
2540;CCNc1nc(Cl)nc(NC(C)(C)C#N)n1;149
2541;CCNc1nc(Cl)nc(NC(C)(C)C)n1;1503
2542;CCNc1nc(Cl)nc(NC(C)C)n1;1869
2543;CCNc1nc(Cl)nc(NCC)n1;971
2544;CCNc1nc(NC(C)(C)C)nc(OC)n1;433
2545;CCNc1nc(NC(C)(C)C)nc(SC)n1;2045
2546;CCNc1nc(NC(C)C(C)C)nc(SC)n1;3000
2547;CCNc1nc(NC(C)C)nc(OC)n1;1465
2548;CCNc1nc(NC(C)C)nc(SC)n1;1060
2549;CCNc1nc(NCC)nc(OC)n1;535
2550;CCNc1nc(NCC)nc(SC)n1;750
2551;CCNc1nc(N[C@@H](C)CC)nc(OC)n1;1000
2552;CCO;7230
2553;CCO/N=C(\CC)[C@H]1C(=O)C[C@H](c2c(C)cc(C)cc2C)CC1=O;934
2554;CCO/N=C(\OC(=O)c1ccccc1)c1c(OC)ccc(Cl)c1OC;15000
2555;CCOC(=O)/C=C(\C)OP(=O)(OCC)OCC;22
2556;CCOC(=O)/C=C/c1ccc(Cl)cc1;957
2557;CCOC(=O)/C=C1/S[C@H](N2CCCCC2)C(=O)N1C;10250
2558;CCOC(=O)/C=C1\S[C@@H](N2CCCCC2)C(=O)N1CC;3256
2559;CCOC(=O)C(=O)N[P@@](=O)(OC)SC;501
2560;CCOC(=O)C(C(=O)Cc1c(C)n(C(=O)c2ccc(Cl)cc2)c2ccc(OC)cc12)C(=O)OCC;520
2561;CCOC(=O)C(C)(C)Oc1ccc(Cl)cc1;940
2562;CCOC(=O)C(C)Nc1ccc(Cl)c(Cl)c1;2001
2563;CCOC(=O)C(Cl)Cc1cc(-n2nc(C)n(C(F)F)c2=O)c(F)cc1Cl;5143
2564;CCOC(=O)C(F)(F)C(F)(F)C(F)(F)C(=O)OCC;5001
2565;CCOC(=O)C(O)(c1ccc(Cl)cc1)c1ccc(Cl)cc1;700
2566;CCOC(=O)C(SP(=O)(OC)OC)c1ccccc1;63
2567;CCOC(=O)C(SP(=O)(OC)SC)c1ccccc1;250
2568;CCOC(=O)C([C@@H]1C(=O)Oc2ccccc2C1=O)[C@@H]1C(=O)Oc2ccccc2C1=O;840
2569;CCOC(=O)C1(CCCCCCOc2ccc(Cl)cc2)CO1;250
2570;CCOC(=O)C1(c2ccccc2)CCN(C)CC1;162
2571;CCOC(=O)C1(c2ccccc2)CCN(CCC(C#N)(c2ccccc2)c2ccccc2)CC1;221
2572;CCOC(=O)C1(c2ccccc2)CCN(CCOC[C@@H]2CCCO2)CC1;135
2573;CCOC(=O)C1(c2ccccc2)CCN(CCOCc2ccccc2)CC1;284
2574;CCOC(=O)C1=C(C)N=C(C)[C@@H](C(=O)OC)[C@@H]1c1cccc([N+](=O)[O-])c1;15370
2575;CCOC(=O)C1=C(C)N=C(C)[C@@H](C(=O)OC)[C@H]1c1cccc2c1OCO2;1100
2576;CCOC(=O)C1=C(C)N=C(C)[C@@H](C(=O)OCC)[C@@H]1c1ccccc1/C=C/C(=O)OC(C)(C)C;880
2577;CCOC(=O)C1=C(C)N=C(C)[C@H](C(=O)OCC)[C@@H]1C1=COCCO1;2001
2578;CCOC(=O)C1=C(C)N=C(C)[C@H](C(=O)OCC)[C@H]1c1ccccc1C(F)(F)F;1225
2579;CCOC(=O)C1=C(C)NC(C)=C(C(=O)OC)C1c1cccc(Cl)c1Cl;1050
2580;CCOC(=O)C1=C(O)c2ccccc2S(=O)(=O)N1C;4800
2581;CCOC(=O)C1=CN(C(=O)CC)[C@H]2CCC[C@H](C)N2C1=O;2973
2582;CCOC(=O)C1=CN(C(=O)OCC)[C@@H]2CCC[C@@H](C)N2C1=O;1521
2583;CCOC(=O)C1=CN(C(=O)c2ccccc2)C2CCCC(C)N2C1=O;1644
2584;CCOC(=O)C1=CN(C(C)=O)C2CCCC(C)N2C1=O;2495
2585;CCOC(=O)C1=CN(C)[C@@H]2CCC[C@@H](C)N2C1=O;378
2586;CCOC(=O)C1=CN(CC)[C@H]2CCC[C@@H](C)N2C1=O;746
2587;CCOC(=O)C1=NN(c2ccccc2)C(=O)C1;2001
2588;CCOC(=O)C1CCCCC1;3962
2589;CCOC(=O)C=C(C)C;11600
2590;CCOC(=O)C=C1S[C@@H](N2CCCCC2)C(=O)N1CC;3256
2591;CCOC(=O)C=CN(C)C;4500
2592;CCOC(=O)C=Cc1ccc2c(c1)OCO2;948
2593;CCOC(=O)C=Cc1ccccc1;4000
2594;CCOC(=O)C=[N+]=[N-];400
2595;CCOC(=O)CC;8732
2596;CCOC(=O)CC(=O)C(F)(F)F;765
2597;CCOC(=O)CC(=O)CCl;200
2598;CCOC(=O)CC(=O)N[P@](=O)(OC)SC;125
2599;CCOC(=O)CC(=O)OC(Br)C(Cl)(Cl)Cl;2600
2600;CCOC(=O)CC(C)(C)[C@H](Cl)C=C(Cl)Cl;3166
2601;CCOC(=O)CC(C)=O;3980
2602;CCOC(=O)CC(CC(=O)OCC)(OC(C)=O)C(=O)OCC;7000
2603;CCOC(=O)CC(O)(CC(=O)OCC)C(=O)OCC;5900
2604;CCOC(=O)CCC(=O)CC1(O)[C@@]2(Cl)[C@]3(Cl)[C@@]4(Cl)C(Cl)(Cl)[C@]5(Cl)[C@@](Cl)([C@@]1(Cl)[C@@]53Cl)[C@]42Cl;240
2605;CCOC(=O)CCC(=O)OCC;8530
2606;CCOC(=O)CCC1(CCC(=O)OCC)c2ccccc2-c2ccccc21;6170
2607;CCOC(=O)CCCCCCCCC(=O)OCC;14470
2608;CCOC(=O)CCCCCCCC[C@@H](C)c1ccc(I)cc1;2100
2609;CCOC(=O)CCCOc1ccc(Cl)cc1C;1420
2610;CCOC(=O)CCN(Cc1ccccc1)SN(C)C(=O)O/N=C(/C)SC;330
2611;CCOC(=O)CCN(SN(C)C(=O)Oc1cccc2c1OC(C)(C)C2)C(C)C;105
2612;CCOC(=O)CCl;50
2613;CCOC(=O)CI;50
2614;CCOC(=O)CN(C(=O)CCl)c1c(CC)cccc1CC;2300
2615;CCOC(=O)CN(C)N=O;4000
2616;CCOC(=O)CN=C=O;1130
2617;CCOC(=O)COC(=O)c1cc(Oc2ccc(C(F)(F)F)cc2Cl)ccc1[N+](=O)[O-];1480
2618;CCOC(=O)COP(=S)(OCC)OCC;1000
2619;CCOC(=O)COc1ccc2c(C)c(CCN(CC)CC)c(=O)oc2c1Cl;1250
2620;CCOC(=O)CS;178
2621;CCOC(=O)CSP(=O)(OC)OC;385
2622;CCOC(=O)CSP(=O)(OCC)OCC;45
2623;CCOC(=O)CSP(=S)(OCC)OCC;1100
2624;CCOC(=O)C[C@H](SP(=O)(OC)OC)C(=O)OCC;158
2625;CCOC(=O)C[C@H](SP(=S)(OC)OC)C(=O)OCC;1187.5
2626;CCOC(=O)C[C@H](S[P@@](=O)(OC)SC)C(=O)OCC;113
2627;CCOC(=O)Cc1[nH]nc2ccc(Cl)cc12;4800
2628;CCOC(=O)Cc1ccc(-c2ccccc2)cc1;385
2629;CCOC(=O)Cc1cccc2ccccc12;3580
2630;CCOC(=O)Cc1ccccc1;3300
2631;CCOC(=O)Cl;270
2632;CCOC(=O)N(C)C(=O)CSP(=S)(OCC)OCC;31
2633;CCOC(=O)N(C)N=O;180
2634;CCOC(=O)N(C)SN(C)C(=O)O/N=C(\C)SC;226
2635;CCOC(=O)N(Cc1ccccc1)C1CC1;1380
2636;CCOC(=O)N(c1cccc(C(=O)c2ccccc2)c1)S(=O)(=O)C(F)(F)F;4700
2637;CCOC(=O)N1C(=O)NC(c2ccccc2)(c2ccccc2)C1=O;3500
2638;CCOC(=O)N1CC=Cc2ccccc21;195
2639;CCOC(=O)N1CCC=C(/C=N/OC)C1;200
2640;CCOC(=O)NCCOc1ccc(Oc2ccccc2)cc1;16800
2641;CCOC(=O)NCCSP(=S)(OC)OC;108
2642;CCOC(=O)NNc1ccc(N(CC)C[C@@H](C)O)nn1;2060
2643;CCOC(=O)NNc1nncc2ccccc12;318
2644;CCOC(=O)NS(=O)(=O)c1ccc(Cl)cc1;380
2645;CCOC(=O)Nc1ccc2c(c1)N(C(=O)CN(C)C)c1ccccc1CC2;78
2646;CCOC(=O)Nc1cccc(OC(=O)Nc2ccccc2)c1;9600
2647;CCOC(=O)Nc1ccco1;1985
2648;CCOC(=O)OC(=O)OCC;850
2649;CCOC(=O)OC(C)OC1=C(C(=O)Nc2ccccn2)N(C)S(=O)(=O)c2ccccc21;747
2650;CCOC(=O)Oc1ccc(CCNC(=O)[C@H](CCSC)NC(C)=O)cc1OC(=O)OCC;2001
2651;CCOC(=O)[C@@H](C)N(C(=O)c1ccccc1)c1ccc(Cl)c(Cl)c1;1550
2652;CCOC(=O)[C@@H](CCc1ccccc1)N[C@H](C)C(=O)N1[C@@H](C(=O)O)C[C@H]2CCCC[C@H]21;2500
2653;CCOC(=O)[C@@H](Cl)C(C)=O;233
2654;CCOC(=O)[C@@H](NCCN[C@@H](C(=O)OCC)c1ccccc1O)c1ccccc1O;800
2655;CCOC(=O)[C@@H](SP(=S)(OC)OC)c1ccccc1;71
2656;CCOC(=O)[C@@H]1C=N[C@H]2CCC[C@H](C)N2C1=O;2502
2657;CCOC(=O)[C@@](C)(CC)Oc1ccc(Cc2ccc(Cl)cc2)cc1;9000
2658;CCOC(=O)[C@@]1(c2ccccc2)CCCN(C)CC1;355
2659;CCOC(=O)[C@H](Br)C#N;420
2660;CCOC(=O)[C@H](Br)CBr;240
2661;CCOC(=O)[C@H](C#N)C(=O)Cc1c(C)n(C(=O)c2ccc(Cl)cc2)c2ccc(OC)cc12;82
2662;CCOC(=O)[C@H](C#N)C(C)=O;500
2663;CCOC(=O)[C@H](C(C)=O)C(=O)Cc1c(C)n(C(=O)c2ccc(Cl)cc2)c2ccc(OC)cc12;175
2664;CCOC(=O)[C@H](C(C)=O)P(=O)(OCC)OCC;176
2665;CCOC(=O)[C@H](C)O;8200
2666;CCOC(=O)[C@H](C)Oc1ccc(Oc2nc3ccc(Cl)cc3o2)cc1;2357
2667;CCOC(=O)[C@H](C)Oc1ccc(Oc2nc3ccc(Cl)cc3s2)cc1;907
2668;CCOC(=O)[C@H](Cl)/N=N/c1ccccc1;13000
2669;CCOC(=O)[C@H]1C=Nc2cc(OCC3CC3)c(OCC3CC3)cc2C1=O;3000
2670;CCOC(=O)[C@H]1CC(=O)[C@H](C(=O)C2CC2)C(=O)C1;4460
2671;CCOC(=O)[C@H]1C[C@H]2C[C@@H]1[C@H]1O[C@@H]21;4760
2672;CCOC(=O)[C@H]1O[C@@H]1c1ccccc1;2300
2673;CCOC(=O)[C@H]1O[C@]1(C)c1ccccc1;5470
2674;CCOC(=O)[C@](CC)(C(=O)NCCN(CC)CC)c1ccccc1;610
2675;CCOC(=O)[N-]c1c[n+](N2CCOCC2)no1;1050
2676;CCOC(=O)c1c(C)cc2c(c1C)C(=O)N=N[C@H]2CO;1750
2677;CCOC(=O)c1c(C)cc2nc(COC(=O)NC)n(-c3ccccc3Cl)c(=O)c2c1C;2500
2678;CCOC(=O)c1c[n+](CC)c2n(c1=O)[C@@H](C)CCC2;1353
2679;CCOC(=O)c1cc2c(ccc3ccccc32)oc1=O;1580
2680;CCOC(=O)c1ccc(N)cc1;3042
2681;CCOC(=O)c1ccc(NC(=O)Cc2ccc(C(=O)c3ccc(C)cc3)n2C)cc1;1800
2682;CCOC(=O)c1ccc(O)cc1;4300
2683;CCOC(=O)c1ccc(OC)cc1;2040
2684;CCOC(=O)c1ccc([N+](=O)[O-])cc1;2660
2685;CCOC(=O)c1ccc2nc(C(F)(F)F)[nH]c2c1;40
2686;CCOC(=O)c1ccccc1;2100
2687;CCOC(=O)c1ccccc1C(=O)OCC;8600
2688;CCOC(=O)c1ccccc1N;3750
2689;CCOC(=O)c1ccccc1O;1320
2690;CCOC(=O)c1ccccc1S(=O)(=O)NC(=O)Nc1nc(Cl)cc(OC)n1;4102
2691;CCOC(=O)c1cn2nc(OP(=S)(OCC)OCC)cc2nc1C;151
2692;CCOC(=O)c1cnn(C)c1-n1c(CC)nc2ccccc2c1=O;1825
2693;CCOC(=O)c1cnn(C)c1-n1cnc2ccccc2c1=O;1760
2694;CCOC(=O)c1ncn2c1CN(C)C(=O)c1cc(F)ccc1-2;4200
2695;CCOC(=O)c1noc(C)c1C(=O)c1ccccc1;1000
2696;CCOC(=O)c1noc(C)c1C(C)=O;1000
2697;CCOC(=O)c1nocc1C(=O)c1ccccc1;1000
2698;CCOC(=S)/C=C/c1cc(OC)c(OC)c(OC)c1;1005
2699;CCOC(=S)/C=C/c1ccc(Cl)cc1;950
2700;CCOC(=S)/C=C/c1ccc(OC)c(OC)c1;980
2701;CCOC(=S)/C=C/c1ccc(OC)cc1;930
2702;CCOC(=S)/C=C/c1ccc([N+](=O)[O-])cc1;970
2703;CCOC(=S)C=Cc1ccc(N(C)C)cc1;120
2704;CCOC(=S)C=Cc1ccc2c(c1)OCO2;940
2705;CCOC(=S)SCC#N;210
2706;CCOC(=S)SCSSCP(=O)(OCC)OCC;14
2707;CCOC(=S)SSC(=S)OCC;480
2708;CCOC(=S)SSSC(=S)OCC;235
2709;CCOC(=S)SSSSC(=S)OCC;275
2710;CCOC(=S)c1ccc(Cl)cc1;995
2711;CCOC(=S)c1ccc2c(c1)OCO2;1160
2712;CCOC(C(=O)O)(c1ccccc1)c1ccccc1;1000
2713;CCOC(C)=O;5620
2714;CCOC(C)CO;7110
2715;CCOC(C)OCC;4600
2716;CCOC(C1=NCC(C)(C)CN1)c1ccc(Cl)cc1;190
2717;CCOC(C1=NCC(C)(CC)CN1)c1ccccc1;220
2718;CCOC(C1=NCC(C)N1)c1ccccc1;1000
2719;CCOC(C1=NCCCN1)c1c(Cl)cccc1Cl;625
2720;CCOC(C1=NCCCN1)c1ccc(Cl)c(Cl)c1;370
2721;CCOC(C1=NCCCN1)c1ccc(Cl)cc1;875
2722;CCOC(CC(OCC)OCC)OCC;1610
2723;CCOC(CC)(C1=NCC(C)(C)CN1)c1ccc(Cl)cc1;58
2724;CCOC(N)=C1Sc2ccccc2C1=O;4000
2725;CCOC(N)=O;1809
2726;CCOC(O)C(Cl)(Cl)Cl;880
2727;CCOC(OCC)OCC;7060
2728;CCOC1CC(C)C=CO1;3400
2729;CCOC=C(C(=O)OCC)C(=O)OCC;925
2730;CCOC=O;1850
2731;CCOCC;1200
2732;CCOCC(=O)Nc1ccc(C(=O)c2ccccc2)cc1C;2280
2733;CCOCC(O)(c1ccc(Cl)cc1)c1ccc(Cl)cc1;5001
2734;CCOCC(O)COC(C)C;5001
2735;CCOCCC#N;3200
2736;CCOCCC(=O)O;4800
2737;CCOCCC(=O)OCC;5001
2738;CCOCCC(OCC)OCC;1600
2739;CCOCCCCO;4000
2740;CCOCCCO;7000
2741;CCOCCN(C(=O)CCl)C(=C(C)C)c1ccccc1;983
2742;CCOCCO;1519
2743;CCOCCOC(=O)[C@H](C)Oc1ccc(Oc2ncc(C(F)(F)F)cc2Cl)cc1;518
2744;CCOCCOC(C)=O;2700
2745;CCOCCOCC;4390
2746;CCOCCOCCCO;7060
2747;CCOCCOCCO;5570
2748;CCOCCOCCOC(C)=O;11000
2749;CCOCCOCCOCC;4970
2750;CCOCCOCCOCCO;7750
2751;CCOCCOCCO[C@H](C)Oc1ccc2c(c1)OCO2;2001
2752;CCOCCOCCOc1ccccc1;2140
2753;CCOCCOC[C@H](C)O;9330
2754;CCOCCOc1ccc(Cl)cc1Cl;1410
2755;CCOCCc1ccc(OCCN=c2[nH]cnc(CC)c2Cl)c(C)c1C;115
2756;CCOCN(C(=O)CCl)c1c(C)cccc1CC;1929
2757;CCOCN(C(=O)CCl)c1c(C)cccc1OC(C)C;2700
2758;CCOCN(C(=O)CO)c1c(C)cccc1CC;2400
2759;CCOCOC(=O)c1ccccc1Nc1c(Cl)ccc(C)c1Cl;307
2760;CCOC[C@@H](C)O;4400
2761;CCOC[C@@H](Cl)C(OCC)OCC;1320
2762;CCOCc1cnc(C)nc1N;1450
2763;CCOCn1c(-c2ccc(Cl)cc2)c(C#N)c(Br)c1C(F)(F)F;560
2764;CCOCn1cc(F)c(=O)n(C(=O)c2cccc(C(=O)Oc3nc(OC(=O)c4ccccc4)ccc3C#N)c2)c1=O;1850
2765;CCON(CC)N=O;1000
2766;CCOP(=O)(C#N)N(C)C;3.7
2767;CCOP(=O)(CC)OCC;2330
2768;CCOP(=O)(CC)Oc1cc(C)nc(SCC)n1;50
2769;CCOP(=O)(CC)SC;4.6
2770;CCOP(=O)(CCCl)OCC;1000
2771;CCOP(=O)(Cc1ccc(-c2nc3ccccc3s2)cc1)OCC;1555
2772;CCOP(=O)(Cl)Cl;220
2773;CCOP(=O)(Cl)OCC;11
2774;CCOP(=O)(N=C1SCC(C)S1)OCC;8.9
2775;CCOP(=O)(N=C1SCCS1)OCC;8.9
2776;CCOP(=O)(N=C1SCS1)OCC;4.7
2777;CCOP(=O)(NC(=S)Nc1ccccc1NC(=O)NS(=O)(=O)c1ccc(C)cc1)OCC;127
2778;CCOP(=O)(NC(C)=O)SC;500
2779;CCOP(=O)(NC(C)C)Oc1ccc(SC)c(C)c1;2.7
2780;CCOP(=O)(O)O;1600
2781;CCOP(=O)(O)Sc1ccc(C)cc1;50
2782;CCOP(=O)(OC=C(Cl)Cl)OCC;2.5
2783;CCOP(=O)(OC=C(Cl)Cl)OCCCl;5
2784;CCOP(=O)(OC=C(SCC)SCC)OCC;15
2785;CCOP(=O)(OC=CCl)N(CC)CC;76
2786;CCOP(=O)(OC=CCl)OCC;7
2787;CCOP(=O)(OCC)C(O)(C(F)F)C(F)F;3.4
2788;CCOP(=O)(OCC)C(SCC)(P(=O)(OCC)OCC)P(=O)(OCC)OCC;7.25
2789;CCOP(=O)(OCC)C(SCC)(Sc1ccccc1)P(=O)(OCC)OCC;24
2790;CCOP(=O)(OCC)N(C)c1ccccc1;41
2791;CCOP(=O)(OCC)N(SN(C)C(=O)O/N=C(/C)SC)C(C)C;100
2792;CCOP(=O)(OCC)O/C(=C(\Cl)Br)c1ccc(Cl)cc1Cl;19.3
2793;CCOP(=O)(OCC)O/C(=C\Cl)c1cc(Cl)ccc1Cl;35
2794;CCOP(=O)(OCC)O/C(C)=C/C(=O)O[C@H](C)c1ccccc1;65
2795;CCOP(=O)(OCC)OC(=C(Br)Br)c1ccc(Cl)cc1Cl;78.1
2796;CCOP(=O)(OCC)OC(=C(Cl)Cl)c1cc(Cl)cc(Cl)c1;20
2797;CCOP(=O)(OCC)OC(=C(Cl)Cl)c1ccc(Cl)cc1Cl;30.2
2798;CCOP(=O)(OCC)OC(=CBr)c1ccc(Cl)cc1Cl;21.4
2799;CCOP(=O)(OCC)OC(=CC(=O)OC)CC(=O)OC;2
2800;CCOP(=O)(OCC)OC(=CCl)c1ccc(Cl)cc1Cl;9.66
2801;CCOP(=O)(OCC)OCC;1165
2802;CCOP(=O)(OCC)OCn1c(=O)oc2cc(Cl)ccc21;35
2803;CCOP(=O)(OCC)ON1C(=O)c2cccc3cccc(c23)C1=O;70
2804;CCOP(=O)(OCC)ON=C(C1CC1)C1CC1;7.85
2805;CCOP(=O)(OCC)OP(=O)(N(C)C)N(C)C;3.8
2806;CCOP(=O)(OCC)OP(=O)(OCC)OCC;0.5
2807;CCOP(=O)(OCC)OP(=S)(CCl)OCC(C)C;55
2808;CCOP(=O)(OCC)Oc1cc(C)n(CC)c(=O)c1;1.62
2809;CCOP(=O)(OCC)Oc1cc(C)oc(=O)c1;3.34
2810;CCOP(=O)(OCC)Oc1ccc(Cl)cc1Cl;100
2811;CCOP(=O)(OCC)Oc1ccc(N)cc1;1000
2812;CCOP(=O)(OCC)Oc1ccc(S(C)(=O)=O)c(C)c1;8.128
2813;CCOP(=O)(OCC)Oc1ccc(S(C)(=O)=O)cc1;5.012
2814;CCOP(=O)(OCC)Oc1ccc(SC)c(C)c1;9
2815;CCOP(=O)(OCC)Oc1ccc([N+](=O)[O-])c(Cl)c1;5
2816;CCOP(=O)(OCC)Oc1ccc([N+](=O)[O-])cc1;1.8
2817;CCOP(=O)(OCC)Oc1ccc2c(C)c(Cl)c(=O)oc2c1;10
2818;CCOP(=O)(OCC)Oc1ccc2ccc(=O)oc2c1;29
2819;CCOP(=O)(OCC)Oc1nc(Cl)c(Cl)cc1Cl;135
2820;CCOP(=O)(OCC)SC;47.1
2821;CCOP(=O)(OCC)SC(C)(C)C;127
2822;CCOP(=O)(OCC)SC(C)C;179
2823;CCOP(=O)(OCC)SC(P(=O)(OCC)OCC)(P(=O)(OCC)OCC)P(=O)(OCC)OCC;28
2824;CCOP(=O)(OCC)SC=C(Cl)Cl;1.75
2825;CCOP(=O)(OCC)SCC;27
2826;CCOP(=O)(OCC)SCC(=O)NC(C)(C)C#N;3.5
2827;CCOP(=O)(OCC)SCC(C)(SCC)SCC;15
2828;CCOP(=O)(OCC)SCC1(C)SCCS1;28
2829;CCOP(=O)(OCC)SCCC(F)=C(F)F;68
2830;CCOP(=O)(OCC)SCCN(CC)CC;3.3
2831;CCOP(=O)(OCC)SCCS(=O)(=O)CC;1.9
2832;CCOP(=O)(OCC)SCCS(=O)CC;2
2833;CCOP(=O)(OCC)SCCSCC;1.5
2834;CCOP(=O)(OCC)SCN1C(=O)c2ccccc2C1=O;11
2835;CCOP(=O)(OCC)SCS(=O)(=O)CC;0.5
2836;CCOP(=O)(OCC)SCS(=O)CC;1
2837;CCOP(=O)(OCC)SCSCC;0.25
2838;CCOP(=O)(OCC)SCSP(=O)(OCC)OCC;12.75
2839;CCOP(=O)(OCC)SCSP(=S)(OCC)OCC;35.12
2840;CCOP(=O)(OCC)SCSc1cc(Cl)ccc1Cl;38
2841;CCOP(=O)(OCC)SCc1ccccc1;660
2842;CCOP(=O)(OCC)SCn1nc(C)ccc1=O;6.5
2843;CCOP(=O)(OCC)SCn1nc(C)oc1=O;1
2844;CCOP(=O)(OCC)SCn1nc(Cl)c(C)cc1=O;27
2845;CCOP(=O)(OCC)SCn1ncccc1=O;2
2846;CCOP(=O)(OCC)S[C@H](Cl)C(Cl)Cl;2.5
2847;CCOP(=O)(OCC)Sc1c(Cl)c(Cl)c(Cl)c(Cl)c1Cl;925
2848;CCOP(=O)(OCC)Sc1ccc([N+](=O)[O-])cc1;4.41
2849;CCOP(=O)(Oc1ccc(Cl)cc1Cl)Oc1ccc(Cl)cc1Cl;6200
2850;CCOP(=O)(SC(C)CC)SC(C)CC;37.1
2851;CCOP(=O)(SCC)SCC;140
2852;CCOP(=O)(Sc1ccccc1)Sc1ccccc1;100
2853;CCOP(=S)(CC)Sc1ccc(C)cc1;46
2854;CCOP(=S)(CC)Sc1ccc(Cl)cc1;3.23
2855;CCOP(=S)(CC)Sc1ccccc1;3
2856;CCOP(=S)(CCl)Oc1ccc(C#N)cc1OC;71
2857;CCOP(=S)(Cl)Cl;900
2858;CCOP(=S)(Cl)OCC;1340
2859;CCOP(=S)(N=C1SCCS1)OCC;14
2860;CCOP(=S)(N=[N+]=[N-])OCC;5
2861;CCOP(=S)(NC(C)C)Oc1ccccc1C(=O)OC(C)C;21.1
2862;CCOP(=S)(NC(C)CC)Oc1cc(C)ccc1[N+](=O)[O-];630
2863;CCOP(=S)(OC(C)C)Sc1nc(C)cc(C)n1;68
2864;CCOP(=S)(OCC)N(SN(C)C(=O)O/N=C(/C)SC)C(C)C;325
2865;CCOP(=S)(OCC)N1C(=O)c2ccccc2C1=O;4930
2866;CCOP(=S)(OCC)O/C(=C/Cl)c1cc(Cl)ccc1Cl;42
2867;CCOP(=S)(OCC)O/C(=C\Cl)c1ccc(Cl)cc1Cl;10
2868;CCOP(=S)(OCC)O/N=C(\C#N)c1ccccc1;300
2869;CCOP(=S)(OCC)OC(C)=CC(=O)OC;0.14
2870;CCOP(=S)(OCC)OC(C)C;1000
2871;CCOP(=S)(OCC)OCCS(=O)(=O)CC;90
2872;CCOP(=S)(OCC)OCCS(=O)CC;100
2873;CCOP(=S)(OCC)OCCSCC;7.5
2874;CCOP(=S)(OCC)ON1C(=O)c2cccc3cccc(c23)C1=O;500
2875;CCOP(=S)(OCC)OP(=S)(OCC)OCC;5
2876;CCOP(=S)(OCC)O[C@H](Cl)C(Cl)(Cl)Cl;1.8
2877;CCOP(=S)(OCC)Oc1cc(-c2ccccc2)on1;112
2878;CCOP(=S)(OCC)Oc1cc(C)[nH]n1;12
2879;CCOP(=S)(OCC)Oc1cc(C)c(SC)c(C)c1;375
2880;CCOP(=S)(OCC)Oc1cc(C)n(C)c(=O)c1;5.97
2881;CCOP(=S)(OCC)Oc1cc(C)n(CC)c(=O)c1;7070
2882;CCOP(=S)(OCC)Oc1cc(C)nc(C(C)C)n1;92
2883;CCOP(=S)(OCC)Oc1cc(C)nc(N(C)C)n1;125
2884;CCOP(=S)(OCC)Oc1cc(C)nc(N(CC)CC)n1;140
2885;CCOP(=S)(OCC)Oc1cc(C)nc2ccccc12;50
2886;CCOP(=S)(OCC)Oc1cc(Cl)c(Br)cc1Cl;52
2887;CCOP(=S)(OCC)Oc1cc(Cl)c(I)cc1Cl;140
2888;CCOP(=S)(OCC)Oc1cc(Cl)c(SC)cc1Cl;9.1
2889;CCOP(=S)(OCC)Oc1cc([N+](=O)[O-])c(Cl)cc1Cl;100
2890;CCOP(=S)(OCC)Oc1cc2ccccc2oc1=O;13
2891;CCOP(=S)(OCC)Oc1ccc(=O)n(-c2ccccc2)n1;424
2892;CCOP(=S)(OCC)Oc1ccc(C#N)cc1;10
2893;CCOP(=S)(OCC)Oc1ccc(Cl)c([N+](=O)[O-])c1;100
2894;CCOP(=S)(OCC)Oc1ccc(Cl)cc1Cl;172
2895;CCOP(=S)(OCC)Oc1ccc(F)nc1;12
2896;CCOP(=S)(OCC)Oc1ccc(N)cc1;450
2897;CCOP(=S)(OCC)Oc1ccc(N=C=S)cc1;251
2898;CCOP(=S)(OCC)Oc1ccc(SC)c(C)c1;14
2899;CCOP(=S)(OCC)Oc1ccc([N+](=O)[O-])c(C)c1;10
2900;CCOP(=S)(OCC)Oc1ccc([N+](=O)[O-])c(Cl)c1;50
2901;CCOP(=S)(OCC)Oc1ccc([N+](=O)[O-])cc1;2.1
2902;CCOP(=S)(OCC)Oc1ccc([N+](=O)[O-])cc1Cl;10
2903;CCOP(=S)(OCC)Oc1ccc([S@@](C)=O)cc1;1.8
2904;CCOP(=S)(OCC)Oc1ccc2c(C)c(Cl)c(=O)oc2c1;13
2905;CCOP(=S)(OCC)Oc1ccc2c(C)cc(=O)oc2c1;14.7
2906;CCOP(=S)(OCC)Oc1ccc2c3c(c(=O)oc2c1)CCCC3;67
2907;CCOP(=S)(OCC)Oc1ccccc1[N+](=O)[O-];25
2908;CCOP(=S)(OCC)Oc1cnc2ccccc2n1;26
2909;CCOP(=S)(OCC)Oc1cnccn1;3.5
2910;CCOP(=S)(OCC)Oc1cnn(C)c(=O)c1OC;2.5
2911;CCOP(=S)(OCC)Oc1nc(Cl)c(Cl)cc1Cl;108
2912;CCOP(=S)(OCC)Oc1nc(Cl)n(C(C)C)n1;27
2913;CCOP(=S)(OCC)Oc1ncn(-c2ccccc2)n1;57
2914;CCOP(=S)(OCC)S/C(=C/C(=O)OC)C(=O)OC;80
2915;CCOP(=S)(OCC)SC(=O)CN(C)C(N)=O;16
2916;CCOP(=S)(OCC)SC(CCl)N1C(=O)c2ccccc2C1=O;5
2917;CCOP(=S)(OCC)SC1CCSC1;20
2918;CCOP(=S)(OCC)SC1OCCOC1SP(=S)(OCC)OCC;20
2919;CCOP(=S)(OCC)SC=C(C)SC;2.5
2920;CCOP(=S)(OCC)SCC;80
2921;CCOP(=S)(OCC)SCC(=O)N(CCC#N)c1ccccc1;15
2922;CCOP(=S)(OCC)SCC(=O)NC(C)C;8
2923;CCOP(=S)(OCC)SCC(=O)OC;1000
2924;CCOP(=S)(OCC)SCC(N)=O;10
2925;CCOP(=S)(OCC)SCCC(F)=C(F)F;681
2926;CCOP(=S)(OCC)SCCS(=O)(=O)CC;7.5
2927;CCOP(=S)(OCC)SCCSCC;1.9
2928;CCOP(=S)(OCC)SCCSCC(=O)NC;18
2929;CCOP(=S)(OCC)SCC[S@@](=O)CC;3.5
2930;CCOP(=S)(OCC)SCCl;7
2931;CCOP(=S)(OCC)SCN1C(=O)c2ccccc2C1=O;43
2932;CCOP(=S)(OCC)SCS(=O)(=O)CC;1.2
2933;CCOP(=S)(OCC)SCSC(=S)N(C)C;150
2934;CCOP(=S)(OCC)SCSC(C)(C)C;1.6
2935;CCOP(=S)(OCC)SCSC(C)C;1.1
2936;CCOP(=S)(OCC)SCSCC;1
2937;CCOP(=S)(OCC)SCSCSP(=S)(OCC)OCC;8.5
2938;CCOP(=S)(OCC)SCSCc1ccccc1;6
2939;CCOP(=S)(OCC)SCSP(=S)(OCC)OCC;13
2940;CCOP(=S)(OCC)SCSc1cc(Cl)ccc1Cl;44
2941;CCOP(=S)(OCC)SCSc1ccc(Cl)c(Cl)c1;89
2942;CCOP(=S)(OCC)SCSc1ccc(Cl)cc1;6.8
2943;CCOP(=S)(OCC)SC[S@@](=O)CC;2
2944;CCOP(=S)(OCC)SCc1ccc([N+](=O)[O-])cc1;100
2945;CCOP(=S)(OCC)SCc1cccc([N+](=O)[O-])c1;250
2946;CCOP(=S)(OCC)SCn1c(=O)oc2cc(Cl)ccc21;85
2947;CCOP(=S)(OCC)SCn1c(=O)oc2ccccc21;81
2948;CCOP(=S)(OCC)SCn1nc(-c2ccccc2)ccc1=O;555
2949;CCOP(=S)(OCC)SCn1nc(Br)ccc1=O;30
2950;CCOP(=S)(OCC)SCn1nc(C)ccc1=O;45
2951;CCOP(=S)(OCC)SCn1nc(CC)ccc1=O;18.75
2952;CCOP(=S)(OCC)SCn1nc(Cl)c(C)cc1=O;90
2953;CCOP(=S)(OCC)SCn1nc(Cl)c(Cl)cc1=O;1875
2954;CCOP(=S)(OCC)SCn1ncccc1=O;2.5
2955;CCOP(=S)(OCC)SCn1nnc2ccccc2c1=O;7
2956;CCOP(=S)(OCC)S[C@@H](C#N)c1ccccc1;100
2957;CCOP(=S)(OCC)S[C@@H](CBr)N1C(=O)c2ccccc2C1=O;18
2958;CCOP(=S)(OCC)S[C@H](C(=O)OCCF)c1ccccc1;5
2959;CCOP(=S)(OCC)S[C@H](CC(=O)OCSC)C(=O)OCSC;3.7
2960;CCOP(=S)(OCC)S[C@H](c1ccccc1)c1ccc(Cl)cc1;10000
2961;CCOP(=S)(OCC)S[C@H]1CCOC1=O;1000
2962;CCOP(=S)(OCC)S[C@H]1CCSc2ccc(Cl)cc21;63
2963;CCOP(=S)(OCC)S[C@H]1CC[C@H]2C=CC[C@@H]1S2;140
2964;CCOP(=S)(OCC)S[C@H]1COCCS1;3
2965;CCOP(=S)(OCC)S[C@]1(Cl)OCCCC1(Cl)Cl;25
2966;CCOP(=S)(OCC)Sc1ccc(C)cc1;316
2967;CCOP(=S)(OCC)Sc1nc(C)cc(C)n1;59
2968;CCOP(=S)(Oc1ccc([N+](=O)[O-])cc1)Oc1ccc([N+](=O)[O-])cc1;66.9
2969;CCOP(=S)(S)OCC;4510
2970;CCOP(=S)(SC(C)CC)N(C=O)CC;95.9
2971;CCOP(=S)(SCC)SCC;3500
2972;CCOP(C)(=O)SCC;6
2973;CCOP(C)(=O)SCCN(C(C)C)C(C)C;0.012
2974;CCOP(C)(=O)SCCN(C)C;0.122
2975;CCOP(O)OCC;3500
2976;CCOP(OCC)OCC;1840
2977;CCOP(c1ccccc1)c1ccccc1;316
2978;CCOS(=O)(=O)OCC;880
2979;CCO[C@@H](C1=NCC(C)(C)CN1)c1ccc(OC)c(F)c1;320
2980;CCO[C@@H](C1=NCC(C)(C)CN1)c1ccc(OC)cc1;625
2981;CCO[C@@H](C1=NCC(C)(C)N1)c1ccc(Cl)c(Cl)c1;110
2982;CCO[C@@H](C1=NCC(C)(C)N1)c1ccccc1;510
2983;CCO[C@@H](C1=NCC(CC)(CC)CN1)c1ccc(Cl)cc1;375
2984;CCO[C@@H](C1=NCC(CC)(CC)CN1)c1cccc(Cl)c1;110
2985;CCO[C@@H](C1=NC[C@@H](O)CN1)c1ccccc1;1750
2986;CCO[C@@H](C1=NC[C@H](OC)CN1)c1ccccc1;875
2987;CCO[C@@H](C1=NC[C@](C)(CC)CN1)c1ccc(Cl)cc1;110
2988;CCO[C@@H](C1=NC[C@](C)(CC)CN1)c1cccc(F)c1;165
2989;CCO[C@@H]1CCC=CO1;6160
2990;CCO[C@@H]1c2ccccc2C(=O)N(C)c2ccccc21;4000
2991;CCO[C@H](C)C#N;2860
2992;CCO[C@H](C1=NCC(C)(C)CN1)c1ccc(C(C)C)cc1;220
2993;CCO[C@H](C1=NCC(C)(C)CN1)c1cccc(Cl)c1;95
2994;CCO[C@H](C1=NCC(C)(C)CN1)c1cccc(F)c1;750
2995;CCO[C@H](C1=NCC(C)(C)CN1)c1cccc2ccccc12;55
2996;CCO[C@H](C1=NCC(C)(C)CN1)c1ccccc1;875
2997;CCO[C@H](C1=NCC(C)(C)CN1)c1ccccc1Cl;310
2998;CCO[C@H](C1=NCC(CC)(CC)CN1)c1ccccc1;250
2999;CCO[C@H](C1=NCCCCN1)c1ccc(Cl)cc1;370
3000;CCO[C@H](C1=NCCCCN1)c1ccccc1;375
3001;CCO[C@H](C1=NCCCN1)c1cccc(Cl)c1;695
3002;CCO[C@H](C1=NCCCN1)c1cccc(F)c1;1000
3003;CCO[C@H](C1=NCCCN1)c1cccc2ccccc12;375
3004;CCO[C@H](C1=NCCCN1)c1ccccc1;1540
3005;CCO[C@H]1CCCC[C@@H]1O;804
3006;CCO[C@H]1Oc2ccc(OS(C)(=O)=O)cc2C1(C)C;1130
3007;CCO[C@](CC)(C1=NCCCN1)c1ccccc1;750
3008;CCO[P@@](=O)(CC)SCC;7.7
3009;CCO[P@@](=O)(CC)SCSCS[P@](=O)(CC)OCC;1.7
3010;CCO[P@@](=O)(CC)Sc1ccc(Cl)cc1;5.8
3011;CCO[P@@](=O)(NC(C)C)SCC(=O)NCOC;100
3012;CCO[P@@](=O)(O)C(N)=O;10125
3013;CCO[P@@](=O)(O)CC;2112
3014;CCO[P@@](=O)(O[P@@](=O)(OCC)N(C)C)N(C)C;12.4
3015;CCO[P@@](=S)(CC)Oc1cc(Cl)c(Cl)cc1Cl;15
3016;CCO[P@@](=S)(CC)Oc1cc(Cl)ccc1Cl;19
3017;CCO[P@@](=S)(CC)Oc1ccc([N+](=O)[O-])cc1Cl;23
3018;CCO[P@@](=S)(CC)SCN1C(=O)c2ccccc2C1=O;14
3019;CCO[P@@](=S)(CC)SCSCS[P@](=S)(CC)OCC;2.3
3020;CCO[P@@](=S)(CC)SCSc1ccc(Cl)cc1;17
3021;CCO[P@@](=S)(CC)Sc1ccccc1C;43
3022;CCO[P@@](=S)(CCl)Oc1ccc([N+](=O)[O-])cc1;127
3023;CCO[P@@](=S)(CCl)Sc1ccc(C)cc1;336
3024;CCO[P@@](=S)(Cl)OC;700
3025;CCO[P@@](=S)(Cl)OC(C)C;425
3026;CCO[P@@](=S)(NC(C)C)Oc1ccc(C)cc1[N+](=O)[O-];720
3027;CCO[P@@](=S)(OC)Oc1ccc([N+](=O)[O-])cc1;2.85
3028;CCO[P@@](=S)(OC)SCN1C(=O)c2ccccc2C1=O;50
3029;CCO[P@@](=S)(Oc1cccc2cccnc12)c1ccccc1;150
3030;CCO[P@@](C)(=S)NOc1cccc2ccccc12;250
3031;CCO[P@@](N)(=O)SC;5
3032;CCO[P@@](O)(=S)CC;600
3033;CCO[P@](=O)(CC)Sc1ccccc1;2.75
3034;CCO[P@](=O)(NC)Oc1ccc(SC)c(C)c1;5
3035;CCO[P@](=O)(O)CCCl;1250
3036;CCO[P@](=O)(OC=C(Cl)Cl)OC[C@H](Cl)CCl;66
3037;CCO[P@](=O)(Oc1ccc([N+](=O)[O-])cc1)SCC;17.9
3038;CCO[P@](=O)(S[C@@H](C)CC)N1CCSC1=O;57
3039;CCO[P@](=S)(CC)Oc1ccc(Cl)cc1;95
3040;CCO[P@](=S)(CC)Oc1ccc(Cl)cc1Cl;25
3041;CCO[P@](=S)(CC)Oc1ccc([S@@](C)=O)cc1;2.5
3042;CCO[P@](=S)(CC)SCOc1ccc(Cl)cc1Cl;112
3043;CCO[P@](=S)(CC)Sc1ccc(C(C)(C)C)cc1;141
3044;CCO[P@](=S)(CC)Sc1ccc(Cl)c(C)c1;4.3
3045;CCO[P@](=S)(OC(C)C)ON1C(=O)c2ccccc2C1=O;250
3046;CCO[P@](=S)(OC)Oc1cc(Cl)c(Cl)cc1Cl;314
3047;CCO[P@](=S)(Oc1ccc(C#N)cc1)c1ccccc1;28.5
3048;CCO[P@](=S)(Oc1ccc([N+](=O)[O-])cc1)c1ccccc1;7
3049;CCO[P@](C)(=S)Oc1ccc2ncccc2c1;5
3050;CCO[PH](=S)OCC;200
3051;CCO[SiH](Cl)OCC;6300
3052;CCO[Si](C)(C)CCl;1550
3053;CCO[Si](C)(C)OCC;9280
3054;CCO[Si](C)(C)c1ccccc1;2460
3055;CCO[Si](C)(CCCC#N)OCC;3730
3056;CCO[Si](C)(CCCCN)OCC;6500
3057;CCO[Si](CC)(OCC)OCC;14000
3058;CCO[Si](CCC#N)(OCC)OCC;5600
3059;CCO[Si](CCCC#N)(OCC)OCC;4920
3060;CCO[Si](CCCN)(OCC)OCC;1570
3061;CCO[Si](CCCS)(OCC)OCC;6108
3062;CCO[Si](CCCSC#N)(OCC)OCC;986
3063;CCO[Si](CCl)(OCC)OCC;2400
3064;CCO[Si](CNCCCCCCN)(OCC)OCC;500
3065;CCO[Si](CS)(OCC)OCC;2550
3066;CCO[Si](OCC)(OCC)OCC;6270
3067;CCOc1c(N2CCOCC2)cnn(C)c1=O;1900
3068;CCOc1cc(C(C)(C)C)ccc1[C@@H]1COC(c2c(F)cccc2F)=N1;4274
3069;CCOc1cc(C=O)ccc1O;1590
3070;CCOc1cc(Cc2cnc(N)nc2N)cc(OCC)c1-n1cccc1;1419
3071;CCOc1cc(OCC)c(C(=O)CCC(=O)O)cc1OCC;2450
3072;CCOc1cc(OP(=S)(OC)OC)nc(CC)n1;1800
3073;CCOc1cc(Oc2ccc(C(F)(F)F)cc2Cl)ccc1[N+](=O)[O-];5001
3074;CCOc1cc2c(cc1OCC)[C@H]1CC(=O)[C@H](CCC#N)CN1CC2;780
3075;CCOc1ccc(-c2ccccc2)cc1CN1CCCC1;30
3076;CCOc1ccc(-n2c(C)nc3ccccc3c2=O)cc1;4800
3077;CCOc1ccc(C(=O)COC(=O)CCC(=O)O)c2ccccc12;3500
3078;CCOc1ccc(C(=O)NCc2ccc(OCCNC)cc2)cc1OCC;3000
3079;CCOc1ccc(C2(c3ccc(OCC)cc3)CC2(Cl)Cl)cc1;755
3080;CCOc1ccc(C=O)cc1;2100
3081;CCOc1ccc(CCCCCCC(C)C)cc1;5600
3082;CCOc1ccc(Cl)cc1[C@@H](CN1CCCCC1)[C@H](C)CC;445
3083;CCOc1ccc(Cl)cc1[C@H](CN(C)C)[C@H](C)CC;632
3084;CCOc1ccc(F)cc1[C@H](CN(C)C)[C@H](C)CC;324
3085;CCOc1ccc(N(N=O)C(C)=O)cc1;21
3086;CCOc1ccc(N)cc1;540
3087;CCOc1ccc(N2C(=O)C=CC2=O)cc1;630
3088;CCOc1ccc(NC(=O)CC(C)=O)cc1;176
3089;CCOc1ccc(NC(=O)C[C@@H](C)O)cc1;7000
3090;CCOc1ccc(NC(=O)[C@H](N=Nc2ccc(-c3ccc(N=N[C@@H](C(C)=O)C(=O)Nc4ccc(OCC)cc4)c(Cl)c3)cc2Cl)C(C)=O)cc1;2228
3091;CCOc1ccc(NC(C)=O)cc1;1650
3092;CCOc1ccc(NC(N)=O)cc1;1900
3093;CCOc1ccc(NCCC#N)cc1;4600
3094;CCOc1ccc([C@H](CN(C)C)[C@@H](C)CC)cc1Cl;451
3095;CCOc1ccc([N+](=O)[O-])cc1;3300
3096;CCOc1ccc([N+](=O)[O-])cc1CNCCBr;25
3097;CCOc1ccc([N+](=O)[O-])cc1CNCCCl;25
3098;CCOc1ccc([N+](=O)[O-])cc1CNCCO;25
3099;CCOc1ccc2c(c1)C(C)=CC(C)(C)N2;800
3100;CCOc1ccc2c3c1O[C@H]1[C@@H](O)C=C[C@H]4[C@@H](C2)N(C)CC[C@@]341;810
3101;CCOc1ccc2cc(S(=O)(=O)O)ccc2c1N;12000
3102;CCOc1ccc2ccccc2c1;3110
3103;CCOc1ccccc1C(N)=O;2200
3104;CCOc1ccccc1N1CCN(C/C=C/c2ccc3c(c2)CCC(=O)N3)CC1;500
3105;CCOc1ccccc1N1CCN(CC/C=C/c2ccc3[nH]c(=O)ccc3c2)CC1;500
3106;CCOc1ccccc1N1CCN(CC/C=C/c2ccc3c(c2)CCC(=O)N3)CC1;500
3107;CCOc1ccccc1N1CCN(CCCCc2ccc3c(c2)CCC(=O)N3)CC1;500
3108;CCOc1ccccc1N1CCN(CCCc2ccc3c(c2)CCC(=O)N3)CC1;500
3109;CCOc1ccccc1OCC;7250
3110;CCOc1ccccc1OCC(O)CNCCNCC(O)COc1ccccc1OCC;560
3111;CCOc1ccccc1OC[C@H]1CNCCO1;2001
3112;CCOc1ccccc1OS(=O)(=O)NC(O)=Nc1nc(OC)cc(OC)n1;2910
3113;CCOc1nc(C(Cl)(Cl)Cl)ns1;1028
3114;CCOc1nn(CSP(=S)(OC)OC)c(=O)s1;268
3115;CCP(=O)(OC)Oc1ccc(C#N)cc1;0.78
3116;CCP(=S)(CC)Oc1cc(Cl)c(Cl)cc1Cl;100
3117;CCP(=S)(OC(C)C)SCN1C(=O)c2ccccc2C1=O;10
3118;CCP(=S)(OC)Oc1ccc([N+](=O)[O-])cc1Cl;23
3119;CCP(=S)(OC)SCN1C(=O)c2ccccc2C1=O;7.1
3120;CCP(=S)(OC)Sc1ccc(C)cc1;93
3121;CCP(=S)(OC)Sc1ccccc1;90
3122;CCP(c1ccccc1)c1ccccc1;500
3123;CCS;682
3124;CCS(=O)(=O)CCO;18000
3125;CCS(=O)(=O)CCOP(=S)(OC)OC;500
3126;CCS(=O)(=O)CCSP(=O)(OC)OC;32.4
3127;CCS(=O)(=O)CCn1c([N+](=O)[O-])cnc1C;2710
3128;CCS(=O)(=O)Cc1ccccc1OC(=O)NC;506
3129;CCS(=O)(=O)Cl;360
3130;CCS(=O)(=O)Nc1c(C)cc(OC(=O)NC)cc1C;780
3131;CCS(=O)(=O)Oc1ccc2c(c1)C(C)(C)CO2;2031
3132;CCS(=O)(=O)c1cc(C(=O)O)c(OC)cc1N;2001
3133;CCS(=O)(=O)c1nnc(N(C)C(=O)NC)s1;5001
3134;CCS(=O)CC;5650
3135;CCS(=O)CC(C)SP(=O)(OC)OC;89
3136;CCS(=O)CCOP(=S)(OC)OC;600
3137;CCSC(=O)COc1ccc(Cl)cc1C;790
3138;CCSC(=O)N(CC(C)C)CC(C)C;4000
3139;CCSC(=O)N(CC)C1CCCCC1;1678
3140;CCSC(=O)N(CC)CC;400
3141;CCSC(=O)N1CCCCCC1;369
3142;CCSC(=O)NC1CCCCC1;2300
3143;CCSC(=O)Oc1c(C(C)CC)cc([N+](=O)[O-])cc1[N+](=O)[O-];147
3144;CCSC(=S)N(C)C;550
3145;CCSC(=S)N(CC)CC;712
3146;CCSC(C)CC1CC(=O)C(/C(CC)=N/OC/C=C/Cl)=C(O)C1;1360
3147;CCSC(C)CC1CC(=O)C(C(=O)CC)C(=O)C1;170
3148;CCSC(SCC)=C(C#N)C#N;780
3149;CCSC(SCC)c1ccccc1OC(=O)NC;500
3150;CCSCC;3415
3151;CCSCCCl;252
3152;CCSCCOP(=S)(OC)OC;75
3153;CCSCCOc1ccc([N+](=O)[O-])cc1;826
3154;CCSCCSP(=O)(OC)OC;30
3155;CCSCCSP(=S)(OC)OC;40
3156;CCSCc1ccccc1OC(=O)NC;200
3157;CCSN(C)C(=O)Oc1cccc2c1OC(C)(C)C2;25
3158;CCSP(=O)(CC)SCC;30
3159;CCSP(=O)(CCl)SCC;35
3160;CCSP(=O)(OC)OC;13.8
3161;CCSP(=O)(OC)SCC;158
3162;CCSP(SCC)SCC;355
3163;CCSSCC;2030
3164;CCS[C@@H](C)C1(CC)C(=O)NC(=S)NC1=O;772
3165;CCS[C@@H](C)C[C@H]1CC(=O)[C@H](/C(CC)=N/OC/C=C/Cl)C(=O)C1;1360
3166;CCS[C@H](C)CC=O;2997
3167;CCS[P@@](=O)(CC)OC;9.9
3168;CCSc1nc(=O)n(CC(C)(C)C)c(=O)n1N;3500
3169;CCSc1nc(NC(C)C)nc(NC(C)C)n1;3900
3170;CCSc1nnc(C(C)(C)C)c(=O)n1N;599
3171;CC[C@@H](C(=O)[C@@H](C)[C@@H](O)[C@H](C)CCc1ccc(C)c(O)c1C(=O)O)[C@H]1O[C@](CC)([C@H]2CC[C@](O)(CC)[C@H](C)O2)C[C@@H]1C;122
3172;CC[C@@H](C(=O)[C@@H](C)[C@@H](O)[C@H](C)[C@@H]1O[C@H]([C@@H](CC)C(=O)O)[C@@H](C)C[C@H]1C)[C@@H]1O[C@]2(C=C[C@H](O)[C@]3(CC[C@@](C)([C@H]4CC[C@](O)(CC)[C@H](C)O4)O3)O2)[C@@H](C)C[C@@H]1C;18.5
3173;CC[C@@H](C)C[C@H](CC)N=O;3800
3174;CC[C@@H](C)C[C@H](CC)Nc1ccc(N[C@@H](CC)C[C@@H](C)CC)cc1;2400
3175;CC[C@@H](C)N;380
3176;CC[C@@H](C)N(C(=O)c1c(Cl)cccc1Cl)[C@@H](C)CC;1450
3177;CC[C@@H](C)N=O;930
3178;CC[C@@H](C)NC(=S)C(=S)N[C@H](C)CC;6
3179;CC[C@@H](C)O;2054
3180;CC[C@@H](C)O[C@H](CBr)c1ccc(Cl)cc1;250
3181;CC[C@@H](C)O[C@H](CBr)c1ccccc1;250
3182;CC[C@@H](C)O[P@@](=S)(CC)OC;7
3183;CC[C@@H](C)[C@@H]1CCCCC1=O;2400
3184;CC[C@@H](C)[C@H](CN(C)C)c1cc(F)ccc1OC;300
3185;CC[C@@H](C)[C@H](CN(C)C)c1ccc(OC)c(Cl)c1;454
3186;CC[C@@H](C)c1cc([N+](=O)[O-])cc([N+](=O)[O-])c1O;25
3187;CC[C@@H](C)c1cc([N+](=O)[O-])cc([N+](=O)[O-])c1OC(=O)Oc1ccc([N+](=O)[O-])cc1[N+](=O)[O-];108
3188;CC[C@@H](C)c1cc([N+](=O)[O-])cc([N+](=O)[O-])c1OC(=O)SC;200
3189;CC[C@@H](C)c1ccccc1O;320
3190;CC[C@@H](C)c1ccccc1OC(=O)NC;350
3191;CC[C@@H](C)c1cnc2nc(N)nc(N)c2c1C;100
3192;CC[C@@H](CO)NC(=O)[C@@H]1C=C2c3cccc4[nH]cc(c34)C[C@H]2N(C)C1;93
3193;CC[C@@H](CO)NC(=O)[C@@H]1C=C2c3cccc4c3c(cn4C)C[C@H]2N(C)C1;2100
3194;CC[C@@H](N)CO;800
3195;CC[C@@H](O)OC(C)(C)C;2525
3196;CC[C@@H](OC(C)=O)C(C[C@@H](C)NC)(c1ccccc1)c1ccccc1;44
3197;CC[C@@H](S/C(C)=N/OC(=O)NC)C(N)=O;14.1
3198;CC[C@@H](c1ccccc1)[C@H]1C(=O)Oc2ccccc2C1=O;200
3199;CC[C@@H]1C(=O)OC[C@H]1Cc1cncn1C;402
3200;CC[C@@H]1C(c2ccccc2)=CC[C@@H](C(=O)O)[C@@H]1C;2350
3201;CC[C@@H]1CO1;500
3202;CC[C@@H]1C[C@@H]2[C@H]3CCC4=CC(=O)CC[C@H]4[C@H]3CC[C@]2(C)[C@H]1O;12105
3203;CC[C@@H]1NC(=O)[C@H]2[C@@H](Cl)[C@@H](Cl)CN2C(=O)[C@H](CO)NC(=O)C[C@H](c2ccccc2)NC(=O)[C@@H](CO)NC1=O;5
3204;CC[C@@H]1OC/C(=N/OC(=O)NC)S1;60
3205;CC[C@@H]1OC1(C)C;3500
3206;CC[C@@H]1OCCS/C1=N\OC(=O)NC;19
3207;CC[C@@](C)(N)C#N;74
3208;CC[C@@](C)(O)C#C[C@@](C)(O)CC;1400
3209;CC[C@@](C)(O)CCc1ccccc1;2950
3210;CC[C@@](C)(O)c1ccccc1;1400
3211;CC[C@@](C)(OO)OO[C@@](C)(CC)OO;484
3212;CC[C@@](O)(COC(N)=O)c1ccccc1;607
3213;CC[C@@](O)(c1ccccc1)c1cccc(C(F)(F)F)c1;2235
3214;CC[C@@]1(O)C(=O)OCc2c1cc1n(c2=O)Cc2cc3ccccc3nc2-1;153
3215;CC[C@@]1(O)CN2CC[C@@H]1C[C@@H]2[C@H](O)c1ccnc2ccc(OC)cc12;600
3216;CC[C@@]1(O)C[C@H](O[C@H]2C[C@H](N(C)C)[C@H](O[C@H]3C[C@H](O)[C@H](O[C@H]4CCC(=O)[C@H](C)O4)[C@H](C)O3)[C@H](C)O2)c2c(cc3c(c2O)C(=O)c2c(O)cccc2C3=O)[C@H]1C(=O)OC;58.56
3217;CC[C@@]1([C@@H]2O[C@@H]([C@H]3O[C@@](O)(CO)[C@H](C)C[C@@H]3C)C[C@@H]2C)CC[C@H]([C@]2(C)CC[C@]3(C[C@H](O)[C@@H](C)[C@@H]([C@@H](C)[C@@H](OC)[C@H](C)C(=O)O)O3)O2)O1;100
3218;CC[C@@]1(c2ccccc2)CCC(=O)NC1=O;600
3219;CC[C@@]12CC[C@@H]3c4ccc(O)cc4CC[C@@H]3[C@@H]1C[C@@H](O)[C@@H]2O;5010
3220;CC[C@H](C(=O)O)C1(O)CCCCC1;4820
3221;CC[C@H](C(=O)O)c1ccc(CC(C)C)cc1;1600
3222;CC[C@H](C(=O)c1ccc2[nH]c(=O)ccc2c1)N1CCN(c2cccc(Cl)c2)CC1;500
3223;CC[C@H](C(c1ccc(Cl)cc1)c1ccc(Cl)cc1)[N+](=O)[O-];300
3224;CC[C@H](C)C(=O)O[C@@H]1[C@H](OC(C)=O)c2c(ccc3ccc(=O)oc23)OC1(C)C;1213
3225;CC[C@H](C)C=O;6400
3226;CC[C@H](C)CCCCC(=O)N[C@H](CCN)C(=O)N[C@@H](C(=O)N[C@H](CCN)C(=O)N[C@@H]1CCNC(=O)[C@H]([C@@H](C)O)NC(=O)[C@H](CCN)NC(=O)[C@@H](CCN)NC(=O)[C@@H]([C@H](C)O)NC(=O)[C@H](CC(C)C)NC(=O)[C@@H](CCN)NC1=O)[C@@H](C)O;910
3227;CC[C@H](C)N;152
3228;CC[C@H](C)N(C(=O)SCc1ccccc1)[C@@H](C)CC;10000
3229;CC[C@H](C)N1C(=O)N=C(C)[C@H](Br)C1=O;641
3230;CC[C@H](C)OC(C)=O;3200
3231;CC[C@H](C)S;5176
3232;CC[C@H](C)[C@@H](C)[C@H](C)CCc1ccc(O)cc1;2100
3233;CC[C@H](C)[C@H](C)CCOC(C)=O;5001
3234;CC[C@H](C)[C@H](CN(C)C)c1ccc(Cl)cc1Cl;567
3235;CC[C@H](C)c1cc(OC(=O)NC)ccc1C;35
3236;CC[C@H](C)c1cc([N+](=O)[O-])cc([N+](=O)[O-])c1OC(=O)OC(C)C;59
3237;CC[C@H](C)c1ccc(Cl)c(OC(=O)NC)c1;50
3238;CC[C@H](C)c1ccc(O)cc1;2450
3239;CC[C@H](C)c1ccccc1OC(N)=O;410
3240;CC[C@H](CO)NCCN[C@@H](CC)CO;998
3241;CC[C@H](Cc1c(I)cc(I)c(N)c1I)C(=O)O;1540
3242;CC[C@H](Cc1c(I)cc(I)c(O)c1I)C(=O)O;2001
3243;CC[C@H](O)CCO;20000
3244;CC[C@H](O)CO;16000
3245;CC[C@H]1C(C)=NN=C(c2ccc(OC)c(OC)c2)c2cc(OC)c(OC)cc21;825
3246;CC[C@H]1CCC[C@H](CC)C1N;157
3247;CC[C@H]1CCC[C@H](O[C@@H]2CC[C@H](N(C)C)[C@@H](C)O2)[C@@H](C)C(=O)C2=C[C@@H]3[C@H](C=C[C@H]4C[C@@H](O[C@@H]5O[C@@H](C)[C@H](OC)[C@H](OC)[C@@H]5OC)C[C@@H]34)[C@@H]2CC(=O)O1;3738
3248;CC[C@H]1CC[C@H](C)NC1;540
3249;CC[C@H]1Cc2cc(CC(=O)O)ccc2O1;1295
3250;CC[C@H]1NC(=O)c2ccccc2O1;1310
3251;CC[C@H]1OC(=O)C[C@H](O)[C@H](C)[C@H](O[C@@H]2O[C@H](C)[C@H](O)[C@@H](N(C)C)[C@H]2O)[C@H](CCN2C[C@H](C)C[C@@H](C)C2)C[C@H](C)C(=O)/C=C\C(C)=C/[C@@H]1CO[C@H]1O[C@H](C)[C@@H](O)[C@@H](OC)[C@@H]1OC;800
3252;CC[C@H]1OC(=O)[C@@H](C)[C@H](O[C@H]2C[C@@](C)(OC)[C@H](O)[C@@H](C)O2)[C@H](C)[C@H](O[C@@H]2O[C@@H](C)C[C@H](N(C)C)[C@H]2O)[C@](C)(O)C[C@@H](C)C(=NOCOCCOC)[C@H](C)[C@H](O)[C@]1(C)O;830
3253;CC[C@H]1OC(=O)[C@@H](C)[C@H](O[C@H]2C[C@@](C)(OC)[C@H](O)[C@H](C)O2)[C@H](C)[C@H](O[C@@H]2O[C@@H](C)C[C@H](N(C)C)[C@H]2O)[C@](C)(OC)C[C@H](C)C(=O)[C@H](C)[C@H](O)[C@]1(C)O;1270
3254;CC[C@H]1OC(=O)[C@H](C)[C@@H](O[C@H]2C[C@@](C)(OC)[C@@H](O)[C@H](C)O2)[C@H](C)[C@@H](O[C@@H]2O[C@H](C)C[C@H](N(C)C)[C@H]2O)[C@](C)(O)C[C@@H](C)C(=O)[C@H](C)[C@@H](O)[C@]1(C)O;4600
3255;CC[C@H]1OC=CC(=O)C1=O;1150
3256;CC[C@H]1OCS/C1=N\OC(=O)NC;24
3257;CC[C@H]1[C@@H]2C[C@H]3[C@@H]4N(C)c5ccccc5[C@]45C[C@@H](C2[C@H]5O)N3[C@@H]1O;360
3258;CC[C@](C)(C#N)/N=N/[C@](C)(C#N)CC;333
3259;CC[C@](C)(CCC(C)C)C(=O)OOC(C)(C)C;8082
3260;CC[C@](CCN(CC=C(C)C)CC=C(C)C)(C(N)=O)c1cccc2ccccc12;283
3261;CC[C@]1(C)C(=O)N(C[C@H]2CO2)C(=O)N1C[C@@H]1CO1;250
3262;CC[C@]1(OC(C)=O)CN2CC[C@@H]1C[C@H]2[C@H](O)c1ccnc2ccc(OC)cc12;600
3263;CC[C@]1(c2ccccc2)CCC(=O)N1;600
3264;CC[C@]1(c2ccccc2)CCNC1=O;990
3265;CC[C@]1(c2ccccc2)NC(=O)N(C)C1=O;850
3266;CC[C@]12CO[P@](=O)(OC1)OC2;3.08
3267;CC[N+](=O)[O-];1083
3268;CC[N+](C)(C)CCC(C(N)=O)(c1ccccc1)c1ccccc1;1350
3269;CC[N+](C)(C)CCO;6930
3270;CC[N+](C)(CC)CCO;2001
3271;CC[N@@+]1(C)CCC[C@@H](OC(=O)C(O)(c2ccccc2)c2ccccc2)C1;850
3272;CC[P@@](=O)(OC)Oc1ccc([N+](=O)[O-])cc1;1.5
3273;CC[P@@](=O)(OC)SC;8.3
3274;CC[P@@](=S)(OC)SCSCS[P@](=S)(CC)OC;3.9
3275;CC[P@@](=S)(OCC(C)C)Sc1ccc(Cl)cc1;58
3276;CC[P@@](=S)(OCCCl)Oc1ccc(C#N)cc1;2
3277;CC[P@](=O)(OC)Oc1ccc(C)cc1;475
3278;CC[P@](=O)(OC)Oc1ccc(Cl)cc1;98
3279;CC[P@](=O)(OC)Oc1ccc(S(C)(=O)=O)cc1;0.8
3280;CC[P@](=S)(OC)Oc1cc(Cl)c(Br)cc1Cl;80
3281;CC[P@](=S)(OC)Sc1ccc(C(C)(C)C)cc1;180
3282;CC[P@](=S)(OC)Sc1ccc(Cl)c(C)c1;89
3283;CC[P@](=S)(OCC(C)C)SCN1C(=O)c2ccccc2C1=O;75
3284;CC[P@](=S)(Oc1ccc([N+](=O)[O-])cc1Cl)OC(C)C;32
3285;CC[S@@](=O)CCO[P@](=O)(OC)OC=C(Cl)Cl;110
3286;CC[S@@](=O)CSP(=S)(OC(C)C)OC(C)C;25
3287;CC[S@@](=O)Cc1ccccc1OC(=O)NC;150
3288;CC[S@](=O)CCSP(=O)(OC)OC;48
3289;CC[S@](=O)CCSP(=S)(OC)OC;100
3290;CC[Se][Se]CC;90
3291;CC[Si](Cl)(Cl)CC;600
3292;CC[Si](Cl)(Cl)Cl;800
3293;CC[Si](OC(C)=O)(OC(C)=O)OC(C)=O;1460
3294;CC[Si]1(CC)N[Si](CC)(CC)N[Si](CC)(CC)N1;1920
3295;CCc1c(C)[nH]c2c1C(=O)[C@@H](CN1CCC3(CC1)OCCO3)CC2;240
3296;CCc1c(Cl)ccc(O)c1Cl;2263
3297;CCc1c2c(nc3ccc(OC(=O)N4CCC(N5CCCCC5)CC4)cc13)-c1cc3c(c(=O)n1C2)COC(=O)[C@@]3(O)CC;867
3298;CCc1cc(=O)c2ccccc2o1;1400
3299;CCc1cc(C(N)=S)ccn1;1320
3300;CCc1cc(CC)cc(OC(=O)NC)c1;1600
3301;CCc1cc2c(cc1C(C)=O)C(C)(C)CCC2(C)C;260
3302;CCc1cc2c(cc1C=O)C(C)(C)CCC2(C)C;3200
3303;CCc1cc2c(s1)-n1c(C)nnc1CN=C2c1ccccc1Cl;3509
3304;CCc1cc2c(s1)N(C)C(=O)CN=C2c1ccccc1Cl;1461
3305;CCc1ccc(=O)n(CSP(=S)(OC)OC)n1;30
3306;CCc1ccc(C(=O)c2ccccc2)c(C(=O)O)c1;4450
3307;CCc1ccc(C(c2ccc(CC)cc2)C(Cl)Cl)cc1;6600
3308;CCc1ccc(C)cc1;4850
3309;CCc1ccc(C)cc1O;530
3310;CCc1ccc(C)nc1;368
3311;CCc1ccc(CCO)nc1;4290
3312;CCc1ccc(OC/C=C(\C)CCC=C(C)C)cn1;800
3313;CCc1ccc(Oc2ccc(C)cc2CC(=O)O)c(Cl)c1;2853
3314;CCc1ccc([N+]([O-])=Cc2ccccc2)cc1;1345
3315;CCc1ccc2c(c1)C(=O)c1ccccc1C2=O;2795
3316;CCc1ccc2nc(C(F)(F)F)[nH]c2c1;28
3317;CCc1cccc(C)c1N;885
3318;CCc1cccc(C)c1N(C(=O)CCl)[C@@H](C)COC;2200
3319;CCc1cccc(CC)c1N;1800
3320;CCc1cccc(CC)c1N(CC(=O)O)C(=O)CCl;2300
3321;CCc1cccc(CC)c1N(CNC(C)=O)C(=O)CCl;3100
3322;CCc1cccc(CC)c1N(COC)C(=O)CCl;790
3323;CCc1cccc2c3c([nH]c12)[C@](CC)(CC(=O)O)OCC3;94
3324;CCc1ccccc1;3500
3325;CCc1ccccc1N;1260
3326;CCc1cnc(C(=O)O)c(C(=O)O)c1;3353
3327;CCc1cnc(C)cn1;900
3328;CCc1nc(N)nc(N)c1-c1ccc(Cl)cc1;440
3329;CCc1nc(N)nc(N)c1-c1ccccc1;126
3330;CCc1ncc(C)nc1C;456
3331;CCc1nccnc1C;600
3332;CCc1nn(-c2ccc(F)cc2)c2c(=O)[nH]ccc12;375
3333;CCc1nn(C)c(C(=O)NCc2ccc(C(C)(C)C)cc2)c1Cl;595
3334;CCc1oc2ccccc2c1C(=O)c1cc(Br)c(O)c(Br)c1;248
3335;CCc1oc2ccccc2c1C/C(=N/CCN1CCOCC1)NO;1900
3336;CCl;1800
3337;CCn1c(=O)c2ccccc2n(-c2cccc(C(F)(F)F)c2)c1=O;1500
3338;CCn1c(=O)oc2ccc(Cl)cc21;1350
3339;CCn1c2ccccc2c2cc(N)ccc21;144
3340;CCn1cc(C(=O)O)c(=O)c2cc(F)c(N3CCNC(C)C3)c(F)c21;3800
3341;CCn1cc(C(=O)O)c(=O)c2cc3c(cc21)OCO3;525
3342;CCn1cc(C(=O)O)c(=O)c2ccc(C)nc21;1160
3343;CCn1cc(C(=O)O)c(=O)c2cnc(N3CCNCC3)nc21;16000
3344;CCn1cc([C@H](O)CN(C)C)c2ccccc21;80
3345;CCn1nc(C(=O)O)c(=O)c2cc3c(cc21)OCO3;3610
3346;CI;76
3347;CN;80
3348;CN(C(=O)CF)c1cccc2ccccc12;67
3349;CN(C(=O)CN(CCO)CC(=O)N(C)C(C)(C)Cc1ccccc1)C(C)(C)Cc1ccccc1;1000
3350;CN(C(=O)c1cc(C(F)(F)F)cc(C(F)(F)F)c1)c1nc(C(F)(F)F)c(Cl)s1;501
3351;CN(C(O)=NC(C)(C)c1ccccc1)c1ccccc1;6130
3352;CN(C)/N=C1\S/C(=N\OC(=O)N(C)SC(Cl)(Cl)Cl)C(C)(C)S1;3.5
3353;CN(C)/N=N/c1ccc(-c2ccccc2)cc1;347
3354;CN(C)/N=N/c1ccc(Br)cc1;423
3355;CN(C)/N=N/c1ccc(C(N)=O)cc1;54
3356;CN(C)/N=N/c1ccc(Cl)cc1;362
3357;CN(C)/N=N/c1ccc(I)cc1;574
3358;CN(C)/N=N/c1ccc([N+](=O)[O-])cc1;1664
3359;CN(C)/N=N/c1cccc(C(N)=O)c1;54
3360;CN(C)/N=N/c1ccccc1C(=N)O;56
3361;CN(C)/N=N/c1cccnc1;160
3362;CN(C)C;460
3363;CN(C)C#N;146
3364;CN(C)C(=N)NC#N;3840
3365;CN(C)C(=O)/C=C/c1ccc2c(c1)OCO2;74
3366;CN(C)C(=O)C(CCN1CCC(O)(c2ccc(Cl)cc2)CC1)(c1ccccc1)c1ccccc1;98
3367;CN(C)C(=O)C(CC[N@+]1([O-])CC[C@@](O)(c2ccc(Cl)cc2)CC1)(c1ccccc1)c1ccccc1;172
3368;CN(C)C(=O)C(c1ccccc1)c1ccccc1;685
3369;CN(C)C(=O)CCCOC(=O)C(C)(C)Oc1ccc(Cl)cc1;2485
3370;CN(C)C(=O)CCNc1ccc(Br)cc1;1810
3371;CN(C)C(=O)CN1C(=O)[C@@H]2[C@H](C1=O)[C@@H]1C([C@](O)(c3ccccc3)c3ccccn3)=C[C@H]2/C1=C(\c1ccccc1)c1ccccn1;5.9
3372;CN(C)C(=O)Cl;1000
3373;CN(C)C(=O)N(C(=O)c1ccccc1)c1ccc(Cl)c(Cl)c1;5001
3374;CN(C)C(=O)N(C)C;794
3375;CN(C)C(=O)N(C)N=O;240
3376;CN(C)C(=O)NC1CCCCCCC1;1500
3377;CN(C)C(=O)N[C@@H]1C[C@@H]2C[C@H]1[C@@H]1CCC[C@H]21;2001
3378;CN(C)C(=O)N[C@H]1CC[C@H]2[C@@H]3CC[C@@H](C3)[C@H]21;1600
3379;CN(C)C(=O)Nc1cc(C(C)(C)C)on1;630
3380;CN(C)C(=O)Nc1ccc(Cl)c(Cl)c1;437
3381;CN(C)C(=O)Nc1ccc(Cl)cc1;1053
3382;CN(C)C(=O)Nc1ccc(Oc2ccc(Cl)cc2)cc1;3000
3383;CN(C)C(=O)Nc1ccc(SC(F)(F)Cl)c(Cl)c1;336
3384;CN(C)C(=O)Nc1cccc(C(F)(F)F)c1;1450
3385;CN(C)C(=O)Nc1cccc(OC(=O)NC(C)(C)C)c1;3000
3386;CN(C)C(=O)Nc1cccc(OC(F)(F)C(F)F)c1;1265
3387;CN(C)C(=O)Nc1ccccc1;6400
3388;CN(C)C(=O)O/N=C(\C#N)c1ccccc1;30.8
3389;CN(C)C(=O)OC1=CC(=O)CC(C)(C)C1;120
3390;CN(C)C(=O)Oc1c(Cl)c(Cl)cc2[nH]c(C(F)(F)F)nc12;41
3391;CN(C)C(=O)Oc1cccc2sccc12;34
3392;CN(C)C(=O)Oc1ccccc1C1SCCS1;16
3393;CN(C)C(=O)SCCCCOc1ccccc1;1150
3394;CN(C)C(=O)c1cccc(-c2ccccc2)c1O;1900
3395;CN(C)C(=O)c1ccccc1O;2300
3396;CN(C)C(=O)n1c(Br)nc(Br)c1Br;50
3397;CN(C)C(=S)N(C)C;920
3398;CN(C)C(=S)N/N=C/c1ccc([N+](=O)[O-])o1;750
3399;CN(C)C(=S)SC(=S)N(C)C;425
3400;CN(C)C(=S)SCN1CCOCC1;1500
3401;CN(C)C(=S)SSC(=S)N(C)C;560
3402;CN(C)C(=S)SSC(=S)NCCNC(=S)SSC(=S)N(C)C;3000
3403;CN(C)C(=S)c1ccc2c(c1)OCO2;79
3404;CN(C)C(C)(C)CO;1656
3405;CN(C)C(CSC#N)CSC#N;82
3406;CN(C)C(CSC(N)=O)CSC(N)=O;225
3407;CN(C)C(CSS(=O)(=O)c1ccccc1)CSS(=O)(=O)c1ccccc1;1105
3408;CN(C)C(O)=Nc1ccc(-n2nc(C(C)(C)C)oc2=O)c(Cl)c1;1000
3409;CN(C)C/C=C(/c1ccc(Br)cc1)c1cccnc1;900
3410;CN(C)C1CC(c2ccccc2)c2ccccc21;176
3411;CN(C)C1CCCCC1;348
3412;CN(C)C=C1C(=O)N(c2ccccc2)N=C1c1ccccc1;890
3413;CN(C)C=CC#N;946
3414;CN(C)C=Nc1c(I)cc(I)c(CCC(=O)O)c1I;1030
3415;CN(C)C=O;3000
3416;CN(C)CC#N;50
3417;CN(C)CC(=O)/N=N/Cc1c(Cl)nc2sccn12;1500
3418;CN(C)CC/C=C1/c2ccccc2CSc2ccccc21;450
3419;CN(C)CC/C=C1/c2ccccc2Sc2ccc(Cl)cc21;200
3420;CN(C)CC/C=C1\c2ccccc2COc2ccccc21;147
3421;CN(C)CC1CCCCC1;1230
3422;CN(C)CCC#N;2600
3423;CN(C)CCC=C1c2ccccc2C(C)(C)c2ccccc21;170
3424;CN(C)CCC=C1c2ccccc2CCc2ccccc21;320
3425;CN(C)CCCCCCN(C)C;238
3426;CN(C)CCCN;1870
3427;CN(C)CCCN(C)C;624
3428;CN(C)CCCN1C(=O)c2cc([N+](=O)[O-])ccc2Oc2ccccc21;1690
3429;CN(C)CCCN1c2ccccc2C(C)(C)c2ccccc21;1850
3430;CN(C)CCCN1c2ccccc2CCc2cc(O)ccc21;2980
3431;CN(C)CCCN1c2ccccc2CCc2ccc(Cl)cc21;613
3432;CN(C)CCCN1c2ccccc2CCc2ccccc21;250
3433;CN(C)CCCN1c2ccccc2Sc2ccc(C(F)(F)F)cc21;185
3434;CN(C)CCCN1c2ccccc2Sc2ccc(Cl)cc21;142
3435;CN(C)CCCN1c2ccccc2Sc2ccccc21;350
3436;CN(C)CCCNCCCN;1545
3437;CN(C)CCCNCCCN(C)C;2250
3438;CN(C)CCCO;2130
3439;CN(C)CCCOc1nn(Cc2ccccc2)c2ccccc12;950
3440;CN(C)CCC[C@@H]1c2ccccc2Nc2ccc(Cl)cc21;379
3441;CN(C)CCCn1c(=O)n(-c2ccccc2)c2cc(Cl)ccc21;2001
3442;CN(C)CCCn1c2c(c3ccccc31)CCCCCC2;775
3443;CN(C)CCCn1c2ccccc2c(=O)c2c([N+](=O)[O-])cccc21;53.3
3444;CN(C)CCN;1135
3445;CN(C)CCN(C)C;268
3446;CN(C)CCN(C)n1cc(-c2ccccc2)c2ccccc21;1160
3447;CN(C)CCN(Cc1ccc(Cl)cc1)c1ccccn1;920
3448;CN(C)CCN1C(=O)c2ccccc2N(C)c2ccccc21;220
3449;CN(C)CCN1C(=O)c2ccccc2Nc2cc(Cl)ccc21;242
3450;CN(C)CCNC(=O)C(C)(C)Oc1ccc(Cl)cc1;130
3451;CN(C)CCNN;2110
3452;CN(C)CCNc1ncnc2ccccc12;670
3453;CN(C)CCO;1192.95
3454;CN(C)CCOC(=O)COc1ccc(Cl)cc1;2600
3455;CN(C)CCOC(c1ccccc1)c1ccccc1;390
3456;CN(C)CCOC1=Cc2ccccc2Sc2ccc(Cl)cc21;306
3457;CN(C)CCOCCN(C)C;587
3458;CN(C)CCOCCOC(=O)C1(c2ccccc2)CCCC1;1270
3459;CN(C)CCOc1ccc(/C(=C(/CCCl)c2ccccc2)c2ccccc2)cc1;1700
3460;CN(C)CCOc1ccccc1Cc1ccccc1;1400
3461;CN(C)CCOc1ccnc(N)n1;1500
3462;CN(C)CC[C@H](c1ccc(Cl)cc1)c1ccccn1;118
3463;CN(C)Cc1cc(-c2ccccc2)ccc1O;25
3464;CN(C)Cc1cc(C(C)(C)C)c(O)c(C(C)(C)C)c1;365
3465;CN(C)Cc1cc(CN(C)C)c(O)c(CN(C)C)c1;1200
3466;CN(C)Cc1ccccc1;265
3467;CN(C)N;122
3468;CN(C)N(C)N=O;95
3469;CN(C)N=Nc1ccc(C(=O)O)cc1;320
3470;CN(C)N=Nc1ccc(F)cc1;326
3471;CN(C)N=Nc1ccccc1;310
3472;CN(C)N=Nc1nc[nH]c1C(N)=O;2147
3473;CN(C)N=O;37
3474;CN(C)NC(=O)CCC(=O)O;8400
3475;CN(C)P(=O)(F)N(C)C;1
3476;CN(C)P(=O)(N(C)C)N(C)C;2650
3477;CN(C)P(=O)(N(C)C)n1nc(-c2ccccc2)nc1N;20
3478;CN(C)P(=O)(OP(=O)(N(C)C)N(C)C)N(C)C;5
3479;CN(C)S(=O)(=O)CCCCCNC(=O)N(CCCl)N=O;250
3480;CN(C)S(=O)(=O)CCCCNC(=O)N(CCCl)N=O;250
3481;CN(C)S(=O)(=O)CCNC(=O)N(CCCl)N=O;39
3482;CN(C)S(=O)(=O)CCNC(=O)NCCCl;50
3483;CN(C)S(=O)(=O)Cl;1215
3484;CN(C)S(=O)(=O)N(SC(F)(Cl)Cl)c1ccccc1;500
3485;CN(C)S(=O)(=O)c1c(Cl)c(Cl)c(Cl)c2[nH]c(C(F)(F)F)nc12;4.768
3486;CN(C)S(=O)(=O)c1cc(Cl)c(N)cc1Cl;4087
3487;CN(C)[C@@H]1C(O)=C(C(N)=O)C(=O)[C@@]2(O)C(O)=C3C(=O)c4c(O)cccc4[C@@](C)(O)[C@H]3[C@H](O)[C@@H]12;4800
3488;CN(C)[C@H]1C(=O)[C@@H](C(N)=O)C(=O)[C@@]2(O)C(=O)[C@H]3C(=O)c4c(O)cccc4[C@@](C)(O)[C@H]3C[C@H]12;807
3489;CN(C)[C@H]1c2ccccc2NC(=O)c2ccccc21;2001
3490;CN(C)[N+](=O)[O-];1095
3491;CN(C)[P@@](=O)(OC=C(Cl)Cl)c1ccc(Cl)cc1;500
3492;CN(C)[P@@](=S)(Cl)n1ccnc1;0.75
3493;CN(C)[P@]1(=S)OCc2cc([N+](=O)[O-])ccc2O1;125
3494;CN(C)[SiH](N(C)C)N(C)C;594
3495;CN(C)c1c(Cl)c(Cl)c(Cl)c2nc(C(F)(F)F)[nH]c12;22
3496;CN(C)c1ccc(-c2nc(=O)n(C)nc2-c2ccc(N(C)C)cc2)cc1;3000
3497;CN(C)c1ccc(/C=C/c2ccccc2)cc1;50
3498;CN(C)c1ccc(/C=C2\C(=O)N=C3c4ccccc4N=CN32)cc1;355
3499;CN(C)c1ccc(/N=N/c2cccc(Br)c2)cc1;13000
3500;CN(C)c1ccc(/N=N/c2cccc(C(=O)O)c2)cc1;3757
3501;CN(C)c1ccc(C(=N)c2ccc(N(C)C)cc2)cc1;3000
3502;CN(C)c1ccc(C(O)(c2ccc(N(C)C)cc2)c2ccc(N(C)C)cc2)cc1;770
3503;CN(C)c1ccc(Cn2cnc3c2c(=O)n(C)c(=O)n3C)cc1;1100
3504;CN(C)c1ccc(N)cc1;50
3505;CN(C)c1ccc(N=Nc2ccccc2)cc1;200
3506;CN(C)c1ccc(SC#N)cc1;500
3507;CN(C)c1ccccc1;951
3508;CN(C)c1ccccc1C[S@](=O)c1nc2ccccc2[nH]1;1300
3509;CN(C)c1ccncc1;250
3510;CN(C)c1nc(=O)n(C2CCCCC2)c(=O)n1C;1200
3511;CN(C)c1nc(N(C)C)nc(N(C)C)n1;350
3512;CN(C)c1nc2cc(Cl)ccc2o1;800
3513;CN(C)c1ncnc2c1ncn2CC1CC1;570
3514;CN(C/C=C/C#CC(C)(C)C)Cc1cccc2ccccc12;4000
3515;CN(C1CCCCC1)C1CCCCC1;446
3516;CN(CC#N)N=O;45
3517;CN(CCC#N)CCC#N;890
3518;CN(CCCCCC(=O)O)S(=O)(=O)c1ccccc1;3040
3519;CN(CCCl)CCCl;10
3520;CN(CCCl)N=O;22
3521;CN(CCCn1cnc2c1c(=O)n(C)c(=O)n2C)c1ccccc1;1639
3522;CN(CCN(C)N=O)N=O;125
3523;CN(CCO)CCO;1945
3524;CN(CCO)Cc1cc(C(=O)c2cccs2)cc(C(C)(C)C)c1O;1000
3525;CN(CCO)c1ccc(/N=N/c2c(Cl)cc([N+](=O)[O-])cc2Cl)cc1;2820
3526;CN(CCO)c1ccccc1;2830
3527;CN(CC[C@H](N)CC(O)=N[C@H]1C=C[C@H](n2ccc(=N)nc2O)O[C@@H]1C(=O)O)C(=N)N;53.3
3528;CN(CCc1ccccc1)N=O;48
3529;CN(CCn1cnc2c1c(=O)n(C)c(=O)n2C)c1ccccc1;2880
3530;CN(CO)C(=O)Oc1cccc2ccccc12;5360
3531;CN(Cc1ccc(Cl)cc1Cl)S(N)(=O)=O;2350
3532;CN(Cc1ccccc1)N=O;18
3533;CN(Cc1cnc2nc(N)nc(N)c2n1)c1ccc(C(=O)N[C@H](CCC(=O)O)C(=O)O)cc1;135
3534;CN(N=Nc1ccccc1)N=Nc1ccccc1;212
3535;CN(N=O)C(=N)N[N+](=O)[O-];90
3536;CN(N=O)C(=O)C(=O)N(C)N=O;96
3537;CN(N=O)C(=O)NC(N)=O;450
3538;CN(N=O)C(C)(C)c1ccccc1;2100
3539;CN(N=O)C(N)=O;110
3540;CN(N=O)C1CCCCC1;30
3541;CN(N=O)C1CCS(=O)(=O)C1;750
3542;CN(N=O)c1ccc(C=O)cc1;2001
3543;CN(N=O)c1ccc(N=Nc2ccccc2)cc1;1200
3544;CN(N=O)c1ccc(N=O)cc1;1370
3545;CN(N=O)c1ccccc1;225
3546;CN(N=O)c1ccccn1;60
3547;CN(N=O)c1cccnc1;10
3548;CN(N=O)c1ccncc1;200
3549;CN(SC(Cl)(Cl)Cl)C(=O)O/N=C1\SC(=C(C#N)C#N)SC1(C)C;538
3550;CN(SC(Cl)(Cl)Cl)C(=O)Oc1cccc2c1OC(C)(C)C2;125
3551;CN(SSC(C)(C)C)C(=O)O/N=C1\SC(C)(C)C(=O)N1C;299
3552;CN(SSC(C)(C)C)C(=O)ON=C1SCCS1;5.6
3553;CN(SSN(C)C(=O)O/N=C1/CSCCS1)C(=O)O/N=C1/CSCCS1;160
3554;CN(Sc1c(Cl)c(Cl)c(Cl)c(Cl)c1Cl)C(=O)Oc1cccc2c1OC(C)(C)C2;25
3555;CN(Sc1cc(Cl)ccc1Cl)C(=O)Oc1cccc2c1OC(C)(C)C2;25
3556;CN(Sc1ccc(Cl)c(Cl)c1)C(=O)Oc1cccc2c1OC(C)(C)C2;25
3557;CN(Sc1ccc(F)cc1)C(=O)Oc1cccc2c1OC(C)(C)C2;25
3558;CN(Sc1ccc([N+](=O)[O-])cc1)C(=O)Oc1cccc2c1OC(C)(C)C2;25
3559;CN(Sc1ccccc1)C(=O)Oc1cccc2c1OC(C)(C)C2;25
3560;CN(c1c(Br)cc(Br)cc1Br)c1c([N+](=O)[O-])cc([N+](=O)[O-])cc1C(F)(F)F;2
3561;CN(c1ccc(Cl)cc1)S(=O)(=O)c1ccc(Cl)cc1;2500
3562;CN(c1ccc(Cl)cc1Br)c1c([N+](=O)[O-])cc([N+](=O)[O-])cc1C(F)(F)F;4.5
3563;CN(c1ccc(Cl)cc1Cl)c1c([N+](=O)[O-])cc([N+](=O)[O-])cc1C(F)(F)F;4.5
3564;CN(c1ccc(F)cc1F)c1c([N+](=O)[O-])cc([N+](=O)[O-])cc1C(F)(F)F;250
3565;CN(c1nc2ccccc2s1)C1CCN(CCCCOc2ccc(F)cc2)CC1;154
3566;CN/C(=N/[N+](=O)[O-])NC[C@@H]1CCOC1;2001
3567;CN/C(=N\C#N)NCCSCc1nc[nH]c1C;5001
3568;CN/C(C[N+](=O)[O-])=N/CCSCc1csc(CN(C)C)n1;1653
3569;CN1C(=O)C(O)N=C(c2ccccc2)c2cc(Cl)ccc21;2001
3570;CN1C(=O)CC(=O)N(c2ccccc2)c2cc(Cl)ccc21;6000
3571;CN1C(=O)CCS(=O)(=O)[C@@H]1c1ccc(Cl)cc1;605
3572;CN1C(=O)CCS(=O)(=O)[C@H]1c1ccc(Cl)c(Cl)c1;1050
3573;CN1C(=O)CN2CCc3ccccc3[C@H]2c2cc(Cl)ccc21;1730
3574;CN1C(=O)CN=C(c2ccccc2)c2cc(Cl)ccc21;249
3575;CN1C(=O)CN=C(c2ccccc2)c2cc([N+](=O)[O-])ccc21;970
3576;CN1C(=O)CN=C(c2ccccc2F)c2c1ccc(NC(=O)N1CCOCC1)c2Cl;1250
3577;CN1C(=O)CN=C(c2ccccc2F)c2cc(Cl)ccc21;1740
3578;CN1C(=O)CN=C(c2ccccc2F)c2cc([N+](=O)[O-])ccc21;415
3579;CN1C(=O)OC(C)(C)C1=O;2140
3580;CN1C(=O)[C@@H]2C=C[C@H]1c1ccccc12;806
3581;CN1C(=O)[C@@H]2[C@H](C1=O)[C@@H]1C([C@](O)(c3ccccc3)c3ccccn3)=C[C@H]2C1=C(c1ccccc1)c1ccccn1;12
3582;CN1C(=O)c2ccc([N+](=O)[O-])cc2C1=O;2800
3583;CN1C(C(=O)Nc2ccccn2)=C(O)c2ccccc2S1(=O)=O;216
3584;CN1C(C(=O)Nc2ccccn2)=C(OC(=O)C(C)(C)C)c2sc(Cl)cc2S1(=O)=O;24.6
3585;CN1C(C(=O)Nc2ccccn2)=C(OC(=O)[C@]23C[C@H]4C[C@H](C[C@H](C4)C2)C3)c2sc(Cl)cc2S1(=O)=O;100
3586;CN1C(C(=O)Nc2ccccn2)C(=O)c2sc(Cl)cc2S1(=O)=O;5.73
3587;CN1CC=NC1=S;2250
3588;CN1CCC(=C2c3ccccc3C=Cc3ccccc32)CC1;295
3589;CN1CCC(=C2c3ccccc3CCc3sccc32)CC1;410
3590;CN1CCC(=C2c3ccccc3Sc3ccccc32)CC1;550
3591;CN1CCC(C=C2c3ccccc3CCc3ccccc32)C1;303
3592;CN1CCC(N(Cc2cccs2)c2ccccc2)CC1;1060
3593;CN1CCC(N2N=C(c3ccccc3)[C@H](Cc3ccccc3)C2=O)CC1;2700
3594;CN1CCC(Oc2ccc(N)cc2)(c2ccccc2)CC1;410
3595;CN1CCC(c2c[nH]c3ccccc23)C1;413
3596;CN1CCC2=C(C1)c1ccccc1Cc1ccccc12;554
3597;CN1CCCC1=O;3914
3598;CN1CCCCC1CCN1c2ccccc2Sc2ccc(Br)cc21;900
3599;CN1CCCC[C@@H]1CCN1c2ccccc2Sc2ccc(Cl)cc21;1200
3600;CN1CCCC[C@H]1CCN1c2ccccc2Sc2ccc([S@@](C)=O)cc21;644
3601;CN1CCCN(C)C1=O;1770
3602;CN1CCCN([C@H](c2ccccc2)c2ccc(Cl)cc2)CC1;490
3603;CN1CCCN=C1/C=C/c1cccs1;170
3604;CN1CCC[C@@H](n2nc(Cc3ccc(Cl)cc3)c3ccccc3c2=O)CC1;310
3605;CN1CCC[C@H]1c1cccnc1;51.25
3606;CN1CCN(C(=O)/N=N/Cc2ccc([N+](=O)[O-])o2)CC1;750
3607;CN1CCN(C(=O)Cn2c(=O)sc3ccc(Cl)cc32)CC1;640
3608;CN1CCN(C(=O)OC2c3nccnc3C(=O)N2c2ccc(Cl)cn2)CC1;827
3609;CN1CCN(C)C1=O;300
3610;CN1CCN(C)CC1;1116.2
3611;CN1CCN(C2=Nc3cc(Cl)ccc3Nc3ccccc32)CC1;251
3612;CN1CCN(C2=Nc3ccccc3Cc3ccccc32)CC1;660
3613;CN1CCN(C2=Nc3ccccc3Oc3ccc(Cl)cc32)CC1;151
3614;CN1CCN(C2=Nc3ccccc3Sc3ccc(Cl)cc32)CC1;280
3615;CN1CCN(CC(=O)N/N=C/c2ccc([N+](=O)[O-])o2)CC1;990
3616;CN1CCN(CCC(=O)NN=Cc2ccc([N+](=O)[O-])o2)CC1;300
3617;CN1CCN(CCC=C2c3ccccc3Sc3ccc(S(=O)(=O)N(C)C)cc32)CC1;720
3618;CN1CCN(CCCCCCCCNC(=O)Oc2ccc3c(c2)[C@@]2(C)CCN(C)[C@H]2N3C)CC1;27.7
3619;CN1CCN(CCCN2c3ccccc3Sc3ccc(Cl)cc32)CC1;1800
3620;CN1CCN(CCCN2c3ccccc3Sc3ccccc32)CC1;500
3621;CN1CCN(N=O)CC1;100
3622;CN1CCN2c3ccccc3Cc3ccccc3[C@H]2C1;925
3623;CN1CCN=C(c2ccccc2)c2cc(Cl)ccc21;900
3624;CN1CCOCC1;1212.4
3625;CN1CC[C@@]2(C)c3cc(OC(=O)NCCCCCCCCCCN4CCCCC4)ccc3N(C)[C@H]12;15.3
3626;CN1CC[C@@]2(C)c3cc(OC(=O)NCCCCCCCCN4CCOCC4)ccc3N(C)[C@@H]12;23
3627;CN1CC[C@@]2(C)c3cc(OC(=O)NCCCCCCCCN4CCSCC4)ccc3N(C)[C@@H]12;23.8
3628;CN1CC[C@@]23c4c5ccc(O)c4O[C@@H]2[C@H](O)C=C[C@@H]3[C@@H]1C5;335
3629;CN1CC[C@H](CN2c3ccccc3Sc3ccccc32)C1;162
3630;CN1CC[C@]2(C)c3cc(OC(=O)NCCCCCCCCCCN4CCOCC4)ccc3N(C)[C@H]12;40
3631;CN1CC[C@]23CCCC[C@@H]2[C@H]1Cc1ccc(O)cc13;250
3632;CN1CC[C@]23c4c5ccc(O)c4O[C@@H]2[C@@H](N=[N+]=[N-])CC[C@]3(O)[C@H]1C5;190
3633;CN1CC[C@]23c4c5ccc(O)c4O[C@H]2[C@H](N=[N+]=[N-])CC[C@H]3[C@H]1C5;62
3634;CN1CCc2ccccc21;1250
3635;CN1CN(CC(=O)O)CSC1=S;1000
3636;CN1CN(CCO)CSC1=S;1000
3637;CN1COCN(Cc2cnc(Cl)s2)C1=N[N+](=O)[O-];1563
3638;CN1CSC(=S)N(C)C1;320
3639;CN1C[C@@H](CCN2CC=C(c3ccccc3)CC2)OC1=O;340
3640;CN1C[C@H](C[C@@H](C#N)C(N)=O)C[C@H]2c3cccc4[nH]cc(c34)C[C@@H]21;1000
3641;CN1C[C@H](O)N(c2nnc(C(C)(C)C)s2)C1=O;1542
3642;CN1Cc2c(N)cccc2[C@@H](c2ccccc2)C1;267
3643;CN1Cc2ccccc2C(=O)c2cc(CC(=O)O)ccc21;840
3644;CN1Cc2ccccc2[C@@H]2CCc3ccccc3[C@H]21;1005
3645;CN1[C@@H](C(=O)Nc2ccccn2)C(=O)c2sccc2S1(=O)=O;79
3646;CN1[C@@H](C(=O)Nc2nccs2)C(=O)c2ccccc2S1(=O)=O;136
3647;CN1[C@@H]2CC[C@@H]1CC(OC(=O)C(CO)c1ccccc1)C2;500
3648;CN1[C@@H]2C[C@@H](OC(=O)[C@@H](CO)c3ccccc3)C[C@H]1[C@@H]1O[C@@H]12;2650
3649;CN1c2c(oc(=O)n(-c3ccccn3)c2=O)-c2ccccc2S1(=O)=O;1434
3650;CN1c2ccccc2Sc2ccc(CC(=O)O)cc21;495
3651;CN=C(O)O/N=C(/C)C(C)(C)[N+](=O)[O-];13
3652;CN=C(O)O/N=C1/COCS1;49
3653;CN=C(O)O/N=C1/SCOC1(C)C;2
3654;CN=C(O)O/N=C1/SCO[C@H]1C;12
3655;CN=C(O)O/N=C1/S[C@@H](C)O[C@@H]1C;4.5
3656;CN=C(O)O/N=C1\COCCS1;37
3657;CN=C(O)O/N=C1\SCO[C@@H]1C(C)C;16
3658;CN=C(O)Oc1cccc(C)c1;268
3659;CN=C(O)Oc1cccc2c1O[C@@H](C)C2;43
3660;CN=C(O)Sc1ccc(OS(C)(=O)=O)cc1;112
3661;CN=C1C=CC(=C(c2ccc(N(C)C)cc2)c2ccc(N(C)C)cc2)C=C1;413
3662;CN=C=O;51.5
3663;CN=C=S;55
3664;CN=NNc1ccc(C)cc1;380.9
3665;CN=NNc1ccc(I)cc1;498.9
3666;CNC;698
3667;CNC(=N)NC(=O)Nc1c(C)cccc1C;184
3668;CNC(=O)/C=C(\C)OP(=O)(OC)OC;18
3669;CNC(=O)CC#N;387
3670;CNC(=O)CCS;730
3671;CNC(=O)CSP(=O)(OC)OC;25
3672;CNC(=O)CSP(=S)(OC)OC;245
3673;CNC(=O)CS[P@@](=O)(OC)SC;100
3674;CNC(=O)CS[P@](C)(=S)OC;10
3675;CNC(=O)CS[P@](O)(=S)OC;1500
3676;CNC(=O)N(C)N=O;280
3677;CNC(=O)N(C)c1nnc(C(C)(C)C)s1;640
3678;CNC(=O)N(C)c1nnc(C(F)(F)F)s1;278
3679;CNC(=O)N(O)c1ccccc1;3400
3680;CNC(=O)N1C(=O)CN=C(c2ccccc2)c2cc([N+](=O)[O-])ccc21;2280
3681;CNC(=O)Nc1ccccc1;3440
3682;CNC(=O)Nc1nc2ccccc2s1;1280
3683;CNC(=O)Nc1nnc(C(C)(C)C)s1;2001
3684;CNC(=O)O/N=C(\C)C(C)S(C)(=O)=O;458
3685;CNC(=O)O/N=C(\SC)c1ccc(Cl)cc1;670
3686;CNC(=O)O/N=C/C(C)(C)S(C)(=O)=O;20
3687;CNC(=O)O/N=C/C1(C)S[C@H](C)[C@@H](C)S1;2.5
3688;CNC(=O)O/N=C/[C@@]1(C)SC[C@@H](C)S1;1
3689;CNC(=O)O/N=C1/CO[C@H](C)S1;49
3690;CNC(=O)O/N=C1/CSC(C)(C)S1;2
3691;CNC(=O)O/N=C1/CSCCS1;15
3692;CNC(=O)O/N=C1\CCC[C@@]1(C)[N+](=O)[O-];4
3693;CNC(=O)O/N=C1\CCC[C@]1(C)C#N;18
3694;CNC(=O)O/N=C1\S/C(=N\C(C)C)SC1(C)C;8.9
3695;CNC(=O)O/N=C1\SC(C)(C)S[C@H]1C;1.02
3696;CNC(=O)O/N=C1\SCC(=O)NC1(C)C;1.11
3697;CNC(=O)O/N=C1\SCC(=O)N[C@H]1C;5.66
3698;CNC(=O)O/N=C1\SCCOC1(C)C;0.6
3699;CNC(=O)O/N=C1\SCCO[C@H]1C;6
3700;CNC(=O)O/N=C1\SCCSC1(C)C;0.27
3701;CNC(=O)O/N=C1\SCCS[C@H]1C;2.2
3702;CNC(=O)O/N=C1\SCSC1(C)C;0.67
3703;CNC(=O)O/N=C1\SCS[C@@H]1C;0.88
3704;CNC(=O)O/N=C1\[C@@H](Cl)[C@H]2C[C@@H](C#N)[C@@H]1C2;24
3705;CNC(=O)O/N=C\C(C)(C)[S@](C)=O;0.49
3706;CNC(=O)OCc1ccc(Cl)c(Cl)c1;1870
3707;CNC(=O)OCc1cccc(COC(=O)NC)n1;1230
3708;CNC(=O)ON=C(C)SC;14.7
3709;CNC(=O)ON=C(C)[C@@H](C)SC;153
3710;CNC(=O)ON=C(CSC)C(C)(C)C;8.5
3711;CNC(=O)ON=C(SC)C(=O)N(C)C;2.5
3712;CNC(=O)ON=C1C2CCC(C2)C1(C)[N+](=O)[O-];24
3713;CNC(=O)ON=C1CS(=O)CCS1;12.3
3714;CNC(=O)ON=C1CSC(C)CS1;5.1
3715;CNC(=O)ON=C1CSCCSC1;400
3716;CNC(=O)ON=C1CSCS1;13
3717;CNC(=O)ON=C1SC(=NC(C)(C)C)SC1(C)C;31.5
3718;CNC(=O)ON=C1SC(=NN(C)C)SC1(C)C;1.8
3719;CNC(=O)ON=C1SC(C)C(=O)NC1(C)C;0.884
3720;CNC(=O)ON=C1SCCS1;3
3721;CNC(=O)ON=C1[C@@H](Cl)[C@@H]2C[C@H](C#N)[C@H]1C2;25
3722;CNC(=O)ON=CC(C)(C)OC;15
3723;CNC(=O)ON=CC(C)(C)SC;0.5
3724;CNC(=O)O[C@@H]1C[C@@H](C)CC[C@H]1C(C)C;250
3725;CNC(=O)O[C@H]1C(C)(C)[C@@H]2CC[C@@]1(C)C2;500
3726;CNC(=O)Oc1c(C(C)C)ccc(C)c1Cl;250
3727;CNC(=O)Oc1c(C(C)C)ccc(C)c1N(C)C;67
3728;CNC(=O)Oc1cc(C(C)(C)C)cc(C(C)(C)C)c1;1800
3729;CNC(=O)Oc1cc(C(C)C)c(OC(=O)NC)cc1C;60
3730;CNC(=O)Oc1cc(C(C)C)cc(C(C)C)c1;200
3731;CNC(=O)Oc1cc(C(C)C)ccc1C;250
3732;CNC(=O)Oc1cc(C(C)C)ccc1Cl;21
3733;CNC(=O)Oc1cc(C)c(C)c(C)c1;178
3734;CNC(=O)Oc1cc(C)c(C)cc1Cl;30
3735;CNC(=O)Oc1cc(C)c(N(C)C)c(C)c1;14
3736;CNC(=O)Oc1cc(C)c(NC(=O)O)c(C)c1;71
3737;CNC(=O)Oc1cc(C)c(SC)c(C)c1;20
3738;CNC(=O)Oc1cc(C)c([S@](C)=O)c(C)c1;42
3739;CNC(=O)Oc1cc(C)cc(C(C)C)c1;35
3740;CNC(=O)Oc1cc(C)cc(C)c1;245
3741;CNC(=O)Oc1cc(C)ccc1C(C)C;500
3742;CNC(=O)Oc1ccc(/N=C/N(C)C)c(C)c1;7.2
3743;CNC(=O)Oc1ccc(C)c(C)c1;290
3744;CNC(=O)Oc1ccc(C)c(C)c1C;318
3745;CNC(=O)Oc1ccc(C)c(N(C)C)c1;46
3746;CNC(=O)Oc1ccc(C)c2c1OC(C)(C)C2;12
3747;CNC(=O)Oc1ccc(C)c2c1OC(C)(C)O2;9
3748;CNC(=O)Oc1ccc(CC#N)cc1;511
3749;CNC(=O)Oc1ccc(CCC#N)cc1;620
3750;CNC(=O)Oc1ccc(Cl)c2c1OC(C)(C)C2;248
3751;CNC(=O)Oc1ccc(NC(=O)C(F)(F)Cl)c(C)c1;48.5
3752;CNC(=O)Oc1ccc(NC(=O)OC)c(C(C)C)c1;27
3753;CNC(=O)Oc1ccc(NC(C)=O)cc1;794
3754;CNC(=O)Oc1ccc(O)c2ccccc12;1190
3755;CNC(=O)Oc1ccc(SC)c(C)c1;50
3756;CNC(=O)Oc1ccc2c(c1)[C@]1(C)CCN(C)[C@@H]1N2C;4.5
3757;CNC(=O)Oc1cccc(C(C)C)c1;16
3758;CNC(=O)Oc1cccc(C(C)C)c1Cl;35
3759;CNC(=O)Oc1cccc(N=CN(C)C)c1;20
3760;CNC(=O)Oc1cccc2c(O)cccc12;297
3761;CNC(=O)Oc1cccc2c1OC(C)(C)C2;5.15
3762;CNC(=O)Oc1cccc2c1OC(C)(C)C2=O;295
3763;CNC(=O)Oc1cccc2c1OC(C)(C)CC2;3
3764;CNC(=O)Oc1cccc2c1OC(C)(C)O2;40
3765;CNC(=O)Oc1cccc2c1OC(C)(C)[C@H]2O;18
3766;CNC(=O)Oc1cccc2c1OCCO2;126
3767;CNC(=O)Oc1cccc2ccc(C)nc12;120
3768;CNC(=O)Oc1cccc2ccccc12;230
3769;CNC(=O)Oc1cccc2sccc12;70
3770;CNC(=O)Oc1ccccc1;540
3771;CNC(=O)Oc1ccccc1C(C)C;450
3772;CNC(=O)Oc1ccccc1C(OC)OC;160
3773;CNC(=O)Oc1ccccc1C1CCCC1;187
3774;CNC(=O)Oc1ccccc1C1OCC(C)(C)O1;110
3775;CNC(=O)Oc1ccccc1C1OCC=CCO1;35
3776;CNC(=O)Oc1ccccc1C1OCCCO1;142
3777;CNC(=O)Oc1ccccc1C1OCCO1;25
3778;CNC(=O)Oc1ccccc1C1SCCS1;90
3779;CNC(=O)Oc1ccccc1CCCSC;220
3780;CNC(=O)Oc1ccccc1Cl;648
3781;CNC(=O)Oc1ccccc1OC(C)C;41
3782;CNC(=O)Oc1ccccc1OC(CCl)OC;35.4
3783;CNC(=O)Oc1ccccc1[C@@H]1OCCS1;56
3784;CNC(=O)Oc1ccccc1[C@@H]1OC[C@H](C)O1;110
3785;CNC(=O)Oc1ccccc1[C@H]1O[C@@H](C)[C@@H](C)O1;180
3786;CNC(=O)[C@@H](C)SCCSP(=O)(OC)OC;64
3787;CNC(=O)[C@@H](Cl)C(C)=O;700
3788;CNC(=O)c1c(I)c(C(=O)NCC(=O)Nc2c(I)c(C(=O)O)c(I)c(C(=O)NCCO)c2I)c(I)c(N(C)C(C)=O)c1I;13300
3789;CNC(=O)c1cc(-c2ccccc2)ccc1OCCO;2700
3790;CNC(=O)c1cc(OC)n(-c2cccc(Cl)c2)n1;1540
3791;CNC(=O)c1cc(Oc2ccc(N)c(F)c2)ccn1;500
3792;CNC(=O)c1cc(Oc2ccc(N)cc2)ccn1;2001
3793;CNC(=O)c1ccc(Cl)c(S(=O)(=O)NC)c1;1400
3794;CNC(=O)c1cnn(C(C)(C)C)c1C#N;392
3795;CNC(=O)c1sc(-c2cc(OC)c(OC)c(OC)c2)nc1C;5200
3796;CNC(=S)/C=C/c1ccc2c(c1)OCO2;230
3797;CNC(=S)N(C)C;316
3798;CNC(=S)NCCSCc1nc[nH]c1C;1493
3799;CNC(=S)NN;14
3800;CNC(=S)NNc1cc(C(F)(F)F)cc(C(F)(F)F)c1;414
3801;CNC(C)=O;5001
3802;CNC(C)C#N;48
3803;CNC(N)=S;50
3804;CNC1=Nc2ccc(Cl)cc2C(c2ccccc2)=[N+]([O-])C1;392
3805;CNC1CCCCC1;400
3806;CNC=O;4000
3807;CNCC12CCC(c3ccccc31)c1ccccc12;600
3808;CNCC1CCCCC1;1410
3809;CNCCC#N;2260
3810;CNCCC=C1c2ccccc2CCc2ccccc21;502
3811;CNCCCC1c2ccccc2C=Cc2ccccc21;240
3812;CNCCCN;951
3813;CNCCCN1c2ccccc2CCc2ccccc21;375
3814;CNCCC[C@]12CC[C@H](c3ccccc31)c1ccccc12;760
3815;CNCCO;1391
3816;CNCC[C@@H](Oc1ccc(C(F)(F)F)cc1)c1ccccc1;825
3817;CNCCc1ccccn1;6110
3818;CNC[C@H](O)[C@@H](O)[C@H](O)[C@H](O)CO;5001
3819;CNC[C@H](O)c1cccc(O)c1;350
3820;CNCc1cccc2ccccc12;50
3821;CNN;32
3822;CNNC;100
3823;CNP(=O)(NC)Oc1ccccc1;140
3824;CNP(=O)(OC)Oc1ccc(C(C)(C)C)cc1Cl;460
3825;CNS(=O)(=O)CCNC(=O)N(CCCl)N=O;40
3826;CNS(=O)(=O)OCC(=O)N1CCCCCC1;2040
3827;CNS(=O)(=O)c1cc(Cl)c(Cl)cc1Cl;5100
3828;CNS(=O)(=O)c1cc(OC)c(N)cc1C;91.5
3829;CNS(=O)(=O)c1cc(OC)c(N)cc1OC;815
3830;CN[C@@H](C)Cc1ccc(Cl)cc1;110
3831;CN[C@@H](C)[C@@H](O)c1ccccc1;660
3832;CN[C@@H](C)[C@H](O)c1ccccc1;600
3833;CN[C@@H](C)c1cccc(O)c1;2001
3834;CN[C@H](C)CC1CCCCC1;83
3835;CN[C@H](C)[C@@H]1CC[C@@H](N)[C@H](O[C@H]2[C@@H](O)[C@H](O[C@@H]3OC[C@@](C)(O)[C@@H](NC)[C@H]3O)[C@@H](N)C[C@H]2N)O1;6600
3836;CN[C@H]1[C@H](O[C@@H]2[C@@H](O[C@H]3[C@H](O)[C@H](O)[C@@H](NC(=N)N)[C@H](O)[C@@H]3NC(=N)N)O[C@@H](C)[C@]2(O)C=O)O[C@@H](CO)[C@H](O)[C@@H]1O;9000
3837;CN[P@]1(=S)OCc2cc([N+](=O)[O-])ccc2O1;125
3838;CNc1c(Cl)cc(C(=O)NC2CC2)cc1Cl;262
3839;CNc1c2c(nn1C)CCCC2;1850
3840;CNc1ccc(C(O)(c2ccc(N(C)C)cc2)c2ccc(N(C)C)cc2)cc1;500
3841;CNc1ccc(N)c2c1C(=O)c1ccccc1C2=O;5001
3842;CNc1ccc(NCCO)c2c1C(=O)c1ccccc1C2=O;1345
3843;CNc1ccccc1;716
3844;CNc1nc(C)nc(OC)n1;394
3845;CNc1nc(Cl)c(SC)c(N2CCN(C)CC2)n1;800
3846;CNc1nc(Cl)nc(NC(C)C)n1;750
3847;CNc1nc(NC(C)C)nc(OC)n1;2400
3848;CNc1nc(NC(C)C)nc(SC)n1;1390
3849;CNc1nc2cc(Cl)ccc2o1;1000
3850;CNc1snc2ccccc12;400
3851;CO;6200
3852;CO/N=C/c1ccc(OC[C@@](O)(Cn2cncn2)C(C)(C)C)cc1;921
3853;COB(OC)OC;6140
3854;COB1OB(OC)OB(OC)O1;5160
3855;COC(=NC#N)OC;1500
3856;COC(=O)/C(C)=C/OP(=S)(OC)OC;678
3857;COC(=O)/C=C(\C)OP(=O)(OC)OC;3
3858;COC(=O)/C=C(\CC(=O)OC)OP(=O)(OC)OC;31
3859;COC(=O)/C=C/C(=O)OC;1410
3860;COC(=O)/N=N/Cc1c[n+]([O-])c2ccccc2[n+]1[O-];850
3861;COC(=O)C(=O)C(=O)[C@@H](O)OC;8000
3862;COC(=O)C(=O)c1ccccc1;6800
3863;COC(=O)C(C(=O)Cc1c(C)n(C(=O)c2ccc(Cl)cc2)c2ccc(OC)cc12)C(=O)OC;208
3864;COC(=O)C(C(C)=O)C(C)=O;1700
3865;COC(=O)C1=C(C#N)N=C(C)[C@@H](C(=O)OC(C)C)[C@H]1c1cccc([N+](=O)[O-])c1;1560
3866;COC(=O)C1=C(C(=O)OC)CCCC1;700
3867;COC(=O)C1=C(C)N=C(C)[C@@H](C(=O)OC)[C@H]1C1=COCCO1;2001
3868;COC(=O)C1=C(C)N=C(C)[C@@H](C(=O)OC)[C@H]1c1ccccc1OC(F)F;6320
3869;COC(=O)C1=C(C)N=C(C)[C@@H](C(=O)OC/C=C/c2ccccc2)[C@@H]1c1cccc([N+](=O)[O-])c1;2968
3870;COC(=O)C1=C(C)N=C(C)[C@@H](C(=O)OCC(C)=O)[C@@H]1c1ccccc1[N+](=O)[O-];1459
3871;COC(=O)C1=C(C)N=C(C)[C@H](C(=O)OC)[C@@H]1c1ccccc1[N+](=O)[O-];1022
3872;COC(=O)C1=C(C)NC(C)=C(C(=O)OCC(C)C)C1c1ccccc1[N+](=O)[O-];1257
3873;COC(=O)C1=CCCN(C)C1;2500
3874;COC(=O)C1C2C=CC(C2)C1C(=O)OC;1000
3875;COC(=O)C1C2CC3c4[nH]c5cc(OC)ccc5c4CCN3CC2CC(O)C1OC;479
3876;COC(=O)C1CCCCC1;3881
3877;COC(=O)C=C1CCCC1;3362
3878;COC(=O)C=CC(=O)OC;2240
3879;COC(=O)C=Cc1ccccc1;2610
3880;COC(=O)CC(=O)CC(=O)OC;4476
3881;COC(=O)CC(=O)OC;5331
3882;COC(=O)CC(C)=N;1760
3883;COC(=O)CC(C)=O;2580
3884;COC(=O)CC1CCCCC1;2500
3885;COC(=O)CCBr;1600
3886;COC(=O)CCC(=O)OC1=C(C(=O)Nc2ccccn2)N(C)S(=O)(=O)c2cc(Cl)sc21;7.51
3887;COC(=O)CCS;181.7
3888;COC(=O)CC[C@@H](Br)C(C)=O;600
3889;COC(=O)CC[C@@H](Cl)C(C)=O;2049
3890;COC(=O)CF;3.5
3891;COC(=O)CNC[P@](=O)(O)Oc1ccccc1;4100
3892;COC(=O)COc1ccc2ccccc2c1;2800
3893;COC(=O)CS;84
3894;COC(=O)C[C@@H](SP(=O)(OC)OC)C(=O)OC;103
3895;COC(=O)C[C@H](SP(=S)(OC)OC)C(=O)OC;1020
3896;COC(=O)C[N+](=O)[O-];3770
3897;COC(=O)Cc1cccc2ccccc12;1900
3898;COC(=O)Cc1ccccc1;2550
3899;COC(=O)Cl;60
3900;COC(=O)N(C(=O)N1CO[C@@]2(C(=O)OC)Cc3cc(Cl)ccc3C2=N1)c1ccc(OC(F)(F)F)cc1;268
3901;COC(=O)N(C)C(=O)CS[P@](C)(=S)OC;57
3902;COC(=O)N(CCCl)N=O;20
3903;COC(=O)NC(=S)Nc1ccccc1NC(=S)NC(=O)OC;6640
3904;COC(=O)NS(=O)(=O)c1ccc(N)cc1;2001
3905;COC(=O)N[C@H](Cc1ccccc1)[C@@H](O)CCl;2001
3906;COC(=O)Nc1ccc(Cl)c(Cl)c1;522
3907;COC(=O)Nc1cccc(OC(=O)Nc2cccc(C)c2)c1;4000
3908;COC(=O)Nc1nc2cc(C(=O)c3ccccc3)ccc2[nH]1;714
3909;COC(=O)Nc1nc2ccc(C(=O)c3ccc(F)cc3)cc2[nH]1;2560
3910;COC(=O)Nc1nc2ccc(Oc3ccc4nc(NC(=O)OC)[nH]c4c3)cc2[nH]1;200
3911;COC(=O)Nc1nc2ccccc2[nH]1;6400
3912;COC(=O)Nc1nc2ccccc2n1C(=O)NCCCCCC#N;2500
3913;COC(=O)OC;13000
3914;COC(=O)OC(=O)OC;260
3915;COC(=O)[C@@H](C)N(OC)c1c(C)cccc1C;566
3916;COC(=O)[C@@H]1[C@@H]2C[C@@H]3c4[nH]c5cc(OC)ccc5c4CCN3C[C@H]2C[C@@H](O[C@@H]2CCCCO2)[C@H]1OC;173
3917;COC(=O)[C@H](C)N(C(=O)Cc1ccccc1)c1c(C)cccc1C;4200
3918;COC(=O)[C@H](C)N(C(=O)c1ccccc1)c1ccc(F)c(Cl)c1;1200
3919;COC(=O)[C@H](C)N(C(=O)c1ccco1)c1c(C)cccc1C;940
3920;COC(=O)[C@H](C)Oc1ccc(Oc2ccc(Cl)cc2Cl)cc1;481
3921;COC(=O)[C@H](C)Oc1ccc(Oc2ncc(C(F)(F)F)cc2Cl)cc1;393
3922;COC(=O)[C@H](C)c1ccc(-c2ccsc2)cc1;2330
3923;COC(=O)[C@H](Cl)Cc1ccc(Cl)cc1;1072
3924;COC(=O)[C@H](c1ccccc1)[C@@H]1CCCCN1;367
3925;COC(=O)[C@H]1C(C)=NC(C)=C(C(=O)OCCN(C)Cc2ccccc2)[C@@H]1c1cccc([N+](=O)[O-])c1;320
3926;COC(=O)[C@H]1CC[C@H](C(=O)OC)CC1;2812
3927;COC(=O)[C@H]1CCc2cc(C3CCCCC3)ccc21;332
3928;COC(=O)[C@H]1[C@H]2C[C@H]3c4[nH]c5cc(OC)ccc5c4CCN3C[C@@H]2C[C@H](OC(=O)C=Cc2cc(OC)c(OC)c(OC)c2)[C@H]1OC;1000
3929;COC(=O)[C@H]1[C@H]2C[C@H]3c4[nH]c5cc(OC)ccc5c4CCN3C[C@@H]2C[C@H](OC(=O)c2cc(OC)c(OC)c(OC)c2)[C@H]1OC;420
3930;COC(=O)[C@]1(O)c2ccccc2-c2ccc(Cl)cc21;3100
3931;COC(=O)c1c(C(F)F)nc(C(F)(F)F)c(C(=O)OC)c1CC(C)C;1420
3932;COC(=O)c1c(Cl)c(Cl)c(C(=O)N(C)OC)c(Cl)c1Cl;1170
3933;COC(=O)c1c(Cl)c(Cl)c(C(=O)OC)c(Cl)c1Cl;3000
3934;COC(=O)c1c(Cl)c(Cl)c(C(=O)SC)c(Cl)c1Cl;3300
3935;COC(=O)c1cc(C(=O)OC)cc([N+](=O)[O-])c1;10000
3936;COC(=O)c1cc(Oc2ccc(Cl)cc2Cl)ccc1[N+](=O)[O-];6400
3937;COC(=O)c1cc([N+](=O)[O-])ccc1Cl;5360
3938;COC(=O)c1ccc(C(=O)OC)cc1;4390
3939;COC(=O)c1ccc(C)cc1;3300
3940;COC(=O)c1ccc(I)cc1S(=O)(=O)NC(=O)Nc1nc(C)nc(OC)n1;2678
3941;COC(=O)c1ccc(N=NN(C)C)cc1;52
3942;COC(=O)c1ccc(NC(C)=O)o1;1200
3943;COC(=O)c1ccc(O)cc1;2100
3944;COC(=O)c1ccc2nc(C(F)(F)F)[nH]c2c1;22.318
3945;COC(=O)c1cccc(/N=N/N(C)C)c1;60
3946;COC(=O)c1cccc(C(=O)OC)c1;4390
3947;COC(=O)c1cccc(C)c1O;3840
3948;COC(=O)c1ccccc1;1177
3949;COC(=O)c1ccccc1/N=N/N(C)C;13
3950;COC(=O)c1ccccc1C(=O)OC;2860
3951;COC(=O)c1ccccc1N;2910
3952;COC(=O)c1ccccc1N=N[C@H](C)Cc1ccc(C(C)(C)C)cc1;3000
3953;COC(=O)c1ccccc1O;1293.5
3954;COC(=O)c1ccccc1OC;3800
3955;COC(=O)c1ccco1;300
3956;COC(=S)SSC(=S)OC;240
3957;COC(=S)SSC(Cl)(Cl)Cl;1540
3958;COC(C)(C)C;4000
3959;COC(C)(C)CCCC(C)C(C)O;4490
3960;COC(C)(C)CCCC(C)C/C=C/C(C)=C/C(=O)OC(C)C;2323
3961;COC(C)=NC#N;432
3962;COC(C)=O;6482
3963;COC(C)CC(OC)OC;1480
3964;COC(C)CCOC(C)=O;4210
3965;COC(C)OC;6500
3966;COC(C=Cc1ccccc1)OC;3700
3967;COC(CC(C)=O)OC;6200
3968;COC(CN1CCN(CCC(O)c2ccccc2)CC1)c1ccccc1;640
3969;COC(COC(N)=O)C1=C(N2CC2)C(=O)C(C)=C(N2CC2)C1=O;27.3
3970;COC(C[C@H](C[C@@H](C)OC)OC)OC;4090
3971;COC(F)(F)C(Cl)Cl;3600
3972;COC(F)(F)[C@@H](F)Cl;5130
3973;COC(F)=C(C(F)(F)F)C(F)(F)F;1070
3974;COC(N)=O;2500
3975;COC(OC)[C@H](C)c1ccccc1;1850
3976;COC(OC)c1ccccc1;1220
3977;COC(OC)c1ccccc1[N+](=O)[O-];3420
3978;COC1=C(OC)C(=O)C(CCCCCCCCCCO)=C(C)C1=O;10000
3979;COC1=C(OP(=O)(OCC(C)C)OCC(C)C)CN=NC1=O;36
3980;COC1=C2C[C@H](C)C[C@@H](OC)[C@@H](O)[C@H](C)/C=C(/C)[C@@H](OC(N)=O)[C@H](OC)/C=C\C=C(\C)C(=O)/N=C(/CC1=O)C2=O;2500
3981;COC1=CC(=O)O[C@H](C=CC2=CCCC=C2)C1;16000
3982;COC1=CC=C2[C@H]3Cc4ccc(OC)c5c4[C@@]2(CCN3C)[C@H]1O5;114
3983;COC1=Cc2ccccc2Nc2ccccc21;5001
3984;COC1C(C)OC(OC2C=C3CCC4C(CCC5(C)C(c6ccc(=O)oc6)CCC45O)C3(C)CC2)C(O)C1O;79
3985;COC1CCC(OC2CC3(CC(O)C(C)C(C(C)C=C(C)C(=O)C(C)CC(C)C(=O)O)O3)OC2(C)C2CCC(C)C3(OC(C4OC(O)(CO)C(C)CC4C)CC3C)O2)OC1C;7.5
3986;COC1CCC=CO1;1410
3987;COC=CC=C(C#N)C#N;200
3988;COC=O;475
3989;COCC(=O)CNC(=O)Oc1ccccc1OC(C)C;70
3990;COCC(=O)N(c1c(C)cccc1C)N1CCOC1=O;1860
3991;COCC(=O)N(c1c(C)cccc1C)[C@H](C)C(=O)OC;566
3992;COCC(=O)N[P@@](=O)(OC)SC;200
3993;COCC(=O)Nc1cc(Sc2ccccc2)ccc1N=C(NC(=O)OC)NC(=O)OC;10605
3994;COCC(=O)O;1000
3995;COCC(C)O;3739
3996;COCC=O;2330
3997;COCCC#N;4390
3998;COCCCN;598.4
3999;COCCCNc1nc(NCCCOC)nc(SC)n1;1400
4000;COCCCO;5710
4001;COCCCOC[C@H](C)OCCCOC(=O)c1ccccc1;5480
4002;COCCN(C(=O)CCl)c1c(C)cccc1C;1600
4003;COCCN1C(=O)[C@@H]2[C@H](C1=O)[C@@H]1C([C@](O)(c3ccccc3)c3ccccn3)=C[C@H]2/C1=C(\c1ccccc1)c1ccccn1;9
4004;COCCN1C=CC(=C2C(=O)c3ccccc3C2=O)C=C1;350
4005;COCCNC(=O)CSP(=S)(OC)OC;420
4006;COCCNC(=O)c1nc2c(N)nc(-c3ccccc3)nc2nc1NCCOC;5010
4007;COCCO;2257
4008;COCCOC;5370
4009;COCCOC(=O)/C(=C/c1cccc([N+](=O)[O-])c1)C(C)=O;5001
4010;COCCOC(=O)/C=C/C(=O)OCCOC;3340
4011;COCCOC(=O)CC#N;4300
4012;COCCOC(=O)CC(C)=O;5001
4013;COCCOC(=O)CCCCCCCCC(=O)OCCOC;4970
4014;COCCOC(=O)[C@@H]1C(C)=NC(C)=C(C(=O)OC/C=C/c2ccccc2)[C@H]1c1cccc([N+](=O)[O-])c1;4412
4015;COCCOC(=O)[C@H]1C(C)=NC(C)=C(C(=O)OC(C)C)[C@@H]1c1cccc([N+](=O)[O-])c1;2738
4016;COCCOC(=O)c1ccccc1C(=O)OCCOC;4400
4017;COCCOC(C)=O;1250
4018;COCCOC(C)OCCOC;3260
4019;COCCOC(N)=O;11000
4020;COCCOCCO;5500
4021;COCCOCCOC;4760
4022;COCCOCCOC(C)=O;11960
4023;COCCOCCOCCO;11300
4024;COCCOCCOCCOC;5390
4025;COCCOCCOCCOC(C)=O;11000
4026;COCCOCCOCCOCCOC;3850
4027;COCCOCc1ccccc1;2290
4028;COCCO[Si](CCCl)(OCCOC)OCCOC;878
4029;COCCOc1c(OC)cc(Cc2cnc(N)nc2N)cc1OC;1172
4030;COCCOc1cnc(NS(=O)(=O)c2ccccc2)nc1;3100
4031;COCCc1ccc(OCC(O)CNC(C)C)cc1;3470
4032;COCCc1ccccc1;4100
4033;COCCl;500
4034;COCN(C)N=O;700
4035;COCNC(=O)CSP(=S)(OC)OC;600
4036;COCOC;6423
4037;COCOCCO;6500
4038;COC[C@@H](C)N(C(=O)CCl)c1c(C)csc1C;384
4039;COC[C@@H](O)Cn1ccnc1[N+](=O)[O-];2131
4040;COC[C@H](C)OC(C)=O;5155
4041;COC[C@H]1OC(=O)c2coc3c2[C@]1(C)C1=C(C3=O)[C@H]2CCC(=O)[C@]2(C)CC1;28
4042;COCc1cc(C(C)(C)C)c(O)c(C(C)(C)C)c1;10650
4043;COCc1ccc(-c2ccc(COC)cc2)cc1;1366
4044;COCc1ccc(COC(=O)[C@H]2[C@H](C=C(C)C)C2(C)C)cc1;900
4045;CON(C(=O)CSP(=S)(OC)OC)C(C)C;260
4046;CON(C(=O)c1cc(C)oc1C)C1CCCCC1;3780
4047;CON(C)C(=O)/C=C(\C)OP(=O)(OC)OC;2
4048;CON(C)C(=O)CC(SP(=S)(OC)OC)C(=O)N(C)OC;14
4049;CON(C)C(=O)Nc1ccc(Br)c(Cl)c1;2150
4050;CON(C)C(=O)Nc1ccc(Br)cc1;2001
4051;CON(C)C(=O)Nc1ccc(Cl)c(Cl)c1;1146
4052;CON(C)C(=O)Nc1ccc(Cl)cc1;1800
4053;CON=C(C(=O)N[C@@H]1C(=O)N2C(C(=O)O)=C(COC(N)=O)CS[C@H]12)c1ccco1;10000
4054;CON=C(Cc1cccnc1)c1ccc(Cl)cc1Cl;1705
4055;CON=CC1=CCCN(OC(=O)Nc2ccc(Cl)cc2)C1;500
4056;COP(=O)(CCC(=O)NCO)OC;13000
4057;COP(=O)(OC)C(O)(C(F)F)C(F)F;9
4058;COP(=O)(OC)C(OC(C)=O)=C(Cl)Cl;300
4059;COP(=O)(OC)N1CCOCC1;5910
4060;COP(=O)(OC)O/C(=C(\Cl)Br)c1ccc(Cl)cc1Cl;107
4061;COP(=O)(OC)O/C(=C/Cl)c1cc(Cl)c(Cl)cc1Cl;480
4062;COP(=O)(OC)O/C(=C\Cl)c1cc(Cl)ccc1Cl;3790
4063;COP(=O)(OC)O/C(=C\Cl)c1ccc(Cl)cc1Cl;97.5
4064;COP(=O)(OC)O/C(C)=C/C(=O)N(C)C;9
4065;COP(=O)(OC)O/C(C)=C/C(=O)OC(C)c1ccccc1;38.4
4066;COP(=O)(OC)O/C(C)=C\C(=O)OCc1ccccc1;56
4067;COP(=O)(OC)O/C(C)=C\C(=O)Oc1ccc(C)cc1;176
4068;COP(=O)(OC)OC;840
4069;COP(=O)(OC)OC(=C(Br)Br)c1ccc(Cl)cc1Cl;180
4070;COP(=O)(OC)OC(=C(Cl)Cl)c1ccc(Cl)cc1Cl;109
4071;COP(=O)(OC)OC(=CBr)c1ccc(Cl)cc1Cl;225
4072;COP(=O)(OC)OC(=CCl)c1cc(Cl)c(Cl)cc1Cl;4000
4073;COP(=O)(OC)OC(Br)C(Br)(Br)Br;184
4074;COP(=O)(OC)OC(C)=CC(=O)OCc1ccc(Cl)cc1;139
4075;COP(=O)(OC)OC(Cl)C(Cl)(Cl)Cl;14
4076;COP(=O)(OC)OC1=C(Cl)[C@H]2C=CC[C@@H]12;96
4077;COP(=O)(OC)OC=C(Br)Br;253
4078;COP(=O)(OC)OC=C(Cl)Cl;30
4079;COP(=O)(OC)ON1C(=O)c2cccc3cccc(c23)C1=O;70
4080;COP(=O)(OC)OP(=O)(OC)OC;1.7
4081;COP(=O)(OC)O[C@@H](Br)C(Cl)(Cl)Br;250
4082;COP(=O)(OC)O[C@@H](c1ccc(Cl)cc1)P(=O)(OC)OC;3200
4083;COP(=O)(OC)O[C@H](Cl)C(Cl)(Br)Br;49
4084;COP(=O)(OC)Oc1cc(C)n(C)c(=O)c1;2.91
4085;COP(=O)(OC)Oc1ccc(S(C)(=O)=O)c(C)c1;30
4086;COP(=O)(OC)Oc1ccc(SC)cc1;7
4087;COP(=O)(OC)Oc1ccc([N+](=O)[O-])c(C)c1;24
4088;COP(=O)(OC)Oc1ccc([N+](=O)[O-])c(Cl)c1;10
4089;COP(=O)(OC)Oc1ccc([N+](=O)[O-])cc1;3.27
4090;COP(=O)(OC)Oc1nc(Cl)c(Cl)cc1Cl;869
4091;COP(=O)(OC)SC;15
4092;COP(=O)(OC)SC(C)(C)C;63.4
4093;COP(=O)(OC)SC(C)C;108
4094;COP(=O)(OC)SC(P(=O)(OC)OC)=P(OC)(OC)OC;38
4095;COP(=O)(OC)SCC(Cl)(Cl)Cl;150
4096;COP(=O)(OC)SCCSC;20
4097;COP(=O)(OC)SCN1C(=O)c2ccccc2C1=O;50
4098;COP(=O)(OC)SCn1c(=O)oc2cc(Cl)cnc21;1180
4099;COP(=O)(OC)S[C@@H](CC(=O)OC(C)C)C(=O)OC(C)C;120
4100;COP(=O)(OC)Sc1ccc(Cl)cc1;100
4101;COP(=O)(OC)Sc1ccc([N+](=O)[O-])cc1;42.9
4102;COP(=O)(OC)[C@@H](O)C(Cl)(Cl)Cl;154.5
4103;COP(=O)(OC)[C@H](OC(=O)CCl)C(Cl)(Cl)Cl;344
4104;COP(=O)(OC1CCCCC1)Sc1ccc(Cl)cc1;160
4105;COP(=O)(Oc1cc(Cl)c(Br)cc1Cl)c1ccccc1;118
4106;COP(=O)(SC(C)C)SC(C)C;119
4107;COP(=O)(SC)SC;26
4108;COP(=S)(Cl)Cl;215
4109;COP(=S)(Cl)OC;540
4110;COP(=S)(N=C1SCCS1)OC;10
4111;COP(=S)(NC(=S)N(C)CCO)OC;12
4112;COP(=S)(NC(C)C)Oc1ccc(C)cc1[N+](=O)[O-];309
4113;COP(=S)(NC(C)C)Oc1ccc(Cl)cc1Cl;270
4114;COP(=S)(OC)OC;562
4115;COP(=S)(OC)OC(C)(C)C1CC=C(C)CC1;250
4116;COP(=S)(OC)OC1CCCCC1;2900
4117;COP(=S)(OC)O[C@@H]1C(C)(C)[C@H]2CC[C@]1(C)C2;250
4118;COP(=S)(OC)O[C@@H]1C[C@H](C)CC[C@@H]1C(C)C;750
4119;COP(=S)(OC)Oc1c(Cl)cc(C)cc1Cl;5001
4120;COP(=S)(OC)Oc1cc(C(C)C)ccc1C;750
4121;COP(=S)(OC)Oc1cc(C)c(Cl)cc1C(C)C;500
4122;COP(=S)(OC)Oc1cc(C)c(SC)c(C)c1;1000
4123;COP(=S)(OC)Oc1cc(C)ccc1C(C)C;750
4124;COP(=S)(OC)Oc1cc(C)n(C)c(=O)c1;0.812
4125;COP(=S)(OC)Oc1cc(Cl)c(Br)cc1Cl;1600
4126;COP(=S)(OC)Oc1cc(Cl)c(Cl)cc1Cl;625
4127;COP(=S)(OC)Oc1cc(Cl)c(I)cc1Cl;2330
4128;COP(=S)(OC)Oc1cc(Cl)c([N+](=O)[O-])c(Cl)c1;750
4129;COP(=S)(OC)Oc1ccc(C#N)cc1;580
4130;COP(=S)(OC)Oc1ccc(C#N)cc1C;500
4131;COP(=S)(OC)Oc1ccc(C#N)cc1Cl;100
4132;COP(=S)(OC)Oc1ccc(Cl)c([N+](=O)[O-])c1;500
4133;COP(=S)(OC)Oc1ccc(S(=O)(=O)N(C)C)cc1;28
4134;COP(=S)(OC)Oc1ccc(S(=O)(=O)c2ccc(OP(=S)(OC)OC)cc2)cc1;2001
4135;COP(=S)(OC)Oc1ccc(S(C)(=O)=O)c(C)c1;125
4136;COP(=S)(OC)Oc1ccc(S(C)=O)c(C)c1;125
4137;COP(=S)(OC)Oc1ccc(S(N)(=O)=O)cc1;160
4138;COP(=S)(OC)Oc1ccc(SC)c(C)c1;180
4139;COP(=S)(OC)Oc1ccc(SC)cc1;10
4140;COP(=S)(OC)Oc1ccc(SSc2ccc(OP(=S)(OC)OC)cc2)cc1;12
4141;COP(=S)(OC)Oc1ccc(Sc2ccc(OP(=S)(OC)OC)c(C)c2)cc1C;250
4142;COP(=S)(OC)Oc1ccc(Sc2ccc(OP(=S)(OC)OC)cc2)cc1;444
4143;COP(=S)(OC)Oc1ccc([N+](=O)[O-])c(C(F)(F)F)c1;250
4144;COP(=S)(OC)Oc1ccc([N+](=O)[O-])c(C)c1;250
4145;COP(=S)(OC)Oc1ccc([N+](=O)[O-])c(Cl)c1;285
4146;COP(=S)(OC)Oc1ccc([N+](=O)[O-])c(SC(C)C)c1;1140
4147;COP(=S)(OC)Oc1ccc([N+](=O)[O-])cc1;6.01
4148;COP(=S)(OC)Oc1ccc([N+](=O)[O-])cc1Cl;284
4149;COP(=S)(OC)Oc1ccc2c(C)cc(=O)oc2c1;15.6
4150;COP(=S)(OC)Oc1cnc2ccccc2n1;900
4151;COP(=S)(OC)Oc1nc(Cl)c(Cl)cc1Cl;1500
4152;COP(=S)(OC)SC;15
4153;COP(=S)(OC)SC1CCSc2ccccc21;5
4154;COP(=S)(OC)SC1OCCOC1SP(=S)(OC)OC;350
4155;COP(=S)(OC)SCC(=O)CNC(=O)Oc1cccc(C(C)C)c1;432
4156;COP(=S)(OC)SCC(=O)N(C)C=O;218
4157;COP(=S)(OC)SCC(=O)N(c1ccc(Cl)cc1)C(C)C;472
4158;COP(=S)(OC)SCC(=O)N1CCOCC1;190
4159;COP(=S)(OC)SCC(=O)O;2500
4160;COP(=S)(OC)SCC(N)=O;925
4161;COP(=S)(OC)SCCNC(C)=O;220
4162;COP(=S)(OC)SCCSC;75
4163;COP(=S)(OC)SCCSC(C)C;150
4164;COP(=S)(OC)SCCSc1ccc(Cl)cc1;100
4165;COP(=S)(OC)SCN1C(=O)CCC1=O;7
4166;COP(=S)(OC)SCN1C(=O)c2ccccc2C1=O;26
4167;COP(=S)(OC)SCOC(C)=O;93
4168;COP(=S)(OC)SCSCC=C(Cl)Cl;85
4169;COP(=S)(OC)SCSCCOC(N)=O;44
4170;COP(=S)(OC)SCSc1cc(Cl)cc(Cl)c1;443
4171;COP(=S)(OC)SCSc1cc(Cl)ccc1Cl;220
4172;COP(=S)(OC)SCSc1ccc(Cl)c(Cl)c1;220
4173;COP(=S)(OC)SCSc1ccc(Cl)cc1;48
4174;COP(=S)(OC)SCSc1ccccc1;16
4175;COP(=S)(OC)SCSc1ccccc1Cl;13
4176;COP(=S)(OC)SCc1ccc(SP(=S)(OC)OC)cc1;265
4177;COP(=S)(OC)SCc1nc(=O)o[nH]1;10
4178;COP(=S)(OC)SCc1nc(N)nc(N)n1;890
4179;COP(=S)(OC)SCn1nc(-c2ccccc2)ccc1=O;18750
4180;COP(=S)(OC)SCn1nc(Br)ccc1=O;3.75
4181;COP(=S)(OC)SCn1nc(C)ccc1=O;8.75
4182;COP(=S)(OC)SCn1nc(Cl)c(C)cc1=O;65
4183;COP(=S)(OC)SCn1nc(Cl)c(Cl)cc1=O;12000
4184;COP(=S)(OC)SCn1nc(Cl)ccc1=O;5
4185;COP(=S)(OC)SCn1ncccc1=O;3.5
4186;COP(=S)(OC)SCn1nnc2ccccc2c1=O;4.6
4187;COP(=S)(OC)SSP(=S)(OC)OC;10000
4188;COP(=S)(OC)S[C@@H](C)N1CC(=O)C(=O)C1;5.6
4189;COP(=S)(OC)S[C@@H](CC(=O)OC(C)C)C(=O)OC(C)C;4000
4190;COP(=S)(OC)S[C@@H]1CC[C@H]2C=CC[C@@H]1S2;1000
4191;COP(=S)(OC)S[C@@H]1CSC=CO1;100
4192;COP(=S)(OC)S[C@H](C(=O)OC(C)C)c1ccccc1;205
4193;COP(=S)(OC)S[C@H](CBr)N1C(=O)c2ccccc2C1=O;188
4194;COP(=S)(OC)S[C@H]1CCSc2ccc(Cl)cc21;200
4195;COP(=S)(OC)Sc1ccc(Cl)cc1;500
4196;COP(=S)(OC)[C@H](C(=O)O)c1ccccc1;4500
4197;COP(=S)(Oc1ccc([N+](=O)[O-])cc1)Oc1ccc([N+](=O)[O-])cc1;312
4198;COP(=S)(S)OC;694
4199;COP(C)(=O)OC;8210
4200;COP(C)(=O)SC;3.3
4201;COP(C)(=S)Oc1ccc(S(C)=O)c(C)c1;3
4202;COP(C)(=S)SCSc1ccc(Cl)cc1;31
4203;COP(N)(=S)OC;410
4204;COP(OC)OC;1600
4205;COS(=O)(=O)OC;205
4206;COS(=O)(=O)c1ccc(C)cc1;341
4207;COS(=O)(=O)c1ccccc1;740
4208;COS(C)(=O)=O;225
4209;CO[C@@H](C)C=O;940
4210;CO[C@@H](C)CO;5710
4211;CO[C@@H]1C[C@H](O[C@@H]2[C@H](C)[C@H](O[C@@H]3O[C@@H](C)C[C@H](N(C)C)[C@H]3O)[C@@H](C)C[C@]3(CO3)C(=O)[C@H](C)[C@H](O)[C@@H](C)[C@@H](C)OC(=O)[C@H]2C)O[C@@H](C)[C@H]1O;6700
4212;CO[C@@H]1[C@H](C)[C@H]([C@H]2CC[C@H]([C@@H]3CC[C@H]([C@]4(C)O[C@]5(O[C@H](C[C@@H]6O[C@@](O)([C@H](C)C(=O)O)[C@H](C)[C@H](O[C@H]7CC[C@@H](OC)[C@H](C)O7)[C@]6(C)OC)C[C@H](OC)[C@@H]5C)[C@H](C)[C@H]4OC)O3)O2)O[C@@](C)(O)[C@H]1C;7
4213;CO[C@@H]1[C@H](O[C@H]2O[C@H](C)[C@@H](O[C@H]3C[C@](C)(O)[C@H](O)[C@@H](C)O3)[C@H](N(C)C)[C@H]2O)[C@@H](CC=O)C[C@@H](C)[C@@H](O[C@@H]2CC[C@@H](N(C)C)[C@H](C)O2)/C=C\C=C/C[C@@H](C)OC(=O)C[C@@H]1O;4650
4214;CO[C@@]12[C@H](COC(N)=O)C3=C(C(=O)C(C)C(=N)C3=O)N1C[C@@H]1N[C@@H]12;30
4215;CO[C@H](C)CC(=O)O;3030
4216;CO[C@H](C)N(C)N=O;240
4217;CO[C@H]1/C=C/O[C@@]2(C)Oc3c(C)c(O)c4c(O)c(c(/C=N/N5CCN(C)CC5)c(O)c4c3C2=O)NC(=O)/C(C)=C\C=C\[C@H](C)[C@H](O)[C@@H](C)[C@@H](O)[C@@H](C)[C@H](OC(C)=O)[C@@H]1C;900
4218;CO[C@H]1CC[C@H](O[C@@]2(C)[C@H](C[C@@H]3C[C@@H](OC)[C@@H](C)[C@]4(O3)O[C@](C)(C3CC[C@@H]([C@H]5CC[C@H](C6O[C@](C)(O)[C@H](C)C[C@@H]6C)O5)O3)[C@H](OC)[C@H]4C)O[C@](O)([C@@H](C)C(=O)O)[C@H](C)[C@@H]2OC)O[C@@H]1C;10
4219;CO[C@H]1C[C@H]2C[C@@H]1[C@H]1C[C@H](C=O)C[C@@H]21;2800
4220;CO[C@H]1O[C@H](CNC(=O)N(CCCl)N=O)[C@@H](O)[C@H](O)[C@@H]1O;46.4
4221;CO[C@H]1[C@@H](O)C[C@@H](O[C@@H]2[C@H](C)O[C@@H](O[C@H]3[C@@H](O)C[C@@H](O[C@H]4CC[C@@]5(C)[C@@H](CC[C@@H]6[C@@H]5C[C@@H](O)[C@]5(C)[C@@H](C7=CC(=O)OC7)CC[C@]65O)C4)O[C@@H]3C)C[C@@H]2O)O[C@@H]1C;8.3
4222;CO[C@]1(C)C[C@H](c2ccccc2)c2c(c3ccccc3oc2=O)O1;4000
4223;CO[C@]12C[C@@H](COC(=O)c3cncc(Br)c3)CN(C)[C@@H]1Cc1cn(C)c3cccc2c13;1193
4224;CO[C@]12[C@H](COC(N)=O)C3=C(C(=O)[C@H](C)C(=N)C3=O)N1C[C@H]1[C@@H]2N1C;68
4225;CO[N+](=O)[O-];344
4226;CO[P@@](=O)(NC(=O)CCCCl)SC;3
4227;CO[P@@](=O)(NC(C)=O)SC;700
4228;CO[P@@](=O)(NC=O)SC;190
4229;CO[P@@](=O)(OC1CCCCC1)SC;240
4230;CO[P@@](=O)(Oc1ccccc1)O[C@@H](Br)C(Cl)(Cl)Br;500
4231;CO[P@@](=O)(SC)N(C)C(C)=O;2001
4232;CO[P@@](=O)(SC)c1ccccc1;55.3
4233;CO[P@@](=S)(OC(C)C)SCN1C(=O)c2ccccc2C1=O;50
4234;CO[P@@](=S)(Oc1ccc([N+](=O)[O-])cc1)OC(C)C;5
4235;CO[P@@](N)(=O)SC;9.25
4236;CO[P@@](N)(=S)Oc1cc(Cl)c(Cl)cc1Cl;700
4237;CO[P@@](N)(=S)Oc1ccc(C(C)(C)C)cc1Cl;820
4238;CO[P@@](N)(=S)Oc1ccccc1C(=O)OC(C)C;50
4239;CO[P@@]1(=S)OCc2ccccc2O1;102
4240;CO[P@](=O)(Oc1ccc([N+](=O)[O-])c(C)c1)SC;315
4241;CO[P@](=S)(Oc1cc(Cl)c(Br)cc1Cl)c1ccccc1;19
4242;CO[P@](C)(=S)Oc1ccc(Cl)cc1Cl;159
4243;CO[P@](C)(=S)SCN1C(=O)c2ccccc2C1=O;6
4244;CO[P@](C)(=S)Sc1ccccc1;150
4245;CO[P@](N)(=S)SC;250
4246;CO[PH](=O)OC;3040
4247;CO[SiH](OC)OC;9330
4248;CO[Si](C)(CCCNCCN)OC;200
4249;CO[Si](C)(OC)C1CCCCC1;2762
4250;CO[Si](C)(OC)c1ccccc1;892
4251;CO[Si](CCCCCCCCCC[Si](OC)(OC)OC)(OC)OC;2200
4252;CO[Si](CCCN=C=O)(OC)OC;878
4253;CO[Si](CCCNCCC[Si](OC)(OC)OC)(OC)OC;3780
4254;CO[Si](CCCNCCN)(OC)OC;1897
4255;CO[Si](CCl)(OC)OC;500
4256;CO[Si](OC)(OC)c1ccccc1;1049
4257;CO[Si](OC)(c1ccccc1)c1ccccc1;2613
4258;COc1c(C(C)(C)C)cc([N+](=O)[O-])c(C)c1[N+](=O)[O-];339
4259;COc1c(C)c2c(c(O)c1C/C=C(\C)CCC(=O)O)C(=O)OC2;352
4260;COc1c(C)ccc(C)c1N(COC(C)C)C(=O)CCl;1730
4261;COc1c(Cl)c(Cl)c(OC)c2[nH]c(C(F)(F)F)nc12;100
4262;COc1c(Cl)c(Cl)c([N+](=O)[O-])c(Cl)c1Cl;260
4263;COc1c(Cl)c(Cl)c2[nH]c(C(F)(F)F)nc2c1Cl;33
4264;COc1c(Cl)cc(Cl)c(Cl)c1C(=O)O;300
4265;COc1c(Cl)cc2[nH]c(C(F)(F)F)nc2c1Cl;8.033
4266;COc1c(Cl)ccc(Cl)c1C(=O)O;757
4267;COc1c(Cl)ccc(Cl)c1C(=O)OCCN(CCOC(=O)c1c(Cl)ccc(Cl)c1OC)c1ccccc1;12500
4268;COc1c(Cl)ccc2[nH]c(C(F)(F)F)nc12;3.155
4269;COc1c(F)c(F)c2[nH]c(C(F)(F)F)nc2c1F;2.894
4270;COc1c(O)c(Cl)c(Cl)c(Cl)c1Cl;1690
4271;COc1c(O)cc(Cl)c(Cl)c1Cl;2980
4272;COc1c(OC)c(Cl)c2[nH]c(C(F)(F)F)nc2c1Cl;100
4273;COc1c(OCc2ccc(-c3ccccc3-c3nn[nH]n3)cc2)cc(C)nc1C;2001
4274;COc1c(OP(=O)(OC(C)C)OC(C)C)cnn(C)c1=O;1.9
4275;COc1c(OP(=S)(OC(C)C)OC(C)C)cnn(C)c1=O;10.5
4276;COc1c(OP(=S)(OC)OC)cnn(C)c1=O;2.5
4277;COc1c(OP(=S)(OCC(C)C)OCC(C)C)cnn(C)c1=O;135
4278;COc1c(OP(=S)(Oc2cnn(C)c(=O)c2OC)OC(C)C)cnn(C)c1=O;100
4279;COc1c2ccoc2cc2oc(C)cc(=O)c12;832
4280;COc1c2ccoc2cc2oc(CO[C@@H]3O[C@H](CO)[C@@H](O)[C@H](O)[C@H]3O)cc(=O)c12;1469
4281;COc1c2occc2c(OC)c2c(=O)cc(C)oc12;68.8
4282;COc1c2occc2cc2ccc(=O)oc12;791
4283;COc1cc(-c2ccc(N)c(OC)c2)ccc1N;1920
4284;COc1cc(-n2ccnc2)ncn1;400
4285;COc1cc(/C=C/C(=O)CC(=O)/C=C/c2ccc(O)c(OC)c2)ccc1O;2001
4286;COc1cc(/C=C/C(N)=O)ccc1O;5001
4287;COc1cc(C#N)ccc1OP(=S)(OC)OC;2710
4288;COc1cc(C(=O)N(C)C)nn1-c1cccc(Cl)c1;790
4289;COc1cc(C(=O)N2CCCCCCC2)cc(OC)c1OC;130
4290;COc1cc(C(=O)N2CCN(C(=O)c3cc(OC)c(OC)c(OC)c3)CC2)cc(OC)c1OC;1000
4291;COc1cc(C(=O)N2CCOCC2)cc(OC)c1OC;1800
4292;COc1cc(C(=O)NC2CCCNC2)cc(OC)c1OC;2100
4293;COc1cc(C(=O)O[C@H]2CC[C@H](N3CCCCC3)CC2)cc(OC)c1OC;650
4294;COc1cc(C(=O)Oc2c(CCC(C)=O)c(=O)n(-c3ccccc3)n2-c2ccccc2)cc(OC)c1OC;3000
4295;COc1cc(C(=S)N2CCOCC2)cc(OC)c1OC;670
4296;COc1cc(C(Cl)(Cl)Cl)cc(Cl)n1;1500
4297;COc1cc(C(F)(F)F)ccn1;1750
4298;COc1cc(C)c2[nH]c(=O)sc2c1;7580
4299;COc1cc(C)c2[nH]c(C)c(CCN3C[C@H]4CC[C@H](CC4)C3)c2c1;787
4300;COc1cc(C)ccc1O;740
4301;COc1cc(C)nc(-n2nc(C)cc2OC)n1;445
4302;COc1cc(C2c3cc4c(cc3C(OC3OC5COC(c6ccccc6)OC5C(O)C3O)C3COC(=O)C23)OCO4)cc(OC)c1OC;823
4303;COc1cc(C=CC(=S)N2CCOCC2)cc(OC)c1OC;1350
4304;COc1cc(C=O)ccc1O;1790.5
4305;COc1cc(CCC(C)=O)ccc1O;2580
4306;COc1cc(CNC(=O)CCCC/C=C\C(C)C)ccc1O;148.1
4307;COc1cc(C[C@@H]2c3cc(OC)c(OC)cc3CCN2C)c(Oc2cc3c(cc2OC)-c2c(OC)c(OC)cc4c2[C@H](C3)N(C)CC4)cc1OC;1500
4308;COc1cc(Cc2cnc(N)nc2N)cc(OC)c1Br;2514
4309;COc1cc(Cc2cnc(N)nc2N)cc(OC)c1N(C)C;1402
4310;COc1cc(Cc2cnc(N)nc2N)cc(OC)c1OC;200
4311;COc1cc(N)c(Cl)cc1C(=O)NC1CCNCC1;2550
4312;COc1cc(N)c(Cl)cc1C(=O)N[C@H]1CCN(CCCOc2ccc(F)cc2)C[C@@H]1OC;4166
4313;COc1cc(N)c2c(c1N)C(=O)c1ccccc1C2=O;891
4314;COc1cc(N)ccc1N;60
4315;COc1cc(NC(=O)CC(C)=O)c(OC)cc1Cl;850
4316;COc1cc(NC(=O)[C@@H](/N=N/c2ccc(-c3ccc(/N=N/[C@H](C(C)=O)C(=O)Nc4ccc(C)cc4C)c(Cl)c3)cc2Cl)C(C)=O)c(OC)cc1Cl;2228
4317;COc1cc(O)c(C(=O)c2ccccc2)cc1S(=O)(=O)O;3530
4318;COc1cc(OC)cc(OCCO)c1;4050
4319;COc1cc(OC)cc(OC[C@H](O)CO)c1;2100
4320;COc1cc(OC)n2nc(N)nc2n1;1030
4321;COc1cc(OC)nc(NC(=O)NS(=O)(=O)c2cc(NC=O)ccc2C(=O)N(C)C)n1;3881
4322;COc1cc(OC)nc(Oc2cccc(Oc3nc(OC)cc(OC)n3)c2C(=O)O)n1;2635
4323;COc1cc(Oc2ccc(Cl)cc2Cl)ccc1[N+](=O)[O-];18000
4324;COc1cc(S(C)=O)ccc1-c1nc2ncccc2[nH]1;315
4325;COc1cc([C@@H]2c3cc4c(cc3[C@H](O[C@@H]3O[C@@H]5CO[C@H](C)O[C@@H]5[C@@H](O)[C@H]3O)[C@H]3COC(=O)[C@@H]23)OCO4)cc(OC)c1O;1784
4326;COc1cc([C@@H]2c3cc4c(cc3[C@H](O[C@H]3O[C@H]5CO[C@H](c6ccccc6)O[C@H]5[C@@H](O)[C@H]3O)[C@H]3COC(=O)[C@@H]23)OCO4)cc(OC)c1O;823
4327;COc1cc([C@H]2NC(=O)CCS2)cc(OC)c1OC;5400
4328;COc1cc([N+](=O)[O-])ccc1N;997
4329;COc1cc2[nH]c(=N)sc2cc1OC;1165
4330;COc1cc2[nH]c(C)c(CCN3CCN(c4ccccc4)CC3)c2cc1OC;1000
4331;COc1cc2[nH]c3c(c2cc1OC)CCN1C[C@H]2[C@H](C[C@@H]31)C(C(=O)OCCN(C)C)=CO[C@@H]2C;2350
4332;COc1cc2c(c3oc(=O)c4c(c13)CCC4=O)[C@H]1C=CO[C@H]1O2;4.8
4333;COc1cc2c(c3oc4cccc(O)c4c(=O)c13)[C@@H]1C=CO[C@@H]1O2;120
4334;COc1cc2c(cc1OC)-c1c(OC)c(OC)cc3c1[C@H](C2)N(C)CC3;545
4335;COc1cc2c(cc1OC)C(CCc1ccc(Cl)cc1)N(C)CC2;400
4336;COc1cc2c(cc1OC)C(c1ccc(N)cc1)=NN=C(C)C2;128
4337;COc1cc2c(cc1OC)[C@@H]1C(=O)c3ccc4c(c3O[C@H]1CO2)C[C@@H](C(C)C)O4;2500
4338;COc1cc2c(cc1OC)[C@@H]1CC(=O)[C@H](CCC#N)CN1CC2;620
4339;COc1cc2c(cc1OC)[C@@]13CCN4CC5=CCO[C@H]6CC(=O)N2[C@H]1[C@H]6[C@H]5C[C@H]43;1
4340;COc1cc2c3c(c1OC)-c1ccccc1CC3N(C)CC2;280
4341;COc1cc2c3c(c4ccc(OC)c(OC)c4c2cc1OC)CN1CCC[C@H]1C3;65
4342;COc1cc2ccc(=O)oc2cc1O;3800
4343;COc1cc2ccc(=O)oc2cc1OC;292
4344;COc1cc2nc(C(F)(F)F)[nH]c2cc1OC;42
4345;COc1ccc(-c2cc(C)[nH]c2-c2ccc(OC)cc2)cc1;1800
4346;COc1ccc(-c2cc(N)c3c(c2O)C(=O)c2c(N)ccc(O)c2C3=O)cc1;6380
4347;COc1ccc(-c2ccccc2)cc1CN1CCCC1;28
4348;COc1ccc(-c2nc(C)c(C(N)=O)s2)cc1OC;6200
4349;COc1ccc(-c2nc3ccc([C@H]4N=NC(=O)C[C@@H]4C)cc3[nH]2)cc1;950
4350;COc1ccc(-c2noc(CC(=O)O)c2-c2ccc(OC)cc2)cc1;887
4351;COc1ccc(/C=C/C(=O)Nc2ccccc2C(=O)O)cc1OC;1100
4352;COc1ccc(/C=C/C(=O)O)cc1O;7900
4353;COc1ccc(/C=C2\C(=O)N=C3c4ccccc4N=CN32)cc1;258
4354;COc1ccc(C(=C(C#N)CCC(=O)O)c2ccc(OC)cc2)cc1;337
4355;COc1ccc(C(=CC(=O)N2CCOCC2)c2ccc(Cl)cc2)cc1OC;3900
4356;COc1ccc(C(=O)CCC(=O)O)c2ccccc12;1800
4357;COc1ccc(C(=O)N2CCCC2=O)cc1;4500
4358;COc1ccc(C(=O)NCc2cccnc2)cc1C(=O)NCc1cccnc1;3000
4359;COc1ccc(C(=O)c2ccccc2)c(O)c1;7400
4360;COc1ccc(C(=O)c2ccccc2)cc1;5001
4361;COc1ccc(C(C)=O)cc1;1720
4362;COc1ccc(C(N)=O)cc1C(=O)NCc1cccnc1;1725
4363;COc1ccc(C(OC)C2CCCCC2N2CCCCC2)cc1;92
4364;COc1ccc(C(Oc2ccccc2)C2=NCCCN2)cc1F;1000
4365;COc1ccc(C(c2ccc(OC)cc2)C(Cl)(Cl)Cl)cc1;1855
4366;COc1ccc(C)cc1;1920
4367;COc1ccc(C)cc1N;1450
4368;COc1ccc(C)cc1NC(C)=O;2240
4369;COc1ccc(C2=Cc3ccccc3O[C@H]2c2ccc(OCCN3CCCCC3)cc2)cc1;5001
4370;COc1ccc(C2=NCOCS2)cc1;900
4371;COc1ccc(C=CC(=O)OCCC(C)C)cc1;9600
4372;COc1ccc(C=Nc2c(C)n(C)n(-c3ccccc3)c2=O)cc1;10000
4373;COc1ccc(C=O)cc1;1510
4374;COc1ccc(C=O)cc1OC;2001
4375;COc1ccc(CC(=O)O)cc1;1550
4376;COc1ccc(CC(=S)N(C)C)cc1;22
4377;COc1ccc(CC(C)=O)cc1;3330
4378;COc1ccc(CC2CNC(=O)N2)cc1OC1CCCC1;600
4379;COc1ccc(CCN(C)CCC[C@](C#N)(c2ccc(OC)c(OC)c2)C(C)C)cc1OC;163
4380;COc1ccc(CCNC[C@H](O)c2ccc(O)cc2)cc1OC;9369
4381;COc1ccc(CCl)cc1OC;4700
4382;COc1ccc(CNCC(O)COc2ccc3[nH]c(=O)ccc3c2)cc1OC;1500
4383;COc1ccc(CNc2cc([C@@H](O)CNC(C)(C)C)ccc2O)cc1;1850
4384;COc1ccc(C[C@@H](C)NC[C@@H](O)c2ccc(O)c(NC=O)c2)cc1;3130
4385;COc1ccc(C[C@@H](N)C(=O)O)cc1C(=O)O;5001
4386;COc1ccc(C[C@@H]2NCCc3cc(OC)c(OC)cc32)cc1OC;700
4387;COc1ccc(C[C@H]2NC[C@@H](O)[C@@H]2OC(C)=O)cc1;72
4388;COc1ccc(Cc2cnc(N)nc2N)cc1OC;3679
4389;COc1ccc(Cc2nccc3cc(OC)c(OC)cc23)cc1OC;325
4390;COc1ccc(N)c(OC)c1;464
4391;COc1ccc(N)c(S(=O)(=O)O)c1;10000
4392;COc1ccc(N)c([N+](=O)[O-])c1;14100
4393;COc1ccc(N)cc1;1320
4394;COc1ccc(N)cc1Cl;550
4395;COc1ccc(N)cc1N;460
4396;COc1ccc(N)cc1OC;681
4397;COc1ccc(N=NN(C)C)cc1;347
4398;COc1ccc(NC(=O)CC(C)=O)cc1;1700
4399;COc1ccc(NC(=O)CF)cc1;10
4400;COc1ccc(NC(=O)N(C)C)cc1Cl;1600
4401;COc1ccc(NS(=O)(=O)c2ccc(N)cc2)nn1;2739
4402;COc1ccc(Nc2ccc(OC)cc2)cc1;2470
4403;COc1ccc(O)c(C(C)(C)C)c1;2910
4404;COc1ccc(O)c(C(C)(C)C)c1[C@H](O)c1ncc([N+](=O)[O-])n1C;6800
4405;COc1ccc(O)c(C(N)=O)c1;1900
4406;COc1ccc(O)cc1;1600
4407;COc1ccc(OC(=O)/C=C(/C)OP(=O)(OC)OC)cc1;101
4408;COc1ccc(OC)c(C[C@@H](C)N)c1;171
4409;COc1ccc(OC)c(Cc2cnc3nc(N)nc(N)c3c2C)c1;1168
4410;COc1ccc(OC)c(NC(=O)CNC(=O)Cc2ccc(C(=O)c3ccc(C)cc3)n2C)c1;1470
4411;COc1ccc(OC)c([C@@H](O)[C@@H](C)NC(C)C)c1;2001
4412;COc1ccc(OC)c([N+](=O)[O-])c1;2120
4413;COc1ccc(OC)c2[nH]c(C(F)(F)F)nc12;60
4414;COc1ccc(OC)cc1;3600
4415;COc1ccc(Oc2ccc(NC(=O)N(C)C)cc2)cc1;1000
4416;COc1ccc(S(=O)(=O)NC(=O)NC2CCCCC2)cc1OC;2001
4417;COc1ccc(S(=O)(=O)Nc2nnc(C(C)(C)C)s2)cc1;1150
4418;COc1ccc(S(=O)(=O)Nc2nnc(CC(C)C)s2)cc1;534
4419;COc1ccc(SC#N)c([N+](=O)[O-])c1;3536
4420;COc1ccc(S[P@](=S)(CCl)OC(C)C)cc1;108
4421;COc1ccc([C@@H](CCCc2ccccc2)N(C)C)cc1OC;500
4422;COc1ccc([C@@H](Oc2ccccc2)C2=NCCCN2)cc1;1000
4423;COc1ccc([C@@](O)(c2cncnc2)C2CC2)cc1;4500
4424;COc1ccc([N+](=O)[O-])cc1;2300
4425;COc1ccc([N+](=O)[O-])cc1CNCCBr;20
4426;COc1ccc([N+](=O)[O-])cc1CNCCCl;28
4427;COc1ccc([N+](=O)[O-])cc1CNCCO;30
4428;COc1ccc([N+](=O)[O-])cc1Cl;1180
4429;COc1ccc([N+](=O)[O-])cc1N;2250
4430;COc1ccc2[nH]c([S@](=O)Cc3ncc(C)c(OC)c3C)nc2c1;2210
4431;COc1ccc2c(-c3ccc(OC[C@H](O)CNC(C)C)cc3)c(-c3ccccc3)c(=O)oc2c1;1000
4432;COc1ccc2c(=O)c(C)c(-c3ccccc3)oc2c1CN(C)C;40
4433;COc1ccc2c(=O)c(C)c(C)oc2c1CN1CCOCC1;44
4434;COc1ccc2c(=O)c3ccccc3oc2c1CN1CCCCC1;183
4435;COc1ccc2c(c1)CCCC2=O;300
4436;COc1ccc2c(c1)N(CCCN(C)C)c1ccccc1S2;730
4437;COc1ccc2c(c1)N(CC[C@@H]1CCCCN1C)c1ccccc1S2;1130
4438;COc1ccc2c(c1)N(C[C@H](C)CN(C)C)c1ccccc1S2;1100
4439;COc1ccc2c(c1)OC(C)(C)C(c1ccccc1)=C2c1ccc(OCCN)cc1;1500
4440;COc1ccc2c(c1)OC(C)(C)C(c1ccccc1)=C2c1ccc(OCCO)cc1;500
4441;COc1ccc2c(c1)OC(C)(C)C(c1ccccc1)=C2c1ccc(OC[C@H](O)CNC(C)C)cc1;1000
4442;COc1ccc2c(c1)OC(C)(C)C(c1ccccc1)C2c1ccc(OCCN2CCCC2)cc1;2001
4443;COc1ccc2c(c1)OC(C)(C)[C@@H](c1ccccc1)[C@H]2c1ccc(OC[C@H]2CO2)cc1;800
4444;COc1ccc2c(c1)OC(C)(C)[C@H](c1ccccc1)[C@H]2c1ccc(OCCBr)cc1;500
4445;COc1ccc2c(c1)OC(C)(C)[C@H](c1ccccc1)[C@H]2c1ccc(OCCCCl)cc1;500
4446;COc1ccc2c(c1)OC(C)(C)[C@H](c1ccccc1)[C@H]2c1ccc(OCCN)cc1;500
4447;COc1ccc2c(c1)Sc1ccccc1N2C1CCCN(C)C1;750
4448;COc1ccc2c(c1)[C@]13CCCC[C@@H]1[C@H](C2)N(C)CC3;116
4449;COc1ccc2c(c1)c(CC(=O)NO)c(C)n2C(=O)c1ccc(Cl)cc1;78
4450;COc1ccc2c(c1)c(CC(=O)O)c(C)n2C(=O)/C=C\c1ccccc1;900
4451;COc1ccc2c(c1)c(CC(=O)O)c(C)n2C(=O)c1ccc(Cl)cc1;2.42
4452;COc1ccc2c(c1)c(CC(=O)OC/C=C(\C)CC/C=C(\C)CCC=C(C)C)c(C)n2C(=O)c1ccc(Cl)cc1;1680
4453;COc1ccc2c(c1)c(CC(=O)OCC(=O)O)c(C)n2C(=O)c1ccc(Cl)cc1;24.2
4454;COc1ccc2c(c1)c(CC(=O)OCOC(=O)c1cccc(C)c1)c(C)n2C(=O)c1ccc(Cl)cc1;106
4455;COc1ccc2c(c1)c(CC(=O)OCOC(=O)c1ccccc1)c(C)n2C(=O)c1ccc(Cl)cc1;73
4456;COc1ccc2c(c1)c(CC(=O)OC[C@@H](C(=O)O)c1ccccc1)c(C)n2C(=O)c1ccc(Cl)cc1;140
4457;COc1ccc2c(c1)c(CC(=O)O[C@@H](C)c1ccccc1)c(C)n2C(=O)c1ccc(Cl)cc1;425
4458;COc1ccc2c(c1)c(CC(=O)Oc1ccc(NC(C)=O)cc1)c(C)n2C(=O)c1ccc(Cl)cc1;887
4459;COc1ccc2c(c1)c(CC(=O)Oc1cccc(C(F)(F)F)c1)c(C)n2C(=O)c1ccc(Cl)cc1;307
4460;COc1ccc2c(c1)c(CC(=O)Oc1cccc(C)c1)c(C)n2C(=O)c1ccc(Cl)cc1;98
4461;COc1ccc2c(c1)c(CC(=O)Oc1cccc(Cl)c1)c(C)n2C(=O)c1ccc(Cl)cc1;340
4462;COc1ccc2c(c1)c(CC(=O)Oc1ccccc1C(=O)O)c(C)n2C(=O)c1ccc(Cl)cc1;59.5
4463;COc1ccc2c(c1)c(CC(=O)Oc1ccccc1C(=O)Oc1ccccc1C(=O)O)c(C)n2C(=O)c1ccc(Cl)cc1;63
4464;COc1ccc2c(c1OC)C(=O)O[C@H]2[C@H]1c2c(cc3c(c2OC)OCO3)CCN1C;1520
4465;COc1ccc2c(c1OC)[C@@]13CCN(C)[C@@H](C2)[C@]1(O)CC[C@H](O)C3;339
4466;COc1ccc2c3c1O[C@@H]1C(=O)CC[C@@H]4[C@H](C2)N(C)CC[C@]314;375
4467;COc1ccc2c3c1O[C@H]1[C@@H](O)C=C[C@H]4[C@@H](C2)N(C)CC[C@@]341;427
4468;COc1ccc2c3c1O[C@H]1[C@@H](O)C=C[C@H]4[C@@H](C2)[N@@+](C)([O-])CC[C@@]341;1600
4469;COc1ccc2c3c1O[C@H]1[C@@H](OC(=O)c4cccnc4)C=C[C@H]4[C@@H](C2)N(C)CC[C@@]341;840
4470;COc1ccc2c3c1O[C@H]1[C@H](N=[N+]=[N-])CC[C@H]4[C@@H](C2)N(C)CC[C@@]341;120
4471;COc1ccc2cc(CCC(C)=O)ccc2c1;3880
4472;COc1ccc2cc([C@@H](C)C(=O)OC[C@@H](O)CO)ccc2c1;1630
4473;COc1ccc2cc([C@H](C)C(=O)O)ccc2c1;248
4474;COc1ccc2cc([C@H](C)C(=O)OCCN3CCN(Cc4ccc(N)cc4)CC3)ccc2c1;1600
4475;COc1ccc2cc([C@H](C)C(=O)OCCN3CCN(Cc4ccccc4)CC3)ccc2c1;1100
4476;COc1ccc2cc([C@H](C)C(=O)OCCO)ccc2c1;1720
4477;COc1ccc2cc([C@H](C)C(=O)OCCOCCO)ccc2c1;638
4478;COc1ccc2cc1Oc1ccc(cc1)C[C@@H]1c3c(cc4c(c3Oc3cc5c(cc3OC)CCN(C)[C@@H]5C2)OCO4)CCN1C;2001
4479;COc1ccc2ccc(=O)oc2c1;4300
4480;COc1ccc2ccc(=O)oc2c1CC=C(C)C;2905
4481;COc1ccc2nc3c(c(N)c2c1)CCCC3;753
4482;COc1ccc2oc(N)nc2c1;1000
4483;COc1cccc(C=Nc2c(C)n(C)n(-c3ccccc3)c2=O)c1;5600
4484;COc1cccc(N)c1;526
4485;COc1cccc(O)c1;597
4486;COc1cccc(OC)c1O;550
4487;COc1cccc([C@@]2(O)CCCC[C@@H]2CN(C)C)c1;228
4488;COc1cccc2c1C(=O)c1c(O)c3c(c(O)c1C2=O)C[C@@](O)(C(C)=O)C[C@@H]3O[C@H]1C[C@H](N)[C@H](O)[C@H](C)O1;336
4489;COc1cccc2c1cc([N+](=O)[O-])c1c(C(=O)O)cc3c(c12)OCO3;184
4490;COc1ccccc1;3700
4491;COc1ccccc1-c1ccccc1;3600
4492;COc1ccccc1/C=N/c1ccccc1C(=O)O;1500
4493;COc1ccccc1C1C(Cl)C(=O)N1c1ccccc1C(=O)O;2400
4494;COc1ccccc1C=O;2500
4495;COc1ccccc1N;1505
4496;COc1ccccc1N1CCN(C/C=C/c2ccc3c(c2)CCC(=O)N3)CC1;500
4497;COc1ccccc1N1CCN(CCC/N=C2\CC(=O)N(C)C(=O)N2C)CC1;520
4498;COc1ccccc1N1CCN(CCCc2ccc3c(c2)CCC(=O)N3)CC1;500
4499;COc1ccccc1NC(=O)C(N=Nc1ccc(-c2ccc(N=NC(C(C)=O)C(=O)Nc3ccccc3OC)c(Cl)c2)cc1Cl)C(C)=O;2228
4500;COc1ccccc1NC(=O)CC(=O)c1ccccc1;1600
4501;COc1ccccc1NC(=O)CC(C)=O;1600
4502;COc1ccccc1NC(=O)CNC(=O)Cc1ccc(C(=O)c2ccc(C)cc2)n1C;1550
4503;COc1ccccc1O;520
4504;COc1ccccc1OC;890
4505;COc1ccccc1OC(=O)C(C)c1ccc(CC(C)C)cc1;2062
4506;COc1ccccc1OC(=O)CNC(=O)Cc1ccc(C(=O)c2ccc(C)cc2)n1C;1450
4507;COc1ccccc1OCC(O)COC(N)=O;1320
4508;COc1ccccc1OCCOC(=O)c1ccccc1OC(C)=O;2934
4509;COc1ccccc1OC[C@@H]1CNC(=O)O1;3820
4510;COc1ccccc1OC[C@H](O)CO;1510
4511;COc1ccccc1S;1740
4512;COc1ccccc1[N+](=O)[O-];740
4513;COc1cnc(C)s1;1250
4514;COc1cnc(NS(=O)(=O)c2ccc(N)cc2)nc1;6000
4515;COc1coc(CSP(=O)(OC)OC)cc1=O;23
4516;COc1nc(C(F)(F)F)nc(=NC(O)=NS(=O)(=O)c2ccccc2C(F)(F)F)[nH]1;4700
4517;COc1nc(C)nc(NC(=O)NS(=O)(=O)c2ccccc2CCC(F)(F)F)n1;986
4518;COc1nc(C)nc(NC(=O)NS(=O)(=O)c2ccccc2Cl)n1;7455.5
4519;COc1nc(Cl)nc(OC)n1;870
4520;COc1nc(NC(C)C)nc(NC(C)C)n1;503
4521;COc1nccc(C(F)(F)F)c1S(=O)(=O)Cl;3129
4522;COc1nccnc1NS(=O)(=O)c1ccc(N)cc1;2739
4523;COc1nn(CSP(=S)(OC)OC)c(=O)s1;20
4524;CP(=O)(O)O;2300
4525;CP(=O)(Oc1ccccc1)Oc1ccccc1;233
4526;CP(=S)(Oc1ccccc1)Oc1ccc(C#N)cc1;79
4527;CP(C)(=O)CN1C(=O)CN=C(c2ccccc2)c2cc(Cl)ccc21;3110
4528;CP(Cl)Cl;830
4529;CS(=O)(=O)/C(Cl)=C/Cl;61
4530;CS(=O)(=O)Cl;50
4531;CS(=O)(=O)F;2
4532;CS(=O)(=O)N(CCI)CCI;2700
4533;CS(=O)(=O)N(Cc1cccnc1)c1ccc(F)cc1F;1063
4534;CS(=O)(=O)N(SC(Cl)(Cl)C(F)(Cl)Cl)c1ccc(Cl)cc1;1470
4535;CS(=O)(=O)N(SC(Cl)(Cl)C(F)(Cl)Cl)c1ccccc1;5001
4536;CS(=O)(=O)NC(=O)c1cc(Oc2ccc(C(F)(F)F)cc2Cl)ccc1[N+](=O)[O-];1250
4537;CS(=O)(=O)Nc1ccc([N+](=O)[O-])cc1Oc1ccccc1;200
4538;CS(=O)(=O)O;200
4539;CS(=O)(=O)OC(CCN1CCCCC1)(c1ccccc1)c1ccccc1;1240
4540;CS(=O)(=O)OCC1OC1C1OC1COS(C)(=O)=O;225
4541;CS(=O)(=O)OCCN(CCOS(C)(=O)=O)S(C)(=O)=O;300
4542;CS(=O)(=O)Oc1ccc(Cl)cc1Cl;2793
4543;CS(=O)(=O)c1ccc(-c2cn3ccccc3n2)cc1;3710
4544;CS(=O)(=O)c1ccc(CN(CCO)C(=O)C(Cl)Cl)cc1;12500
4545;CS(=O)(=O)c1ccc(Cl)cc1;400
4546;CS(=O)(=O)c1ccc(N)c(Cl)c1;9500
4547;CS(=O)(=O)c1ccc(O)cc1;3160
4548;CS(=O)(=O)c1ccc2c(c1)N(CCCN1CCC(C(N)=O)CC1)c1ccccc1S2;976
4549;CS(=O)(=O)c1ccc2nc(C(F)(F)F)[nH]c2c1;69
4550;CS(=O)(=O)c1ccccc1;1470
4551;CS(=O)(=O)c1nc(-c2ccc(F)cc2)n(-c2ccc(Cl)cc2)n1;240
4552;CS(=O)(=O)c1nnc(C(F)(F)F)s1;311.9
4553;CS(=O)C(C)(C)CO;11300
4554;CS(=O)CC(=O)c1ccccn1;6550
4555;CS(C)=O;14500
4556;CS/C(C)=N/OC(=O)N(C)SN(C)C(=O)O/N=C(\C)SC;66
4557;CS/C(C)=N\OC(=O)N(C)SN(C(C)C)P1(=S)OCCCO1;600
4558;CS/C(C)=N\OC(=O)N(C)SN(C)C(=O)Oc1ccc(C(C)(C)c2ccc(OC(=O)N(C)SN(C)C(=O)O/N=C(/C)SC)cc2)cc1;508
4559;CS/C(C)=N\OC(=O)N(C)SN(C)C(=O)Oc1ccc(OC(=O)N(C)SN(C)C(=O)O/N=C(/C)SC)cc1;453
4560;CS/C(C)=N\OC(=O)N(C)SSN(C)C(=O)O/N=C(/C)SC;190
4561;CSC;3300
4562;CSC#N;60
4563;CSC(=S)N(C)C;62
4564;CSC(C)(C)/C=N/OC(=O)N(C)SN(C)Cc1ccccc1;9.4
4565;CSC(C)(C)/C=N/OC(=O)N(C)SN1CCOCC1;1.2
4566;CSC(C)(C)CN=O;742
4567;CSC(C)=NOC(=O)N(C)SN1CCOCC1;105
4568;CSCC(=O)N(C)C(=O)Oc1ccccc1OC(C)C;650
4569;CSCCC=O;490
4570;CSCC[C@@H](N)C(=O)O;36000
4571;CSCC[C@H](O)C#N;48
4572;CSCC[C@H](O)C(=O)O;3478
4573;CSCC[C@H](OC(C)=O)C(=O)O;2340
4574;CSC[C@H](N=O)C(C)(C)C;813
4575;CSCc1cnccn1;2150
4576;CSN(C)C(=O)Oc1cccc2c1OC(C)(C)C2;5
4577;CSP(=O)(SC)SC;30
4578;CSP(SC)SC;105
4579;CSSC;290
4580;CSc1ccc(C(=O)C(C)(C)N2CCOCC2)cc1;1456
4581;CSc1ccc(Cl)cc1;400
4582;CSc1ccc(O)cc1C;3400
4583;CSc1ccc(OP(C)(C)=S)cc1C;175
4584;CSc1ccc2c(c1)N(CCCN(C)C)c1ccccc1S2;1450
4585;CSc1ccc2c(c1)N(CC[C@H]1CCCCN1C)c1ccccc1S2;995
4586;CSc1ccccc1;891
4587;CSc1nc(-c2ccc(Cl)cc2)n(-c2ccc(Cl)cc2)n1;770
4588;CSc1nc(C(C)(C)C)nn1C(=O)N(C)C;15
4589;CSc1nc(N=[N+]=[N-])nc(NC(C)C)n1;3600
4590;CSc1nc(NC(C)C)nc(NC(C)C)n1;1939
4591;CSc1nnc(C(C)(C)C)c(=O)n1N;322
4592;C[C@@H](Br)/C=C/Cl;74
4593;C[C@@H](Br)CBr;741
4594;C[C@@H](C#N)N1CCOCC1;87
4595;C[C@@H](C(=O)O)c1ccc(-c2ccccc2)c(F)c1;117
4596;C[C@@H](C(=O)O)c1ccc(-c2ccccc2F)cc1;337
4597;C[C@@H](C(=O)O)c1ccc(N2CC=CC2)c(Cl)c1;351
4598;C[C@@H](C(=O)O)c1ccc(N2Cc3ccccc3C2=O)cc1;84
4599;C[C@@H](C(=O)O)c1ccc2oc(-c3ccc(F)cc3)nc2c1;521
4600;C[C@@H](C(=O)O)c1ccc2oc3ccccc3c(=O)c2c1;720
4601;C[C@@H](C(=O)O)c1cccc(C(=O)c2ccccc2)c1;62.4
4602;C[C@@H](C(=O)O)c1cccc2c(-c3ccccc3)coc12;950
4603;C[C@@H](C(=O)OCCCCO[N+](=O)[O-])c1ccc(-c2ccccc2)c(F)c1;341
4604;C[C@@H](C(c1ccc(Cl)cc1)c1ccc(Cl)cc1)[N+](=O)[O-];750
4605;C[C@@H](C/N=C/c1ccccc1O)/N=C/c1ccccc1O;4560
4606;C[C@@H](C1=C(CCN(C)C)Cc2ccccc21)c1ccccn1;618
4607;C[C@@H](C=O)Cc1ccc(C(C)(C)C)cc1;1390
4608;C[C@@H](CC(=O)O)CC(C)(C)C(=O)O;4900
4609;C[C@@H](CC(=O)c1ccc(-c2ccc(F)cc2F)cc1)C(=O)O;134
4610;C[C@@H](CC(C)(C)O)OCCC#N;3200
4611;C[C@@H](CC1c2ccccc2CCc2ccccc21)CN(C)C;700
4612;C[C@@H](CCN(C)C)N(C)C;750
4613;C[C@@H](CCO)CCc1ccccc1;1850
4614;C[C@@H](CCc1ccc(O)cc1)NCCc1ccc(O)c(O)c1;2296
4615;C[C@@H](CN(C)C)CN1c2ccccc2Sc2ccccc21;210
4616;C[C@@H](CN1CCOCC1)C(C(=O)N1CCCC1)(c1ccccc1)c1ccccc1;71.8
4617;C[C@@H](CO)c1ccccc1;2300
4618;C[C@@H](COC(=O)c1ccccc1)OC(=O)c1ccccc1;2661
4619;C[C@@H](CO[N+](=O)[O-])O[N+](=O)[O-];250
4620;C[C@@H](COc1ccc(C(C)(C)C)cc1)O[S@@](=O)OCCCl;3900
4621;C[C@@H](COc1ccccc1)N(CCCl)Cc1ccccc1;2500
4622;C[C@@H](Cc1ccc(C(C)(C)C)cc1)CN1C[C@H](C)O[C@@H](C)C1;3540
4623;C[C@@H](Cc1ccccc1)N(C)Cc1ccccc1;160
4624;C[C@@H](Cc1ccccc1)N[C@H](C#N)c1ccccc1;37.6
4625;C[C@@H](Cc1ccccc1)OC(N)=O;1100
4626;C[C@@H](Cl)C(=O)O;800
4627;C[C@@H](Cl)C(Cl)Cl;1230
4628;C[C@@H](Cl)CC[C@@H](C)Cl;4000
4629;C[C@@H](N)CN;2230
4630;C[C@@H](N)CNCCCO;5660
4631;C[C@@H](N)Cc1ccccc1;38
4632;C[C@@H](N)[C@@H](O)c1ccccc1;1490
4633;C[C@@H](N)[C@@]1(C)CCCO1;130
4634;C[C@@H](N)[C@H](O)c1cccc(O)c1;240
4635;C[C@@H](N)[C@H]1CC[C@H](c2ccccc2)CC1;690
4636;C[C@@H](N=O)C(=O)c1ccccc1;4240
4637;C[C@@H](NCCN[C@H](C)c1ccccc1)c1ccccc1;1290
4638;C[C@@H](NCCO)c1ccccc1;2830
4639;C[C@@H](O)C#N;21
4640;C[C@@H](O)C(=O)O;3543
4641;C[C@@H](O)CN(C)C;1739
4642;C[C@@H](O)CO;20000
4643;C[C@@H](O)CO[C@@H](C)CO;2280
4644;C[C@@H](O)CO[S@@](C)(=O)=S;794
4645;C[C@@H](O)Cn1cnc2c1c(=O)n(C)c(=O)n2C;460
4646;C[C@@H](O)[C@H](c1ccc2c(c1)OCO2)N1CCOCC1;2470
4647;C[C@@H](O)c1cc(N)cc(C(F)(F)F)c1;880
4648;C[C@@H](O)c1ccccc1;400
4649;C[C@@H](Oc1ccc(Cl)cc1Cl)C(=O)O;567
4650;C[C@@H](Oc1ccc(Oc2ccc(Cl)cc2)cc1)C(=O)O;1200
4651;C[C@@H](Oc1ccc(Oc2ccc(Cl)cc2Cl)cc1)C(=O)O;563
4652;C[C@@H](Oc1ccc(Oc2nc3ccc(Cl)cc3o2)cc1)C(=O)O;2090
4653;C[C@@H](Oc1ccc(Oc2ncc(Cl)cc2Cl)cc1)C(=O)N1CCCO1;500
4654;C[C@@H](Oc1ccc2ccccc2c1)C(O)=Nc1ccccc1;15000
4655;C[C@@H](SCC(=O)O)c1ccc2c(c1)Cc1ccccc1-2;1905
4656;C[C@@H]([C@H](O)c1ccccc1)N(C)CCC#N;940
4657;C[C@@H](c1ccccc1)N(C)C;420
4658;C[C@@H]1C(=O)C(=O)C=CN1C;2001
4659;C[C@@H]1C(=O)O[C@H]2O[C@@]3(C)CC[C@H]4[C@@H](C)CC[C@H]1[C@@]24OO3;5576
4660;C[C@@H]1C/C=C\C=C/C=C\C=C/[C@@H](O[C@@H]2O[C@@H](C)[C@H](O)[C@H](N)[C@@H]2O)C[C@@H]2O[C@](O)(C[C@@H](O)C[C@H]3O[C@@H]3/C=C\C(=O)O1)C[C@H](O)[C@@H]2C(=O)O;2730
4661;C[C@@H]1C/C=C\[C@@H]2[C@H]3O[C@@]3(C)[C@H](C)[C@@H]3[C@@H](Cc4ccccc4)NC(=O)[C@]32OC(=O)O/C=C\[C@@](C)(O)C1=O;9.1
4662;C[C@@H]1CC(=O)C[C@@H](C)O1;3400
4663;C[C@@H]1CCC=C2N(C)C=C(C(=N)O)C(=O)N21;750
4664;C[C@@H]1CCCCN1N=O;600
4665;C[C@@H]1CCC[C@@H](C)N1CCCNc1n[nH]c2ccccc12;700
4666;C[C@@H]1CC[C@H]2[C@@H](C)[C@H]3[C@@H](C[C@@H]4[C@@H]5CC=C6C[C@H](O[C@H]7O[C@H](CO)[C@H](O)[C@H](O[C@@H]8O[C@H](CO)[C@@H](O)[C@@H](O)[C@@H]8O)[C@@H]7O[C@H]7O[C@@H](C)[C@@H](O)[C@H](O)[C@H]7O)CC[C@]6(C)[C@H]5CC[C@]34C)N2C1;590
4667;C[C@@H]1CN(C2CCCCCCCCCCC2)C[C@@H](C)O1;2645
4668;C[C@@H]1CN(CCCCCCCCNC(=O)Oc2ccc3c(c2)[C@@]2(C)CCN(C)[C@H]2N3C)C[C@@H](C)O1;56
4669;C[C@@H]1CNC[C@H](C)O1;2830
4670;C[C@@H]1CO[C@@H](C)CO1;3000
4671;C[C@@H]1COc2c(N3CCN(C)CC3)c(F)cc3c(=O)c(C(=O)O)cn1c23;2534
4672;C[C@@H]1COn2c1nc1ccccc1c2=O;765
4673;C[C@@H]1C[C@@H](C)OP(=O)(Cl)O1;380
4674;C[C@@H]1C[C@@H](C=O)CC(C)(C)C1;4140
4675;C[C@@H]1C[C@@H](OC(=O)[C@H](O)c2ccccc2)CC(C)(C)C1;5001
4676;C[C@@H]1C[C@@H]([C@H](O)CC2CC(=O)NC(=O)C2)C(=O)[C@@H](C)C1;2
4677;C[C@@H]1C[C@@H]2Oc3ccc(Cl)cc3C(=O)N2O1;1160
4678;C[C@@H]1C[C@H](O)CC(C)(C)C1;3250
4679;C[C@@H]1C[C@H]2[C@@H]3CCC4=CC(=O)C=C[C@]4(C)[C@@]3(F)[C@@H](O)C[C@]2(C)[C@@]1(O)C(=O)COC(=O)c1ccncc1;3562
4680;C[C@@H]1C[C@H]2[C@@H]3C[C@H](F)C4=CC(=O)C=C[C@]4(C)[C@H]3[C@@H](O)C[C@]2(C)[C@H]1C(=O)CO;245
4681;C[C@@H]1C[C@](C)(O)C[C@@H]([C@H](O)CC2CC(=O)NC(=O)C2)C1=O;3
4682;C[C@@H]1Cc2cc(C(=O)CCc3ccccc3)ccc2O1;2150
4683;C[C@@H]1Cc2cc3c(cc2[C@H](c2ccc(N)cc2)N=N1)OCO3;350
4684;C[C@@H]1N=C(N)C[C@@H]1c1ccccc1;420
4685;C[C@@H]1NC(=O)c2cc(N)ccc2O1;1415
4686;C[C@@H]1NC(=O)c2ccccc2O1;1025
4687;C[C@@H]1N[C@@H](C)N(CCN2C(=S)S[C@H](C)N[C@@H]2C)C(=S)S1;5001
4688;C[C@@H]1OC(=O)[C@@H](C)OC1=O;3543
4689;C[C@@H]1OC(=O)[C@H](C)OC1=O;3543
4690;C[C@@H]1OC=CC(=O)C1=O;1410
4691;C[C@@H]1OC[C@@H]2[C@H](CO1)[C@]1(Cl)C(Cl)=C(Cl)[C@@]2(Cl)C1(Cl)Cl;120
4692;C[C@@H]1O[C@@H](O[C@@H]2C=C3CC[C@@H]4[C@H](CC[C@]5(C)[C@@H](c6ccc(=O)oc6)CC[C@]45O)[C@@]3(C)CC2)[C@H](O)[C@H](O)[C@H]1O;56
4693;C[C@@H]1O[C@@H](O[C@H]2[C@@H](O)C[C@@H](O[C@H]3CC[C@@]4(C)[C@@H](CC[C@@H]5[C@@H]4CC[C@]4(C)[C@@H](C6=CC(=O)OC6)CC[C@]54O)C3)O[C@@H]2C)C[C@H](O)[C@@H]1O[C@@H]1C[C@H](O)[C@H](O)[C@@H](C)O1;23.75
4694;C[C@@H]1O[C@@H](O[C@H]2[C@@H](O)C[C@@H](O[C@H]3CC[C@@]4(C)[C@@H](CC[C@@H]5[C@@H]4C[C@@H](O)[C@]4(C)[C@@H](C6=CC(=O)OC6)CC[C@]54O)C3)O[C@@H]2C)C[C@H](O)[C@@H]1O[C@@H]1C[C@H](O)[C@H](O)[C@@H](C)O1;28.27
4695;C[C@@H]1Oc2ccccc2C[C@H]1N(C)C;812
4696;C[C@@](Cc1ccccc1)(NC(=O)CN)c1ccccc1;972
4697;C[C@@]1(CCO)CCOCO1;8800
4698;C[C@H](/N=N/C(=O)Nc1cc(F)cc(F)c1)c1ncccc1C(=O)O;3300
4699;C[C@H](C(=O)COC(=O)c1ccncc1)c1ccc(-c2ccccc2F)cc1;1170
4700;C[C@H](C(=O)Nc1cc(-c2ccccc2)nn1-c1ccccc1)N(C)C;815
4701;C[C@H](C(=O)O)c1ccc(-c2cn3ccccc3n2)cc1;292
4702;C[C@H](C(=O)O)c1ccc(-n2cc3ccccc3n2)cc1;1550
4703;C[C@H](C(=O)O)c1ccc(C(=O)c2cccs2)cc1;70.6
4704;C[C@H](C(=O)O)c1ccc(Oc2nccs2)cc1;135
4705;C[C@H](C(=O)O)c1ccc2c(c1)C(=O)c1ccccc1CO2;130
4706;C[C@H](C(=O)O)c1ccc2c(c1)Cc1cccnc1O2;59.5
4707;C[C@H](C(=O)O)c1ccc2c(c1)OCc1cc(Cl)ccc1C2=O;12
4708;C[C@H](C(=O)O)c1ccc2c(c1)OCc1ccccc1C2=O;34
4709;C[C@H](C(=O)O)c1ccc2c(c1)[nH]c1ccc(Cl)cc12;74
4710;C[C@H](C(=O)O)c1ccc2oc(-c3ccc(Cl)cc3)nc2c1;118
4711;C[C@H](C(=O)OCCOCCO)c1ccc2c(c1)C(=O)Cc1ccccc1O2;260
4712;C[C@H](C(C)(C)C)C(C)(C)SSSC(C)(C)[C@H](C)C(C)(C)C;19550
4713;C[C@H](C=O)CC[C@](C)(O)C=O;5890
4714;C[C@H](C=O)c1ccccc1;2800
4715;C[C@H](CC(=O)O)CC(C)(C)C;1160
4716;C[C@H](CC(C)(C)OB1O[C@H](C)CC(C)(C)O1)OB1O[C@@H](C)CC(C)(C)O1;4724
4717;C[C@H](CC1CCCCC1)NCCC(c1ccccc1)c1ccccc1;1550
4718;C[C@H](CCC(=O)O)C(=O)O;300
4719;C[C@H](CCC(=O)O)[C@@H]1CC[C@@H]2[C@H]3C(=O)C[C@@H]4CC(=O)CC[C@]4(C)[C@H]3CC(=O)[C@@]21C;4000
4720;C[C@H](CCC(=O)O)[C@@H]1CC[C@@H]2[C@H]3[C@@H](O)C[C@@H]4C[C@H](O)CC[C@]4(C)[C@H]3CC[C@@]21C;4000
4721;C[C@H](CCC(=O)O)[C@@H]1CC[C@@H]2[C@H]3[C@H](O)C[C@@H]4C[C@H](O)CC[C@]4(C)[C@H]3CC[C@@]21C;4600
4722;C[C@H](CCC(=O)O)[C@H]1CC[C@H]2[C@@H]3CC[C@@H]4C[C@H](O)CC[C@]4(C)[C@H]3C[C@H](O)[C@]12C;1000
4723;C[C@H](CCl)O[C@@H](C)CCl;240
4724;C[C@H](CCl)[N+](=O)[O-];197
4725;C[C@H](CN)CCCN;1690
4726;C[C@H](CN)NCCO;4920
4727;C[C@H](CN1C(=O)N(C[C@H]2CO2)C(C)(C)C1=O)OC[C@H]1CO1;1800
4728;C[C@H](CN1CCCC1)C(=O)c1ccc(C(F)(F)F)cc1;525
4729;C[C@H](CN1CCN(CCOCCO)CC1)CN1c2ccccc2Sc2ccc(Cl)cc21;400
4730;C[C@H](CN1CCN(CCOCCO)CC1)CN1c2ccccc2Sc2ccccc21;400
4731;C[C@H](COCCN)COCCCN;242
4732;C[C@H](COC[C@H](C)OC(=O)c1ccccc1)OC(=O)c1ccccc1;3295
4733;C[C@H](COc1ccc(Cl)cc1Cl)C(=O)O;800
4734;C[C@H](CS)C(=O)N1CCC[C@H]1C(=O)O;4245
4735;C[C@H](Cc1ccc(O)c(O)c1)[C@H](C)Cc1ccc(O)c(O)c1;2001
4736;C[C@H](Cc1ccccc1)NCCC(c1ccccc1)c1ccccc1;250
4737;C[C@H](Cl)CCl;1947
4738;C[C@H](Cl)CO;218
4739;C[C@H](Cl)CO[P@@](=O)(OC[C@@H](C)Cl)Oc1ccc([N+](=O)[O-])cc1;173
4740;C[C@H](N)CCN;1350
4741;C[C@H](N)Cc1ccccc1;30
4742;C[C@H](N/C(=N\C#N)Nc1ccncc1)C(C)(C)C;210
4743;C[C@H](NC(C)(C)C)C(=O)c1cccc(Cl)c1;600
4744;C[C@H](NNC(=O)c1ccccc1)c1ccccc1;675
4745;C[C@H](O)C(Cl)(Cl)Cl;1000
4746;C[C@H](O)C1CCCCC1;2100
4747;C[C@H](O)CC(C)(C)O;3700
4748;C[C@H](O)CC=O;2180
4749;C[C@H](O)CC[C@@H](C)O;2001
4750;C[C@H](O)CN(CCCN(C)C)CCCN(C)C;1332
4751;C[C@H](O)CNC(C)(C)Cc1ccc(Cl)cc1;150
4752;C[C@H](O)CNC(C)(C)Cc1ccccc1;350
4753;C[C@H](O)CNC[C@@H](C)O;4765
4754;C[C@H](O)COC(=O)CBr;664
4755;C[C@H](O)COC(C)(C)C;3771
4756;C[C@H](O)COC[C@@H](C)O;14800
4757;C[C@H](O)COc1ccccc1;2830
4758;C[C@H](O[C@H](C)c1ccccc1)c1ccccc1;9800
4759;C[C@H](O[P@](=O)(CCCl)OCCCl)[P@@](=O)(OCCCl)O[C@H](C)P(=O)(OCCCl)OCCCl;2740
4760;C[C@H](Oc1ccc(Cl)cc1Cl)C(=O)O;344
4761;C[C@H](Oc1ccc(Oc2nc3ccc(Cl)cc3o2)cc1)C(=O)O;2357
4762;C[C@H](S)C(=O)NCC(=O)O;1300
4763;C[C@H](c1ccc(Cl)c(Cl)c1)N1N=C(N)CC1=O;1559
4764;C[C@H](c1ccccc1)C(C)(C)N;180
4765;C[C@H](c1ccccc1)N(C)N=O;600
4766;C[C@H](c1ccccc1)c1ccccc1CCl;4700
4767;C[C@H]1/C(=N/OC(=O)N(C)SC(Cl)(Cl)Cl)SCC(=O)N1C;3.54
4768;C[C@H]1C(=N)C(=O)N(c2ccccc2)N1C;1700
4769;C[C@H]1C(=O)O[C@@H]2CCN3CC=C(COC(=O)[C@](C)(O)[C@]1(C)O)[C@@H]23;66
4770;C[C@H]1C(C)(C)C2=C(C(=O)CCC2)C1(C)C;2901
4771;C[C@H]1CC(C)(C)CC(OOC(C)(C)C)(OOC(C)(C)C)C1;12918
4772;C[C@H]1CCCCN1CCCOC(=O)c1ccc(Cl)c(Cl)c1;800
4773;C[C@H]1CCCCN1N=O;600
4774;C[C@H]1CCCC[C@@H]1NC(=O)Nc1ccccc1;5001
4775;C[C@H]1CCCc2ccccc21;6700
4776;C[C@H]1CC[C@H](CO)CC1;707
4777;C[C@H]1CN(/N=C/c2cccnc2)C(=O)N=N1;5693
4778;C[C@H]1CN1;19
4779;C[C@H]1CN1C(=O)c1cccc(C(=O)N2C[C@@H]2C)c1;1230
4780;C[C@H]1CNCCN1;2030
4781;C[C@H]1CN[C@@H](C)CN1;3160
4782;C[C@H]1CO1;380
4783;C[C@H]1CO[C@@H](c2ccccc2)O1;3000
4784;C[C@H]1CO[C@@](Cn2cncn2)(c2ccc(Oc3ccc(Cl)cc3)cc2Cl)O1;1453
4785;C[C@H]1CO[C@H](C(Cl)(Cl)Cl)O1;380
4786;C[C@H]1CS(=O)(=O)CCN1N=Cc1ccc([N+](=O)[O-])o1;4050
4787;C[C@H]1CS1;254
4788;C[C@H]1CS[C@@H](c2ccccc2OC(=O)N(C)C)S1;140
4789;C[C@H]1C[C@@H](Cl)CC[C@@H]1C(=O)OC(C)(C)C;4556
4790;C[C@H]1C[C@H](O)CC(C)(C)C1;2400
4791;C[C@H]1C[C@H]2CN(C)C[C@H]([C@H]2O)[C@@H]1N1CCCC1;500
4792;C[C@H]1Cc2c(Cl)cc(C(=O)N[C@@H](Cc3ccccc3)C(=O)O)c(O)c2C(=O)O1;20
4793;C[C@H]1NC(=S)NC1=O;1050
4794;C[C@H]1NCCO[C@@H]1c1ccccc1;370
4795;C[C@H]1OC(O[C@H]2[C@@H](O)CC(O[C@H]3[C@@H](O)CC(O[C@H]4CC[C@@]5(C)[C@H](CC[C@@H]6[C@@H]5CC[C@]5(C)[C@@H](C7=CC(=O)OC7)[C@@H](OC=O)C[C@]65O)C4)O[C@@H]3C)O[C@@H]2C)C[C@H](O)[C@@H]1O;29.96
4796;C[C@H]1OC1(C)C;2635
4797;C[C@H]1O[C@@H](n2cc(F)c(=O)[nH]c2=O)[C@@H](O)[C@H]1O;3390
4798;C[C@H]1O[C@H](C)O[C@@H](C)O1;1530
4799;C[C@H]1O[C@H](C)O[C@@H](C)O[C@H](C)O1;227
4800;C[C@H]1O[C@H](O[C@H]2[C@H](O)[C@@H](O)[C@@H](O)[C@H](O)[C@@H]2O)[C@@H](N)C[C@@H]1NC(=N)C(=O)O;11400
4801;C[C@H]1O[C@H](O[C@H]2[C@H](O)[C@H](O)[C@H](O[C@H]3[C@H](O)[C@H](O)[C@@H](O)O[C@@H]3CO)O[C@@H]2CO)[C@@H](O)[C@H](O)[C@@H]1N[C@@H]1C=C(CO)[C@@H](O)[C@H](O)[C@@H]1O;24000
4802;C[C@H]1[C@@H]2C[C@@H](C[C@H]2[C@H]2CCC[C@@H](O)C2)C1(C)C;5001
4803;C[C@](Br)(CCl)CBr;780
4804;C[C@](N)(Cc1ccc(O)c(O)c1)C(=O)O;5355.5
4805;C[C@]1(c2ccccc2)OC(C(=O)O)=CC1=O;3000
4806;C[C@]12C=CC(=O)C=C1CC[C@H]1[C@@H]2[C@@H](O)C[C@@]2(C)[C@@H]1CC[C@]2(O)C(=O)COC(=O)CCCc1ccc(N(CCCl)CCCl)cc1;530
4807;C[C@]12CCC(=O)C=C1CC[C@@H]1[C@H]3CC[C@](C)(O)[C@@]3(C)CC[C@@H]12;2500
4808;C[C@]12CC[C@H](CC1=O)[C@]2(C)C=O;3100
4809;C[N+](=O)[O-];940
4810;C[N+](C)(C)CCCCCC[N+](C)(C)C;500
4811;C[N+](C)(C)CCO[P@](=O)(O)O[P@](=O)(O)OC[C@H]1O[C@H](n2ccc(N)nc2=O)[C@@H](O)[C@@H]1O;18501
4812;C[N+](C)(N)CCBr;3200
4813;C[N+](C)([O-])CCC=C1c2ccccc2CCc2ccccc21;1800
4814;C[N+](C)([O-])c1ccc(/N=N/c2ccccc2)cc1;2200
4815;C[N+]1(C)CCCCC1;270
4816;C[N+]1(C)CCN(CC(O)(c2ccccc2)C2CCCCC2)CC1;958
4817;C[N+]1([O-])CCOCC1;9200
4818;C[P@@](=O)(O)CC[C@@H](N)C(=O)O;1510
4819;C[P@@](=O)(Oc1ccc([N+](=O)[O-])cc1)c1ccccc1;12.5
4820;C[P@](=O)(O)F;300
4821;C[P@](=S)(OCCCCCl)Oc1ccc([N+](=O)[O-])c(C(F)(F)F)c1;79
4822;C[P@](=S)(Oc1ccccc1)Oc1ccc([N+](=O)[O-])cc1;8
4823;C[S@@](=O)C(C)(C)C(N)=O;16000
4824;C[S@@](=O)c1ccc(Cl)cc1;463
4825;C[S@](=O)C(C)(C)C(=O)O;7500
4826;C[S@](=O)C[C@@H](N=O)C(C)(C)C;2001
4827;C[Se]C;2100
4828;C[Si@]1(CCC(F)(F)F)O[Si@](C)(CCC(F)(F)F)O[Si@@](C)(CCC(F)(F)F)O1;180
4829;C[Si](C)(C)CC(=O)O;3000
4830;C[Si](C)(C)CCC(=O)O;3000
4831;C[Si](C)(C)N=C=N[Si](C)(C)C;1728
4832;C[Si](C)(C)N[Si](C)(C)C;847
4833;C[Si](C)(C)OP(=O)(O[Si](C)(C)C)O[Si](C)(C)C;3440
4834;C[Si](C)(Cl)Cl;595
4835;C[Si](Cl)(Cl)CCC(F)(F)F;1000
4836;C[Si](Cl)(Cl)CCCC#N;650
4837;C[Si](Cl)(Cl)Cl;800
4838;C[Si](Cn1cncn1)(c1ccc(F)cc1)c1ccc(F)cc1;674
4839;C[Si]1(C)N[Si](C)(C)N[Si](C)(C)N1;500
4840;C[Si]1(C)N[Si](C)(C)N[Si](C)(C)N[Si](C)(C)N1;100
4841;C[Si]1(C)OCCN(CCO)CCO1;3400
4842;C[Si]1(C)O[Si](C)(C)O[Si](C)(C)O[Si](C)(C)O1;1540
4843;C[n+]1cc2c3c(ccc2c2ccc4cc5c(cc4c21)OCO5)OCO3;1660
4844;C[n+]1ccc(-c2cc[n+](C)cc2)cc1;106
4845;C[n+]1cccc(C(=O)[O-])c1;5001
4846;Cc1[nH]nc(Cl)c1[N+](=O)[O-];350
4847;Cc1[nH]ncc1Cl;375
4848;Cc1c(-c2c(C)c(N)c3c(C(C)C)c(O)c(O)c(C=O)c3c2O)c(O)c2c(C=O)c(O)c(O)c(C(C)C)c2c1N;3270
4849;Cc1c(Br)cc2[nH]c(C(F)(F)F)nc2c1[N+](=O)[O-];83
4850;Cc1c(C(=O)N(C)C)nnn1-c1ccccc1;500
4851;Cc1c(C(=O)NCCO)[n+]([O-])c2ccccc2[n+]1[O-];1717
4852;Cc1c(C(C)C)c(=O)n(-c2ccccc2)n1C;860
4853;Cc1c(C(N)=O)cc([N+](=O)[O-])cc1[N+](=O)[O-];600
4854;Cc1c(C)c(C)c2[nH]c(C(F)(F)F)nc2c1C;58
4855;Cc1c(C)c2c(c(C)c1O)CCC(C)(C(=O)O)O2;4300
4856;Cc1c(CC(=O)O)c2ccccc2n1C(=O)c1ccccc1;362
4857;Cc1c(CN2CCOC(c3ccccc3)C2C)c(=O)n(-c2ccccc2)n1C;250
4858;Cc1c(COC(=O)[C@H]2[C@@H](/C=C(\Cl)C(F)(F)F)C2(C)C)cccc1-c1ccccc1;54.5
4859;Cc1c(Cc2cc(C(C)(C)C)c(O)c(C(C)(C)C)c2)c(C)c(Cc2cc(C(C)(C)C)c(O)c(C(C)(C)C)c2)c(C)c1Cc1cc(C(C)(C)C)c(O)c(C(C)(C)C)c1;1500
4860;Cc1c(Cl)c(=O)oc2cc(OP(=O)(OCC(C)Cl)OCC(C)Cl)ccc12;686
4861;Cc1c(Cl)c(=O)oc2cc(OP(=O)(OCCCCl)OCCCCl)ccc12;211
4862;Cc1c(Cl)c(=O)oc2cc(OP(=O)(OCCCl)OCCCl)ccc12;900
4863;Cc1c(Cl)c(Br)c(Br)c2[nH]c(C(F)(F)F)nc12;23
4864;Cc1c(Cl)c(Br)c(Cl)c2[nH]c(C(F)(F)F)nc12;18.26
4865;Cc1c(Cl)c(Br)cc2[nH]c(C(F)(F)F)nc12;30
4866;Cc1c(Cl)c(Cl)c(Cl)c(C(Cl)Cl)c1Cl;2924
4867;Cc1c(Cl)c(Cl)c(Cl)c2[nH]c(C(F)(F)F)nc12;6.488
4868;Cc1c(Cl)c(Cl)c2nc(C(F)(F)F)[nH]c2c1Cl;18.286
4869;Cc1c(Cl)c([N+](=O)[O-])c2nc(C(F)(F)F)[nH]c2c1[N+](=O)[O-];105
4870;Cc1c(Cl)cc(-c2ccc(O)nn2)cc1Cl;12000
4871;Cc1c(Cl)cc2[nH]c(C(F)(F)F)nc2c1[N+](=O)[O-];31.371
4872;Cc1c(Cl)ccc([C@@H](C)c2ccccc2)c1C;2129
4873;Cc1c(Cl)ccc2[nH]c(C(F)(F)F)nc12;22
4874;Cc1c(Cl)cccc1C[C@H](Cl)C#N;1000
4875;Cc1c(Cl)cccc1Nc1ccccc1C(=O)O;225
4876;Cc1c(Cl)cccc1Nc1ncccc1C(=O)O;335
4877;Cc1c(Cl)cccc1[N+](=O)[O-];2320
4878;Cc1c(F)c(F)c(COC(=O)[C@H]2[C@@H](/C=C(\Cl)C(F)(F)F)C2(C)C)c(F)c1F;22
4879;Cc1c(F)c(F)c2nc(C(F)(F)F)[nH]c2c1F;3.936
4880;Cc1c(I)c(=O)n(-c2ccccc2)n1C;2060
4881;Cc1c(N(C)C)c(=O)n(-c2ccccc2)n1C;285
4882;Cc1c(N)cc([N+](=O)[O-])cc1[N+](=O)[O-];1394
4883;Cc1c(N)cccc1Cl;574
4884;Cc1c(N)cccc1N;1000
4885;Cc1c(N)nc(C)c2c1[nH]c1ccccc12;100
4886;Cc1c(Nc2ccccc2C(=O)O)ccc(O)c1Cl;1849
4887;Cc1c(Nc2ncnc3ccccc23)c(=O)n(C)n1-c1ccccc1;369
4888;Cc1c(O)cc([N+](=O)[O-])cc1[N+](=O)[O-];25
4889;Cc1c(O)cccc1O;200
4890;Cc1c([N+](=O)[O-])cc(N)cc1[N+](=O)[O-];959
4891;Cc1c([N+](=O)[O-])cc([N+](=O)[O-])cc1[N+](=O)[O-];607
4892;Cc1c([N+](=O)[O-])cccc1[N+](=O)[O-];177
4893;Cc1c/c(=N\C(=O)c2ccccc2O)n(-c2ccccc2)n1C;1267
4894;Cc1c2ccccc2c(C)c2c1ccc1ccccc12;327
4895;Cc1c2oc3c(C)ccc(C(=O)N[C@@H]4C(=O)N[C@H](C(C)C)C(=O)N5CCC[C@H]5C(=O)N(C)CC(=O)N(C)[C@@H](C(C)C)C(=O)O[C@@H]4C)c3nc-2c(C(=O)N[C@@H]2C(=O)N[C@H](C(C)C)C(=O)N3CCC[C@H]3C(=O)N(C)CC(=O)N(C)[C@@H](C(C)C)C(=O)O[C@@H]2C)c(N)c1=O;7.2
4896;Cc1c[nH]c2ccccc12;3450
4897;Cc1c[nH]cn1;751
4898;Cc1cc(-c2ccccc2)n[nH]1;1800
4899;Cc1cc(-n2c(C)nc3ccccc3c2=O)cc(C)c1O;230
4900;Cc1cc(-n2c(C)nc3ccccc3c2=O)n(-c2ccccc2)n1;1800
4901;Cc1cc(=O)[nH]o1;3112
4902;Cc1cc(=O)c2c(C)ccc(C)c2o1;2960
4903;Cc1cc(=O)cc(-c2ccccc2)o1;625
4904;Cc1cc(=O)n(-c2ccccc2)n1C;1705
4905;Cc1cc(=O)n(CSP(=S)(OC(C)C)OC(C)C)nc1Cl;110
4906;Cc1cc(=O)oc2cc(O)ccc12;3850
4907;Cc1cc(=O)oc2cc(OP(=O)(OCCCl)OCCCl)ccc12;141
4908;Cc1cc(C(=O)NNCc2ccccc2)no1;280
4909;Cc1cc(C(=O)NN[C@@H](C)Cc2ccccc2)no1;89
4910;Cc1cc(C(=O)Nc2ccccc2)c(C)o1;64
4911;Cc1cc(C(=O)c2ccccc2)ccc1/N=C/c1ccc(OCCC(C)C)cc1;1500
4912;Cc1cc(C(=O)c2ccccc2)ccc1/N=C/c1cccc(OCCC(C)C)c1;2100
4913;Cc1cc(C(=O)c2ccccc2)ccc1N;700
4914;Cc1cc(C(C)(C)C)c(O)c(C(C)(C)C)c1;890
4915;Cc1cc(C(C)(C)C)c(O)c(C)c1CC1=NCCN1;0.8
4916;Cc1cc(C(C)(C)C)c(OB(OC(C)C)OC(C)C)c(C(C)(C)C)c1;5200
4917;Cc1cc(C)[nH]n1;1717
4918;Cc1cc(C)c(C(=O)Cl)c(C)c1;2300
4919;Cc1cc(C)c(C)c(C)c1;5157
4920;Cc1cc(C)c(C)cc1C;6989
4921;Cc1cc(C)c(C2=C(OC(=O)C(C)(C)C)c3ccccc3C2=O)c(C)c1;8000
4922;Cc1cc(C)c(C2=C(OC(=O)OC(C)C)c3ccccc3C2=O)c(C)c1;707
4923;Cc1cc(C)c(C2C(=O)c3ccccc3C2=O)c(C)c1;1000
4924;Cc1cc(C)c(Cc2cc(C)c(C)cc2C)cc1C;4500
4925;Cc1cc(C)c(N)c(C)c1;743
4926;Cc1cc(C)c(N)cc1C;1250
4927;Cc1cc(C)c(O)c(CCCCc2cc(C)cc(C)c2O)c1;5500
4928;Cc1cc(C)c2[nH]c(=O)sc2c1;2920
4929;Cc1cc(C)cc(C(=O)Cl)c1;3162
4930;Cc1cc(C)cc(Cc2ccccc2)c1;2333
4931;Cc1cc(C)cc(N)c1;707
4932;Cc1cc(C)cc(O)c1;608
4933;Cc1cc(C)cc(OC[C@H]2CNC(=O)O2)c1;775
4934;Cc1cc(C)n(SC(Cl)(Cl)Cl)n1;570
4935;Cc1cc(C)nc(/N=N/[C@@H](C)c2ccccc2C)n1;525
4936;Cc1cc(C)nc(C)c1;400
4937;Cc1cc(C)nc(Nc2ccccc2)n1;4149
4938;Cc1cc(C2(c3ccc(O)c(C)c3)C(=O)Nc3ccccc32)ccc1O;520
4939;Cc1cc(CC(C)CC(C)(C)C)oc(=O)c1;1481
4940;Cc1cc(Cc2cc(C)c(O)c(C)c2)cc(C)c1O;2001
4941;Cc1cc(Cl)cc(O)c1O;1412
4942;Cc1cc(Cl)cc(Sc2cc(Cl)cc(C)c2O)c1O;1.3
4943;Cc1cc(Cl)ccc1Cn1nc(C(=O)O)c2ccccc21;4000
4944;Cc1cc(Cl)ccc1N;1058
4945;Cc1cc(Cl)ccc1N=CN(C)C;160
4946;Cc1cc(Cl)ccc1NC(=S)N(C)C;2500
4947;Cc1cc(Cl)ccc1NC=O;564
4948;Cc1cc(Cl)ccc1O;1190
4949;Cc1cc(Cl)ccc1OC(C)C(=O)N(C)C;800
4950;Cc1cc(Cl)ccc1OCC(=O)Nc1ccccc1;4500
4951;Cc1cc(Cl)ccc1OCC(=O)O;700
4952;Cc1cc(Cl)ccc1OCC(=O)OCCCCCC(C)C;700
4953;Cc1cc(Cl)ccc1OCCCC(=O)O;680
4954;Cc1cc(Cl)ccc1O[C@H](C)C(=O)O;908
4955;Cc1cc(F)ccc1NC(=O)c1cc(Cl)cc(-c2ccc(Cl)cc2)c1O;2510
4956;Cc1cc(N(C)C)nc(Cl)n1;1.25
4957;Cc1cc(N)ccc1N;102
4958;Cc1cc(N)ccc1S(=O)(=O)NCCO;8900
4959;Cc1cc(N)n(-c2ccccc2)n1;2500
4960;Cc1cc(NC(=O)c2ccccc2O)n(-c2ccccc2)n1;1321
4961;Cc1cc(NS(=O)(=O)c2ccc(N)cc2)no1;6200
4962;Cc1cc(O)c(C(C)(C)C)cc1C;1030
4963;Cc1cc(O)c(C(C)(C)C)cc1Sc1cc(C(C)(C)C)c(O)cc1C;2345
4964;Cc1cc(O)c(C)c(C)c1O;3200
4965;Cc1cc(O)cc(C)c1Cl;3830
4966;Cc1cc(O)cc(O)c1;844
4967;Cc1cc(O)ccc1Cl;1830
4968;Cc1cc(O)ccc1S(C)(=O)=O;7000
4969;Cc1cc(O)ccc1[N+](=O)[O-];1200
4970;Cc1cc(O)ccc1[S@@](C)=O;3500
4971;Cc1cc(OC(=O)N(C)C)n(-c2ccccc2)n1;62
4972;Cc1cc(OC(=O)N(C)C)n(C(C)C)n1;10.8
4973;Cc1cc(OC(=O)N(C)C)nn1C(=O)N(C)C;25
4974;Cc1cc(OCCO)cc(C)c1Cl;3800
4975;Cc1cc(S(=O)(=O)O)c(N)cc1Cl;12300
4976;Cc1cc(S(=O)(=O)O)cc(C)c1O;2650
4977;Cc1cc(S(=O)(=O)c2ccccc2)ccc1NS(=O)(=O)C(F)(F)F;633
4978;Cc1cc(Sc2cc(C)c(O)c(C(C)(C)C)c2)cc(C(C)(C)C)c1O;6340
4979;Cc1cc([C@@H](C#N)c2ccc(Cl)cc2)c(Cl)cc1NC(=O)c1cc(I)cc(I)c1O;262
4980;Cc1cc([N+](=O)[O-])cc([N+](=O)[O-])c1;216
4981;Cc1cc([N+](=O)[O-])cc([N+](=O)[O-])c1O;7
4982;Cc1cc([N+](=O)[O-])ccc1S(=O)(=O)NCCO;4470
4983;Cc1cc([N+](=O)[O-])ccc1[N+](=O)[O-];517
4984;Cc1cc2[nH]c(C(F)(F)F)nc2c([N+](=O)[O-])c1C;67
4985;Cc1cc2[nH]c(C(F)(F)F)nc2cc1Br;77
4986;Cc1cc2[nH]c(C(F)(F)F)nc2cc1Cl;55
4987;Cc1cc2c(C(C)C)c(O)c(O)c(C=O)c2c(O)c1-c1c(C)cc2c(C(C)C)c(O)c(O)c(C=O)c2c1O;2315
4988;Cc1cc2c(cc1C)C(=O)c1n[nH]nc1C2=O;980
4989;Cc1cc2cccnc2n(-c2ccccc2)c1=O;256
4990;Cc1cc2nc(C(F)(F)F)[nH]c2cc1C;73
4991;Cc1cc[nH]n1;710
4992;Cc1ccc(-c2ccccc2)cc1;2570
4993;Cc1ccc(-c2nc3n(c2C/N=N/C(=O)CN(C)C)CCS3)cc1;800
4994;Cc1ccc(/N=C/N(C)/C=N/c2ccc(C)cc2C)c(C)c1;400
4995;Cc1ccc(/N=C/N(C)SN(C)/C=N/c2ccc(C)cc2C)c(C)c1;300
4996;Cc1ccc(/N=C/NSN(Cc2ccccc2)Cc2ccccc2)c(C)c1;1049
4997;Cc1ccc(/N=N/N(C)C)cc1;395
4998;Cc1ccc(=O)n(-c2ccccc2)c1;1295
4999;Cc1ccc(=O)n(CSP(=S)(OC(C)C)OC(C)C)n1;155
5000;Cc1ccc(B2OCC3(CO2)COB(c2ccc(C)cc2)OC3)cc1;1130
5001;Cc1ccc(C#N)cc1;3800
5002;Cc1ccc(C(=O)C(C)CN2CCCCC2)cc1;1450
5003;Cc1ccc(C(=O)CC(=O)C(F)(F)F)cc1;300
5004;Cc1ccc(C(=O)c2ccc(CC(=O)N3CCN(C)CC3)n2C)cc1;1000
5005;Cc1ccc(C(=O)c2ccc(CC(=O)NCC(=O)Nc3cccc(C)c3C)n2C)cc1;1300
5006;Cc1ccc(C(=O)c2ccc(CC(=O)NCCn3cnc4c3c(=O)n(C)c(=O)n4C)n2C)cc1;1200
5007;Cc1ccc(C(=O)c2ccc(CC(=O)NNCC(=O)N3CCN(C)CC3)n2C)cc1;978
5008;Cc1ccc(C(=O)c2ccc(CC(=O)O)n2C)cc1;293
5009;Cc1ccc(C(=O)c2cccc3c2CC[C@H]3C(=O)O)cc1;244
5010;Cc1ccc(C(=O)c2ccccc2)c(C(=O)O)c1;5600
5011;Cc1ccc(C(C)(C)C)cc1;1555
5012;Cc1ccc(C(C)C)c(O)c1;980
5013;Cc1ccc(C(C)C)cc1;4750
5014;Cc1ccc(C(C)C)cc1O;810
5015;Cc1ccc(C(C)C)cc2c(C)ccc1-2;1550
5016;Cc1ccc(C(C)C=O)cc1;3500
5017;Cc1ccc(C(N)=O)cc1N;1727
5018;Cc1ccc(C)[nH]1;59
5019;Cc1ccc(C)c(C#N)c1;3000
5020;Cc1ccc(C)c(C)c1;3280
5021;Cc1ccc(C)c(C)c1C;6408
5022;Cc1ccc(C)c(CCNC(N)=O)c1;2300
5023;Cc1ccc(C)c(N)c1;1297
5024;Cc1ccc(C)c(O)c1;444
5025;Cc1ccc(C)c(OCCCC(C)(C)C(=O)O)c1;479
5026;Cc1ccc(C)c([N+](=O)[O-])c1;2440
5027;Cc1ccc(C)cc1;3523
5028;Cc1ccc(C)nc1;800
5029;Cc1ccc(C2=CCN(C/C=C/c3ccc4c(c3)CCC(=O)N4)CC2)cc1;500
5030;Cc1ccc(C2=CCN(CCC(=O)c3ccc4c(c3)CCC(=O)N4)CC2)cc1;500
5031;Cc1ccc(C=O)cc1;1600
5032;Cc1ccc(C=O)o1;2200
5033;Cc1ccc(CCOC(=O)c2cccnc2)cc1;3501
5034;Cc1ccc(CN(C)N=O)cc1;400
5035;Cc1ccc(CNC2=NCCS2)cc1;200
5036;Cc1ccc(CO)cc1;3900
5037;Cc1ccc(C[C@@H](C)N)cc1;150
5038;Cc1ccc(Cc2ccc(C)cc2)cc1;2750
5039;Cc1ccc(Cl)c(Nc2ccccc2C(=O)O)c1Cl;100
5040;Cc1ccc(Cl)c(OC[C@@H](O)CNC(C)(C)C)c1;518
5041;Cc1ccc(Cl)cc1;2100
5042;Cc1ccc(Cl)cc1Cl;2400
5043;Cc1ccc(Cl)cc1N;464
5044;Cc1ccc(N(C)C)cc1;1650
5045;Cc1ccc(N(CC2=NCCN2)c2cccc(O)c2)cc1;1250
5046;Cc1ccc(N(SC(F)(Cl)Cl)S(=O)(=O)N(C)C)cc1;1000
5047;Cc1ccc(N)c(C)c1;467
5048;Cc1ccc(N)c(S(=O)(=O)O)c1;11700
5049;Cc1ccc(N)cc1;336
5050;Cc1ccc(N)cc1Br;180
5051;Cc1ccc(N)cc1C;810
5052;Cc1ccc(N)cc1Cl;302
5053;Cc1ccc(N)cc1N;73
5054;Cc1ccc(N)cc1O;3600
5055;Cc1ccc(N)cc1[N+](=O)[O-];6860
5056;Cc1ccc(N)nc1;200
5057;Cc1ccc(N2C(=O)C=CC2=O)cc1;710
5058;Cc1ccc(N2C(=O)C=CC2=O)cc1N1C(=O)C=CC1=O;2400
5059;Cc1ccc(N=C=O)cc1;1600
5060;Cc1ccc(N=C=O)cc1N=C=O;5800
5061;Cc1ccc(N=CN(C)Sc2ccc(Cl)cc2)c(C)c1;320
5062;Cc1ccc(N=c2sccn2C)c(C)c1;725
5063;Cc1ccc(NC(=O)CF)cc1;7
5064;Cc1ccc(NC(=O)N(C)C)cc1Cl;5800
5065;Cc1ccc(NCCCc2ccccc2)cc1;1600
5066;Cc1ccc(Nc2ccc(Nc3ccc(C)cc3)c3c2C(=O)c2ccccc2C3=O)cc1;3000
5067;Cc1ccc(O)c(-n2nc3ccccc3n2)c1;10000
5068;Cc1ccc(O)c(C(C)(C)C)c1;2500
5069;Cc1ccc(O)c(C)c1;2300
5070;Cc1ccc(O)c(C2CCCCC2)c1;1871
5071;Cc1ccc(O)c([N+](=O)[O-])c1;3360
5072;Cc1ccc(O)cc1;207
5073;Cc1ccc(O)cc1C;727
5074;Cc1ccc(OC(=O)c2ccccc2)cc1;2644
5075;Cc1ccc(OC(=O)c2ccccc2O)cc1;1300
5076;Cc1ccc(OCC2CC2)cc1;5140
5077;Cc1ccc(OP(=O)(Oc2ccc(C)cc2)Oc2ccc(C)cc2)cc1;12800
5078;Cc1ccc(Oc2cc(SCC(=O)/N=N/C(C)C)ncn2)cc1;900
5079;Cc1ccc(Oc2cc(SCC(=O)NN)ncn2)cc1;460
5080;Cc1ccc(S(=O)(=O)/C=C\C#N)cc1;1440
5081;Cc1ccc(S(=O)(=O)Cl)cc1;4680
5082;Cc1ccc(S(=O)(=O)N(C)N=O)cc1;2700
5083;Cc1ccc(S(=O)(=O)N=C=O)cc1;2234
5084;Cc1ccc(S(=O)(=O)NC(=O)NN2C[C@H]3CCC[C@H]3C2)cc1;3000
5085;Cc1ccc(S(=O)(=O)NC(=O)N[C@H]2[C@H]3CC[C@@](C)([C@@H]2O)C3(C)C)cc1;18000
5086;Cc1ccc(S(=O)(=O)NN)cc1;283
5087;Cc1ccc(S(=O)(=O)Nc2nnc(CC(C)C)s2)cc1;2400
5088;Cc1ccc(S(=O)(=O)O)c(N)c1;8480
5089;Cc1ccc(S(=O)(=O)O)cc1;400
5090;Cc1ccc(S(=O)(=O)OCCCl)cc1;498
5091;Cc1ccc(S(=O)(=O)Oc2c(C(=O)c3ccc(Cl)cc3Cl)c(C)nn2C)cc1;9550
5092;Cc1ccc(S(=O)(=O)Oc2cc(S(=O)(=O)O)cc3cc(S(=O)(=O)O)cc(N)c23)cc1;11500
5093;Cc1ccc(S(C)(=O)=O)cc1[N+](=O)[O-];933
5094;Cc1ccc(S(N)(=O)=O)cc1;2330
5095;Cc1ccc(SN(C)C(=O)Oc2cccc3c2OC(C)(C)C3)cc1;25
5096;Cc1ccc(SN2C(=O)c3ccccc3C2=O)cc1;5060
5097;Cc1ccc(SP(=S)(CCl)OC(C)C)cc1;204
5098;Cc1ccc([N+](=O)[O-])c(C)c1;1690
5099;Cc1ccc([N+](=O)[O-])c([N+](=O)[O-])c1;807
5100;Cc1ccc([N+](=O)[O-])cc1;2050
5101;Cc1ccc([N+](=O)[O-])cc1N;574
5102;Cc1ccc([N+](=O)[O-])cc1S(=O)(=O)Cl;7470
5103;Cc1ccc([N+](=O)[O-])cc1S(=O)(=O)O;3710
5104;Cc1ccc([N+](=O)[O-])cc1[N+](=O)[O-];269
5105;Cc1ccc2[nH]c(=S)[nH]c2c1;340
5106;Cc1ccc2[nH]c(C(F)(F)F)nc2c1Br;64
5107;Cc1ccc2[nH]c(C(F)(F)F)nc2c1[N+](=O)[O-];7.752
5108;Cc1ccc2[nH]nnc2c1;1600
5109;Cc1ccc2c(-c3cccc(O)c3)nc(=O)n(C(C)C)c2c1;1595
5110;Cc1ccc2c(-c3ccccc3)nc(=O)n(C(C)C)c2c1;759
5111;Cc1ccc2c(Cl)cc(Cl)c(O)c2n1;660
5112;Cc1ccc2c(c1)C(N1CCN(C)CC1)=Nc1ccccc1S2;934
5113;Cc1ccc2c(c1)CC(=O)c1cc(C(C)C(=O)O)ccc1S2;100
5114;Cc1ccc2c(c1)CC(=O)c1cc(CC(=O)O)ccc1O2;326
5115;Cc1ccc2c(c1)CC(=O)c1cc([C@H](C)C(=O)O)ccc1O2;147
5116;Cc1ccc2c(c1)CC(=O)c1cc([C@H](C)C(=O)OCCOCCO)ccc1O2;219
5117;Cc1ccc2ccc(=O)oc2c1;3800
5118;Cc1ccc2ccccc2c1;1630
5119;Cc1ccc2ccccc2c1N;620
5120;Cc1ccc2ccccc2n1;1230
5121;Cc1ccc2nc(-c3ccc(N)cc3)sc2c1;5650
5122;Cc1ccc2nc(C(F)(F)F)[nH]c2c1;63
5123;Cc1ccc2nc3c4cccc5cccc(c(=O)n3c2c1)c54;9490
5124;Cc1ccc2nc3sc(=O)sc3nc2c1;1100
5125;Cc1ccc2ncccc2c1;800
5126;Cc1ccc2oc(=O)ccc2c1;1680
5127;Cc1ccc2sc(C)nc2c1;957
5128;Cc1cccc(/N=N/c2ccc(N(C)C)cc2)c1;1500
5129;Cc1cccc(/N=N\N(C)C)c1;300
5130;Cc1cccc(C#N)c1;3000
5131;Cc1cccc(C#N)c1C;3000
5132;Cc1cccc(C(=O)Cl)c1;3440
5133;Cc1cccc(C(=O)O)c1O;445
5134;Cc1cccc(C(=O)c2ccccc2)c1C;4920
5135;Cc1cccc(C(C)C)c1;2970
5136;Cc1cccc(C)c1;5001
5137;Cc1cccc(C)c1CCNC(N)=O;1500
5138;Cc1cccc(C)c1N;840
5139;Cc1cccc(C)c1N(C(=O)CCl)C1CCOC1=O;2600
5140;Cc1cccc(C)c1N(CCCC(=O)O)C(=O)c1ccc(Cl)cc1;1900
5141;Cc1cccc(C)c1N(COC(C)C)C(=O)CCl;975
5142;Cc1cccc(C)c1N(COCC(C)C)C(=O)CCl;1775
5143;Cc1cccc(C)c1N(Cn1cccn1)C(=O)CCl;1000
5144;Cc1cccc(C)c1NC(=O)/N=C1\CCCN1C;830
5145;Cc1cccc(C)c1NC(=O)C1(N(C)C)CCN([C@@H]2CCCC[C@@H]2O)CC1;4.83
5146;Cc1cccc(C)c1NC(=O)CC12CCCN1CCC2;255
5147;Cc1cccc(C)c1NC(=O)CN1CCCC1=O;1182
5148;Cc1cccc(C)c1NC(=O)CN1CCNCC1;300
5149;Cc1cccc(C)c1NC(=O)c1cc(S(N)(=O)=O)c(Cl)cc1O;1640
5150;Cc1cccc(C)c1NC1=NCCCS1;130
5151;Cc1cccc(C)c1Nc1ncccc1C(=O)O;2.3
5152;Cc1cccc(C)c1O;296
5153;Cc1cccc(C)n1;400
5154;Cc1cccc(CN(C)N=O)c1;600
5155;Cc1cccc(CN2CCN([C@H](c3ccccc3)c3ccc(Cl)cc3)CC2)c1;1750
5156;Cc1cccc(Cl)c1NC(=O)/C=C1\SCC(=O)N1C;1350
5157;Cc1cccc(I)c1;2296
5158;Cc1cccc(N(CCO)CCO)c1;3100
5159;Cc1cccc(N)c1;450
5160;Cc1cccc(N)c1C;930
5161;Cc1cccc(N)n1;100
5162;Cc1cccc(N2CCN(CC=Cc3ccc4c(c3)CCC(=O)N4)CC2)c1;500
5163;Cc1cccc(N2CCN(CCC(O)c3ccc4c(c3)CCC(=O)N4)CC2)c1C;500
5164;Cc1cccc(N2CCN(CCCCN3C(=O)CNC3=O)CC2)c1;383
5165;Cc1cccc(N2C[C@H](CO)OC2=O)c1;1225
5166;Cc1cccc(N=C=O)c1;2926
5167;Cc1cccc(NC(=O)c2ccccc2C(=O)O)c1;5230
5168;Cc1cccc(NC(=S)N(C)C)c1;2200
5169;Cc1cccc(NC(N)=O)c1;1330
5170;Cc1cccc(Nc2cc(Cl)nc(SCC(=O)O)n2)c1C;1050
5171;Cc1cccc(Nc2ccccc2C(=O)O)c1C;740
5172;Cc1cccc(O)c1;242
5173;Cc1cccc(OC(C)C)c1N(C)C(=O)CCl;950
5174;Cc1cccc(OCCC(C)C)c1N(C)C(=O)CCl;3300
5175;Cc1cccc([C@@H](C)c2ccccc2)c1C;2050
5176;Cc1cccc([N+](=O)[O-])c1;1071
5177;Cc1cccc([N+](=O)[O-])c1C;2110
5178;Cc1cccc([N+](=O)[O-])c1[N+](=O)[O-];911
5179;Cc1cccc2c1C(=O)[C@@H](c1c(Cl)cccc1Cl)C2=O;466
5180;Cc1cccc2ccccc12;1840
5181;Cc1cccc2sc3nncn3c12;250
5182;Cc1ccccc1;636
5183;Cc1ccccc1-c1nc2c(N)nc(N)nc2nc1N;1800
5184;Cc1ccccc1-n1c(C)nc2ccc(N)cc2c1=O;60
5185;Cc1ccccc1-n1c(C)nc2ccccc2c1=O;185
5186;Cc1ccccc1-n1c(CF)nc2ccc(N)cc2c1=O;249
5187;Cc1ccccc1/N=N/N(C)C;350
5188;Cc1ccccc1C;3523
5189;Cc1ccccc1C#N;3200
5190;Cc1ccccc1C(=O)NC1=NCCS1;912
5191;Cc1ccccc1C(=O)Nc1cccc(OC(C)C)c1;10000
5192;Cc1ccccc1C(=O)Nc1ccccc1;6000
5193;Cc1ccccc1C(C)C;2130
5194;Cc1ccccc1C(C)c1ccccc1;1750
5195;Cc1ccccc1CN(C)N=O;90
5196;Cc1ccccc1CNC1=NCCS1;164
5197;Cc1ccccc1CO[C@H]1C[C@]2(C(C)C)CC[C@@]1(C)O2;4553
5198;Cc1ccccc1Cc1ccccc1;3015
5199;Cc1ccccc1Cl;3900
5200;Cc1ccccc1N;75
5201;Cc1ccccc1N(CCO)CCO;2200
5202;Cc1ccccc1N1C(=O)C=CC1=O;250
5203;Cc1ccccc1N=C=O;1600
5204;Cc1ccccc1N=Nc1c(N)ccc2ccccc12;120
5205;Cc1ccccc1NC(=N)NC(=N)N;800
5206;Cc1ccccc1NC(=N)Nc1ccccc1C;70.65
5207;Cc1ccccc1NC(=S)NN;200
5208;Cc1ccccc1NCCO;2200
5209;Cc1ccccc1O;121
5210;Cc1ccccc1OCC(O)COC(N)=O;1050
5211;Cc1ccccc1OC[C@@H](CO[C@@H](O)C(Cl)(Cl)Cl)O[C@@H](O)C(Cl)(Cl)Cl;880
5212;Cc1ccccc1OC[C@H](O)CN(N/C=N/C(=O)c1ccccc1)C(C)C;2933
5213;Cc1ccccc1OC[C@H](O)CO;625
5214;Cc1ccccc1OC[C@H]1CO1;2800
5215;Cc1ccccc1OP(=O)(Oc1ccccc1C)Oc1ccccc1C;1160
5216;Cc1ccccc1Oc1cccnn1;3090
5217;Cc1ccccc1S(N)(=O)=O;2400
5218;Cc1ccccc1[C@H]1OC[C@@H](O)CO1;3400
5219;Cc1ccccc1[N+](=O)[O-];890
5220;Cc1ccccn1;790
5221;Cc1cccnc1;400
5222;Cc1cccnc1-n1c(C)nc2ccccc2c1=O;395
5223;Cc1cccnc1N;100
5224;Cc1cccs1;3200
5225;Cc1ccn(C(=O)NCCCCCCCl)n1;5250
5226;Cc1ccn(C(=O)NCCCCCCNC(=O)n2ccc(C)n2)n1;4850
5227;Cc1ccn(C(=O)NCCCCNC(=O)n2ccc(C)n2)n1;4600
5228;Cc1ccn(C(N)=O)n1;830
5229;Cc1ccn(CO)n1;1650
5230;Cc1ccnc(C)c1;200
5231;Cc1ccnc(N)c1;200
5232;Cc1ccnc(SCCC(F)=C(F)F)n1;844
5233;Cc1ccncc1;440
5234;Cc1ccoc1C;300
5235;Cc1cn(-c2c(Cl)cccc2Cl)c(N)n1;250
5236;Cc1cn(-c2cc(N)cc(C(F)(F)F)c2)cn1;50
5237;Cc1cn([C@H]2C=C[C@@H](CO)O2)c(=O)[nH]c1=O;4000
5238;Cc1cn([C@H]2C[C@H](N=[N+]=[N-])[C@@H](CO)O2)c(=O)[nH]c1=O;3084
5239;Cc1cn[nH]c1;534
5240;Cc1cnc(C)c(C)n1;806
5241;Cc1cnc(C)cn1;1020
5242;Cc1cncc(C)n1;880
5243;Cc1cnccc1N;446
5244;Cc1cnccn1;1800
5245;Cc1csc2c(Cl)cccc12;300
5246;Cc1n[nH]c(=O)c2noc(C)c12;1000
5247;Cc1nc(C)c(C(=O)Nc2ccccc2)s1;3929
5248;Cc1nc(C)c(C)nc1C;1910
5249;Cc1nc(C)c(Cl)c(O)c1Cl;18000
5250;Cc1nc(Cn2cnc3c2c(=O)n(C)c(=O)n3C)no1;1549
5251;Cc1nc(N(C)C)nc(OC(=O)N(C)C)c1C;100
5252;Cc1nc(N)nc(N)c1-c1ccc(Br)cc1;250
5253;Cc1nc(N)nc(N2N=CCC2C)n1;3200
5254;Cc1nc(N)sc1C(=O)Nc1ccccc1;1410
5255;Cc1nc(NCc2ccccc2)c2cc[nH]c2n1;80
5256;Cc1nc([N+](=O)[O-])cn1-c1ccc([N+](=O)[O-])cc1;4813
5257;Cc1nc2c(C)cccc2[se]1;1060
5258;Cc1nc2ccccc2[se]1;471
5259;Cc1nc2n(c(=O)c1CCN1CCC(c3noc4cc(F)ccc34)CC1)CCCC2;56.6
5260;Cc1nc2n(c(=O)c1CCN1CCC(c3noc4cc(F)ccc34)CC1)CCC[C@H]2O;65
5261;Cc1nc2sccn2c1/C=N/NC(=O)CN(C)C;1500
5262;Cc1ncc(CO)c(C(=O)O)c1O;7500
5263;Cc1ncc(CO)c(CO)c1O;4000
5264;Cc1ncc(COP(=O)(O)O)c(C=O)c1O;5900
5265;Cc1ncc([N+](=O)[O-])n1CC(O)CCl;1780
5266;Cc1ncc([N+](=O)[O-])n1CCO;3000
5267;Cc1ncc2n1-c1ccc(Cl)cc1C(c1ccccc1F)=NC2;215
5268;Cc1nccn1Cc1ccccc1;1000
5269;Cc1nccnc1C;613
5270;Cc1nccnc1SCc1ccco1;1000
5271;Cc1ncoc1C#N;735
5272;Cc1ncsc1C;960
5273;Cc1nn(-c2cc(NS(C)(=O)=O)c(Cl)cc2Cl)c(=O)n1C(F)F;2855
5274;Cc1nn(-c2ccccc2)c(=O)c2noc(C)c12;1000
5275;Cc1nn(C)c(=O)c2noc(C)c12;1000
5276;Cc1nn(C)c(OCC(=O)c2ccccc2)c1C(=O)c1ccc(Cl)cc1Cl;1644
5277;Cc1nn(C)c(Oc2ccccc2)c1/C=N/OCc1ccc(C(=O)OC(C)(C)C)cc1;245
5278;Cc1nnc(-c2ccccc2)c(=O)n1N;1183
5279;Cc1nnc(C(CCN2C[C@H]3CC[C@@H]2CC3)(c2ccccc2)c2ccccc2)o1;105
5280;Cc1nnc(NS(=O)(=O)c2ccc(N)cc2)s1;3500
5281;Cc1nnc2n1-c1ccc(Cl)cc1C(c1ccccc1)=NC2;1220
5282;Cc1noc(NS(=O)(=O)c2ccc(N)cc2)c1C;10000
5283;Cc1oc(C)c(C(=O)Nc2ccccc2)c1C;1470
5284;Cc1occc1C(=O)Nc1ccccc1;12900
5285;Cc1onc2c(=O)n(-c3ccccc3)nc(-c3ccccc3)c12;1000
5286;Cc1onc2c(=O)n(C)nc(-c3ccccc3)c12;1000
5287;Cc1onc2c1[C@H](c1ccccc1)N=NC2=O;1000
5288;Cc1oncc1C(=O)N1CCCCC1;1240
5289;Cc1oncc1C(=O)Nc1ccc(C(F)(F)F)cc1;235
5290;Cl/C(=N/Nc1c(Cl)cc(Cl)cc1Cl)c1ccccc1;718
5291;Cl/C=C\CCl;81.5
5292;Cl/C=C\Cl;1235
5293;ClC(Br)Br;370
5294;ClC(Cl)(Br)CBr;205
5295;ClC(Cl)(Cl)C(Cl)(Cl)Cl;4460
5296;ClC(Cl)(Cl)CC1CO1;1500
5297;ClC(Cl)(Cl)Cl;2350
5298;ClC(Cl)(Cl)Sn1cccn1;350
5299;ClC(Cl)(Cl)c1ccc(C(Cl)(Cl)Cl)cc1;3200
5300;ClC(Cl)(Cl)c1cccc(C(Cl)(Cl)Cl)c1;2924
5301;ClC(Cl)(Cl)c1ccccc1;1590
5302;ClC(Cl)=C(Cl)C(Cl)=C(Cl)Cl;82
5303;ClC(Cl)=C(Cl)Cl;2629
5304;ClC(Cl)=C(c1ccc(Cl)cc1)c1ccc(Cl)cc1;880
5305;ClC(Cl)=C(c1ccc(Cl)cc1)c1ccccc1Cl;880
5306;ClC(Cl)=C1C(Cl)(Cl)C(Cl)=C(Cl)C1(Cl)Cl;3700
5307;ClC(Cl)Br;916
5308;ClC(Cl)C(Cl)(Cl)Cl;920
5309;ClC(Cl)C(Cl)C(Cl)C(Cl)Cl;400
5310;ClC(Cl)C(Cl)Cl;200
5311;ClC(Cl)Cc1ccccc1;5500
5312;ClC(Cl)Cl;801.5
5313;ClC(Cl)c1cccc(Oc2ccccc2)c1;6000
5314;ClC(Cl)c1ccccc1;3249
5315;ClC1(Cl)[C@@]2(Cl)[C@@]3(Cl)[C@H]4[C@]1(Cl)[C@@]1(Cl)[C@]2(Cl)[C@]3(Cl)C(Cl)(Cl)[C@@]41Cl;200
5316;ClC1(Cl)[C@]2(Cl)[C@@]3(Cl)[C@]4(Cl)C(Cl)(Cl)[C@]5(Cl)[C@@]3(Cl)[C@@]1(Cl)[C@]5(Cl)[C@]24Cl;235
5317;ClC1=C(Cl)C(Cl)(C2(Cl)C(Cl)=C(Cl)C(Cl)=C2Cl)C(Cl)=C1Cl;1200
5318;ClC1=C(Cl)C(Cl)(Cl)C(Cl)=C1Cl;315
5319;ClC1=C(Cl)[C@@]2(Cl)C(Cl)=C(Cl)[C@H]3[C@@H]1[C@@H](Cl)C[C@H]32;10200
5320;ClC1=C(Cl)[C@@]2(Cl)[C@H](CBr)C[C@]1(Cl)C2(Cl)Cl;12500
5321;ClC1=C(Cl)[C@@]2(Cl)[C@H]3[C@H]4C[C@@H]([C@@H]5O[C@H]45)[C@H]3[C@@]1(Cl)C2(Cl)Cl;24
5322;ClC1=C(Cl)[C@]2(Cl)[C@@H](C(Cl)Cl)C[C@@]1(Cl)C2(Cl)Cl;1600
5323;ClC1=C(Cl)[C@]2(Cl)[C@@H]3CC(Cl)(Cl)C[C@@H]3[C@@]1(Cl)C2(Cl)Cl;500
5324;ClC1=C(Cl)[C@]2(Cl)[C@@H]3CCCC[C@H]3[C@@]1(Cl)C2(Cl)Cl;100
5325;ClC1=C(Cl)[C@]2(Cl)[C@@H]3CC[C@H]4[C@@H](CC[C@H]3[C@@]1(Cl)C2(Cl)Cl)[C@@]1(Cl)C(Cl)=C(Cl)[C@]4(Cl)C1(Cl)Cl;25000
5326;ClC1=C(Cl)[C@]2(Cl)[C@@H]3C[C@@H](Cl)[C@@H](Cl)[C@@H]3[C@@]1(Cl)C2(Cl)Cl;283
5327;ClC1=C(Cl)[C@]2(Cl)[C@@H]3[C@@H](C=C[C@@H]3Br)[C@@]1(Cl)C2(Cl)Cl;1040
5328;ClC1=C(Cl)[C@]2(Cl)[C@@H]3[C@@H](Cl)C=C[C@@H]3[C@@]1(Cl)C2(Cl)Cl;40
5329;ClC1=C(Cl)[C@]2(Cl)[C@@H]3[C@@H]([C@@H](Cl)O[C@H]3Cl)[C@@]1(Cl)C2(Cl)Cl;4.8
5330;ClC1=C(Cl)[C@]2(Cl)[C@@H]3[C@@H]([C@@H]4C=C[C@H]3O4)[C@@]1(Cl)C2(Cl)Cl;68
5331;ClC1=C(Cl)[C@]2(Cl)[C@@H]3[C@@H]4O[C@@H]([C@H]5O[C@H]54)[C@@H]3[C@@]1(Cl)C2(Cl)Cl;142
5332;ClC1=C(Cl)[C@]2(Cl)[C@@H]3[C@H](Cl)[C@@H](Cl)[C@H](Cl)[C@@H]3[C@@]1(Cl)C2(Cl)Cl;500
5333;ClC1=C(Cl)[C@]2(Cl)[C@@H]3[C@H]([C@H](Cl)[C@]4(Cl)O[C@H]34)[C@@]1(Cl)C2(Cl)Cl;457
5334;ClC1=C(Cl)[C@]2(Cl)[C@H]3CC[C@H](Cl)[C@H]3[C@@]1(Cl)C2(Cl)Cl;2001
5335;ClC1=C(Cl)[C@]2(Cl)[C@H]3C[C@@H](Cl)C[C@H]3[C@@]1(Cl)C2(Cl)Cl;5001
5336;ClC1=C(Cl)[C@]2(Cl)[C@H]3[C@@H](Cl)[C@H](Cl)C[C@@H]3[C@@]1(Cl)C2(Cl)Cl;500
5337;ClC1=C(Cl)[C@]2(Cl)[C@H]3[C@@H]4O[C@@H]4[C@H](Cl)[C@H]3[C@@]1(Cl)C2(Cl)Cl;15
5338;ClC1=C(Cl)[C@]2(Cl)[C@H]3[C@H]([C@@H]4C=C[C@H]3C4)[C@]1(Cl)C2(Cl)Cl;7
5339;ClC1=C(Cl)[C@]2(Cl)[C@H]3[C@H]([C@H]4C=C[C@@H]3C4)[C@@]1(Cl)C2(Cl)Cl;39
5340;ClC=C(Cl)CCl;616
5341;ClC=C(Cl)Cl;4920
5342;ClC=C(Cl)c1ccccc1;4000
5343;ClC=CCCl;110.5
5344;ClC=CCl;770
5345;ClC=Cc1ccccc1;5200
5346;ClCBr;5001
5347;ClCC(Cl)(Cl)C(Cl)Cl;819
5348;ClCC(Cl)(Cl)CCl;6300
5349;ClCC(Cl)(Cl)Cl;670
5350;ClCC(Cl)=C(Cl)C(Cl)Cl;472
5351;ClCC(Cl)=C(Cl)Cl;350
5352;ClCC(Cl)CCl;136
5353;ClCC(Cl)Cl;836
5354;ClCC1(CCl)COC1;600
5355;ClCC1C(CCl)C2(Cl)C(Cl)=C(Cl)C1(Cl)C2(Cl)Cl;200
5356;ClCC1COC(C(Cl)(Cl)Cl)O1;1000
5357;ClCC=C(Cl)CCl;224
5358;ClCC=CCCl;89
5359;ClCCBr;64
5360;ClCCC(Cl)(Cl)Cl;490
5361;ClCCCBr;930
5362;ClCCCCCCCCC(Cl)(Cl)Cl;370
5363;ClCCCCCCCl;2675
5364;ClCCC[Si](Cl)(Cl)Cl;200
5365;ClCCCl;670
5366;ClCCN(CCCl)CCCl;5
5367;ClCCN(CCCl)c1ccccc1;239
5368;ClCCN(Cc1ccccc1)Cc1ccccc1;2400
5369;ClCCOCCC(OCCCl)OCCCl;710
5370;ClCCOCCCl;75
5371;ClCCOCCOCCCl;250
5372;ClCCOCCOCCOCCCl;180
5373;ClCCOCOCCCl;65
5374;ClCCOP(OCCCl)OCCCl;100
5375;ClCCO[SiH](OCCCl)OCCCl;190
5376;ClCCSCCCl;17
5377;ClCCl;1503
5378;ClCNc1cc(Cl)ccc1Oc1ccc(Cl)cc1;726
5379;ClC[C@@H]1CO1;65
5380;ClC[C@@H]1CS1;40
5381;ClC[C@@H]1O[C@H]1CCl;710
5382;ClC[C@H](Br)CBr;170
5383;ClCc1c(Cl)cc(Cl)cc1Cl;3075
5384;ClCc1cc(Cl)cc(Cl)c1;1080
5385;ClCc1ccc(CCl)c2ccccc12;2001
5386;ClCc1ccc(CCl)cc1;1280
5387;ClCc1cccc(Oc2ccccc2)c1;1224
5388;ClCc1cccc2ccccc12;890
5389;ClCc1ccccc1;440
5390;ClCc1ccccc1CCl;2263
5391;ClN(Cl)c1nc(N(Cl)Cl)nc(N(Cl)Cl)n1;5001
5392;ClP(Cl)Oc1ccccc1;681
5393;ClP(Cl)c1ccccc1;200
5394;ClSC(Cl)(Cl)Cl;82.6
5395;Cl[C@@H](COC[C@H](Cl)C(Cl)(Cl)Cl)C(Cl)(Cl)Cl;3630
5396;Cl[C@@H]1CC[C@@H]2S[C@H]1CC[C@@H]2Cl;1410
5397;Cl[C@H]1[C@H](Cl)[C@@H](Cl)[C@@H](Cl)[C@H](Cl)[C@H]1Cl;3500
5398;Cl[C@H]1[C@H](Cl)[C@@H](Cl)[C@H](Cl)[C@@H](Cl)[C@H]1Cl;177
5399;Cl[C@H]1[C@H](Cl)[C@H](Cl)[C@H](Cl)[C@@H](Cl)[C@H]1Cl;100
5400;Cl[Si](Cl)(Cl)CCc1ccccc1;2830
5401;Cl[Si](Cl)(Cl)[C@@H]1CC=CCC1;2830
5402;Cl[Si](Cl)(Cl)c1ccccc1;2390
5403;Clc1c(Cl)c(Cl)c(Cl)c(Cl)c1Cl;3500
5404;Clc1c(Cl)c(Cl)c2c(c1Cl)Oc1c(Cl)c(Cl)c(Cl)c(Cl)c1O2;1
5405;Clc1c(Cl)c(Cl)c2c(c1Cl)Oc1ccccc1O2;0.8
5406;Clc1c(Cl)c(Cl)c2nccnc2c1Cl;6400
5407;Clc1cc(-c2cc(Cl)c(Cl)c(Cl)c2)cc(Cl)c1Cl;4250
5408;Clc1cc(Cl)c(-c2c(Cl)c(Cl)c(-c3c(Cl)cc(Cl)c(Cl)c3Cl)c(Cl)c2Cl)cc1Cl;16000
5409;Clc1cc(Cl)c(Cl)c(-c2cc(Cl)c(-c3cc(Cl)c(Cl)c(Cl)c3)c(Cl)c2Cl)c1;19200
5410;Clc1cc(Cl)c(Cl)c(Cl)c1;1727
5411;Clc1cc(Cl)c(Cl)c(Cl)c1Cl;940
5412;Clc1cc(Cl)c(Cl)cc1Cl;1500
5413;Clc1cc(Cl)c(Cl)nc1Cl;1000
5414;Clc1cc(Cl)c2nsnc2c1Cl;1620
5415;Clc1cc(Cl)cc(-c2cc(Cl)cc(Cl)c2)c1;11000
5416;Clc1cc(Cl)cc(Cl)c1;800
5417;Clc1cc(Cl)cc([C@@]2(CC(Cl)(Cl)Cl)CO2)c1;1500
5418;Clc1cc2c(c(Cl)c1Cl)Oc1c(Cl)c(Cl)c(Cl)c(Cl)c1O2;6.325
5419;Clc1cc2c(c(Cl)c1Cl)Oc1c(cc(Cl)c(Cl)c1Cl)O2;0.8
5420;Clc1cc2c(c(Cl)c1Cl)Oc1cc(Cl)c(Cl)c(Cl)c1O2;0.8435
5421;Clc1cc2c(cc1Cl)Oc1c(Cl)c(Cl)c(Cl)c(Cl)c1O2;0.887
5422;Clc1cc2c(cc1Cl)Oc1c(cc(Cl)c(Cl)c1Cl)O2;0.206
5423;Clc1cc2c(cc1Cl)Oc1cc(Cl)c(Cl)cc1O2;0.02
5424;Clc1cc2oc3c(Cl)c(Cl)c(Cl)cc3c2cc1Cl;0.916
5425;Clc1ccc(-c2ccc(Cl)c(Cl)c2Cl)c(Cl)c1Cl;1300
5426;Clc1ccc(-c2cccc(Cl)c2Cl)c(Cl)c1;4250
5427;Clc1ccc(/N=N/c2ccc(Cl)c(Cl)c2)cc1Cl;5001
5428;Clc1ccc(/N=N/c2ccc(NCCCN3CCCCC3)c3c2CCCC3)cc1;1122
5429;Clc1ccc(C(Cl)(Cl)Cl)c(Cl)c1;3160
5430;Clc1ccc(C(Cl)(Cl)Cl)cc1;581
5431;Clc1ccc(C(Cl)(Cl)Cl)cc1Cl;1424
5432;Clc1ccc(C(Cl)(Cl)c2ccc(Cl)cc2)cc1;168
5433;Clc1ccc(C(Cl)Cl)cc1;1910
5434;Clc1ccc(C(c2ccc(Cl)cc2)C(Cl)(Cl)Cl)cc1;87
5435;Clc1ccc(C(c2ccc(Cl)cc2)C(Cl)Cl)cc1;113
5436;Clc1ccc(C2(Cn3cncn3)OCCO2)c(Cl)c1;308
5437;Clc1ccc(COC(Cn2ccnc2)c2ccc(Cl)cc2Cl)c(Cl)c1;550
5438;Clc1ccc(CSC(Cn2cncn2)=Nc2ccc(Cl)cc2Cl)cc1;2800
5439;Clc1ccc(Cc2ccc(Cl)cc2)cc1;1000
5440;Clc1ccc(Cl)c(Cl)c1;756
5441;Clc1ccc(Cl)c(Cl)c1Cl;1167
5442;Clc1ccc(Cl)cc1;500
5443;Clc1ccc(N2CCN(C/C=C/c3ccccc3)CC2)nn1;483
5444;Clc1ccc(N2N=NC3C4CC(C5N=NC45)C32)cc1;261
5445;Clc1ccc(OCOc2ccc(Cl)cc2)cc1;5800
5446;Clc1ccc(S/N=N/c2cc(Cl)c(Cl)cc2Cl)cc1;4000
5447;Clc1ccc(Sc2cc(Cl)c(Cl)cc2Cl)cc1;3960
5448;Clc1ccc([C@H](Cn2ccnc2)OCc2ccsc2Cl)c(Cl)c1;770
5449;Clc1ccc([C@]2(Cn3cncn3)C[C@@H](Br)CO2)c(Cl)c1;328
5450;Clc1ccc([Si]23OCCN(CCO2)CCO3)cc1;520
5451;Clc1ccc2c(c1)C(N1CCNCC1)=Nc1ccccc1O2;313
5452;Clc1ccc2c(c1)C(c1ccccc1)=NCc1nncn1-2;2500
5453;Clc1ccc2ccccc2c1;2078
5454;Clc1ccc2ncoc2c1;791.3
5455;Clc1ccc2nsnc2c1NC1=NCCN1;600
5456;Clc1ccc2ocnc2c1;650
5457;Clc1cccc(-c2cc(Cl)cc(Cl)c2)c1;2300
5458;Clc1cccc(C(Cl)(Cl)Cl)n1;940
5459;Clc1cccc(C2CCCCC2)c1Cl;4750
5460;Clc1cccc(Cl)c1;580
5461;Clc1cccc(Cl)c1C(Cl)Cl;1300
5462;Clc1cccc(Cl)c1Cl;756
5463;Clc1cccc(Cl)c1N=C1NCCN1;67.3
5464;Clc1cccc(Cl)c1Nc1ncccn1;4720
5465;Clc1cccc(SCc2nn[nH]n2)c1;2200
5466;Clc1cccc(Sc2ccccc2)c1;1324
5467;Clc1cccc([Si]23OCCN(CCO2)CCO3)c1;15.9
5468;Clc1cccc2c1Oc1c(Cl)c(Cl)c(Cl)c(Cl)c1O2;0.206
5469;Clc1cccc2ccccc12;1870
5470;Clc1ccccc1;1110
5471;Clc1ccccc1C(c1ccccc1)(c1ccccc1)n1ccnc1;708
5472;Clc1ccccc1CN1CCc2sccc2C1;1780
5473;Clc1ccccc1Cl;500
5474;Clc1cn[nH]c1;527
5475;Clc1nc(C(Cl)(Cl)Cl)c(Cl)c(Cl)c1Cl;1840
5476;Clc1nc(C(Cl)Cl)c(Cl)c(Cl)c1Cl;1785
5477;Clc1nc(Cl)c(Cl)[nH]1;11
5478;Clc1nc(Cl)c(Cl)c(Cl)c1Cl;435
5479;Clc1nc(Cl)nc(Cl)n1;315
5480;Clc1nc(Cl)nc(Nc2ccccc2Cl)n1;2700
5481;Clc1nc2ccccc2nc1Cl;195
5482;Clc1sc(Cl)c(Cl)c1Cl;70
5483;Cn1c(-c2ccccc2)cc(-c2ccccc2)[n+]1C;470
5484;Cn1c(=N)oc2ccc(Cl)cc21;1000
5485;Cn1c(=O)c2[nH]cnc2n(C)c1=O;225
5486;Cn1c(=O)c2c(nc(Cc3ccc(N)cc3)n2C)n(C)c1=O;383
5487;Cn1c(=O)c2c(ncn2C)n(C)c1=O;192
5488;Cn1c(=O)c2c(ncn2CC(=O)O)n(C)c1=O;900
5489;Cn1c(=O)c2c(ncn2CC2OCCO2)n(C)c1=O;965
5490;Cn1c(=O)c2c(ncn2CC2SCCS2)n(C)c1=O;1835
5491;Cn1c(=O)c2c(ncn2CCO)n(C)c1=O;710
5492;Cn1c(=O)c2c(ncn2CCOC(=O)C(C)(C)Oc2ccc(Cl)cc2)n(C)c1=O;17000
5493;Cn1c(=O)on(-c2ccc(Cl)c(Cl)c2)c1=O;777
5494;Cn1c(=O)sc2cccc(Cl)c21;1940
5495;Cn1c([N+](=O)[O-])cnc1/C=C/c1ccnc(N)n1;7600
5496;Cn1c([N+](=O)[O-])cnc1COC(N)=O;3400
5497;Cn1c2c(c(=O)n1-c1ccccc1)CCCC2;1500
5498;Cn1cc(C(O)=Nc2cccc3c2C2CCC3C2=C(Cl)Cl)c(C(F)F)n1;55
5499;Cn1cc(CCc2cc[n+](CCC[N+](C)(C)C)cc2)c2ccccc21;200
5500;Cn1ccc(=O)[nH]c1=O;8150
5501;Cn1cnc([N+](=O)[O-])c1Sc1ncnc2nc[nH]c12;400
5502;Cn1cnc2c1c(=O)[nH]c(=O)n2C;950
5503;Cn1cnc2c1c(=O)n(CCCN1CCN(c3ccc(Cl)c(Cl)c3)CC1)c(=O)n2C;2001
5504;Cn1nc(-c2ccccc2)c2conc2c1=O;1000
5505;Cn1sccc1=O;105
5506;FC(Cl)(C(Cl)(Cl)Cl)C(Cl)(Cl)Cl;500
5507;FC(Cl)(Cl)c1ccccc1;450
5508;FC(F)(Cl)C(Cl)Cl;3286
5509;FC(F)(Cl)C(F)(Cl)Cl;43000
5510;FC(F)(F)/N=C1\S/C(=N\c2ccccc2)N(c2ccccc2)\C1=N\C(F)(F)F;2150
5511;FC(F)(F)C(=NOCC1OCCO1)c1ccc(Cl)cc1;669
5512;FC(F)(F)C(Cl)(Cl)C(Cl)(Cl)C(F)(F)F;800
5513;FC(F)(F)C(F)(Br)Br;54649.9999999999
5514;FC(F)(F)C(F)(F)C(F)(F)C(F)(F)C(F)(F)C(F)(F)CCI;3868
5515;FC(F)(F)C(F)(F)OC(F)(F)C(F)(F)F;20000
5516;FC(F)(F)CO[C@@H]1CC[C@@](Cn2cncn2)(c2ccc(Cl)cc2Cl)O1;450
5517;FC(F)(F)[C@@H](Cl)Br;5680
5518;FC(F)(F)c1ccc(Cl)c(Cl)c1;1150
5519;FC(F)(F)c1ccc(Cl)cc1;13000
5520;FC(F)(F)c1ccc(Cl)cc1Cl;2150
5521;FC(F)(F)c1ccc2nc(C(F)(F)F)[nH]c2c1;9.016
5522;FC(F)(F)c1cccc(CNC2=NCCS2)c1;50
5523;FC(F)(F)c1cccc(Nc2ccccc2-c2nn[nH]n2)c1;455
5524;FC(F)(F)c1cccc(OCC2CNC(=S)O2)c1;524
5525;FC(F)(F)c1cccc([C@H]2CNCCO2)c1;271
5526;FC(F)(F)c1ccccc1;15000
5527;FC(F)(F)c1ccccc1Br;2720
5528;FC(F)(F)c1nc2c(Br)c(Br)c(Br)c(Br)c2[nH]1;5.017
5529;FC(F)(F)c1nc2c(Br)c(Br)c(Br)cc2[nH]1;7.181
5530;FC(F)(F)c1nc2c(Br)c(Br)c(Cl)c(Br)c2[nH]1;8.321
5531;FC(F)(F)c1nc2c(Br)c(Cl)c(Br)cc2[nH]1;8.471
5532;FC(F)(F)c1nc2c(Br)c(Cl)c(Cl)c(Br)c2[nH]1;3.434
5533;FC(F)(F)c1nc2c(Br)c(Cl)c(Cl)cc2[nH]1;2.206
5534;FC(F)(F)c1nc2c(Br)cc(Br)c(Br)c2[nH]1;12.769
5535;FC(F)(F)c1nc2c(Br)cc(Br)cc2[nH]1;5.977
5536;FC(F)(F)c1nc2c(Br)cc(Cl)cc2[nH]1;7.184
5537;FC(F)(F)c1nc2c(Br)ccc(Br)c2[nH]1;18.049
5538;FC(F)(F)c1nc2c(Br)cccc2[nH]1;28
5539;FC(F)(F)c1nc2c(C(F)(F)F)cc(Cl)cc2[nH]1;1.661
5540;FC(F)(F)c1nc2c(Cl)c(Br)c(Br)c(Br)c2[nH]1;5.25
5541;FC(F)(F)c1nc2c(Cl)c(Br)c(Br)c(Cl)c2[nH]1;3.434
5542;FC(F)(F)c1nc2c(Cl)c(Br)c(Cl)c(Br)c2[nH]1;3.434
5543;FC(F)(F)c1nc2c(Cl)c(Br)c(Cl)cc2[nH]1;8.783
5544;FC(F)(F)c1nc2c(Cl)c(Cl)c(Br)c(Br)c2[nH]1;3.434
5545;FC(F)(F)c1nc2c(Cl)c(Cl)c(Br)cc2[nH]1;2.777
5546;FC(F)(F)c1nc2c(Cl)c(Cl)c(Cl)c(Br)c2[nH]1;4.122
5547;FC(F)(F)c1nc2c(Cl)c(Cl)c(Cl)c(Cl)c2[nH]1;0.245
5548;FC(F)(F)c1nc2c(Cl)c(Cl)c(Cl)cc2[nH]1;1.519
5549;FC(F)(F)c1nc2c(Cl)c(Cl)ccc2[nH]1;13.08
5550;FC(F)(F)c1nc2c(Cl)cc(Br)cc2[nH]1;6.402
5551;FC(F)(F)c1nc2c(Cl)cc(Cl)c(Cl)c2[nH]1;6.332
5552;FC(F)(F)c1nc2c(Cl)cc(Cl)cc2[nH]1;3.285
5553;FC(F)(F)c1nc2c(Cl)cc(I)cc2[nH]1;1.443
5554;FC(F)(F)c1nc2c(Cl)ccc(Cl)c2[nH]1;2.61
5555;FC(F)(F)c1nc2c(Cl)cccc2[nH]1;19.21
5556;FC(F)(F)c1nc2c(I)cc(Cl)cc2[nH]1;24
5557;FC(F)(F)c1nc2c(I)cc(I)cc2[nH]1;30
5558;FC(F)(F)c1nc2cc(Br)c(Cl)cc2[nH]1;9.044
5559;FC(F)(F)c1nc2cc(Cl)c(Cl)cc2[nH]1;7.881
5560;FC(F)(F)c1nc2ccc(-c3ccccc3)cc2[nH]1;69
5561;FC(F)(F)c1nc2ccc(Br)cc2[nH]1;49
5562;FC(F)(F)c1nc2ccc(Cl)cc2[nH]1;6.817
5563;FC(F)(F)c1nc2ccc(I)cc2[nH]1;96
5564;FC(F)(F)c1nc2ccccc2[nH]1;28
5565;FC(F)(F)c1nnc2c3ccccc3ccn12;660
5566;FC(F)=C(F)CCSc1ncccn1;765
5567;FC(F)=C(F)c1ccccc1;2500
5568;FC(F)C(F)(F)OC[C@H](Cn1cncn1)c1ccc(Cl)cc1Cl;1031
5569;FC(F)C(F)(F)Oc1ccccc1;5001
5570;FC(F)OC(F)(F)[C@H](F)Cl;5450
5571;FC(F)O[C@H](Cl)C(F)(F)F;4770
5572;FC1(F)C(Cl)=C(Cl)C(F)(F)C1(F)F;280
5573;FC1(F)C[C@@H]([C@@H]2C[C@@]3(Cl)C(Cl)=C(Cl)[C@]2(Cl)C3(Cl)Cl)C1(F)F;550
5574;FCCBr;5
5575;FCCO[C@@H](Cl)C(Cl)(Cl)Cl;18
5576;FCOC(C(F)(F)F)C(F)(F)F;10800
5577;F[C@H](Cl)C(F)(Cl)Cl;7800
5578;F[Si](F)(F)c1ccccc1;310
5579;Fc1c(Br)c(Br)c2nc(C(F)(F)F)[nH]c2c1Br;9.644
5580;Fc1c(Br)c(Cl)c2nc(C(F)(F)F)[nH]c2c1Br;6.282
5581;Fc1c(Br)c(F)c2nc(C(F)(F)F)[nH]c2c1Br;7.234
5582;Fc1c(Cl)c(Br)c2[nH]c(C(F)(F)F)nc2c1Cl;6.258
5583;Fc1c(Cl)c(Cl)c(Cl)c2[nH]c(C(F)(F)F)nc12;0.847
5584;Fc1c(Cl)c(Cl)c2nc(C(F)(F)F)[nH]c2c1Cl;2.386
5585;Fc1c(Cl)c(F)c2nc(C(F)(F)F)[nH]c2c1Cl;1.674
5586;Fc1c(Cl)ccc2[nH]c(C(F)(F)F)nc12;5.723
5587;Fc1c(F)c(F)c2[nH]c(C(F)(F)F)nc2c1F;3.334
5588;Fc1cc(Br)c2nc(C(F)(F)F)[nH]c2c1;5.647
5589;Fc1cc(Cl)c2nc(C(F)(F)F)[nH]c2c1;1.984
5590;Fc1cc(Cl)cc2[nH]c(C(F)(F)F)nc12;7.372
5591;Fc1cc(F)c(F)c(F)c1F;2001
5592;Fc1cc(F)c2nc(C(F)(F)F)[nH]c2c1;2.492
5593;Fc1cc(F)c2nc(C(F)(F)F)[nH]c2c1F;2.293
5594;Fc1cc2[nH]c(C(F)(F)F)nc2c(Br)c1Cl;7.974
5595;Fc1cc2[nH]c(C(F)(F)F)nc2cc1Cl;8.661
5596;Fc1ccc(-c2cccs2)cc1;500
5597;Fc1ccc(Br)c(F)c1;300
5598;Fc1ccc(Br)cc1;2700
5599;Fc1ccc(SCc2ccc(Cl)cc2)cc1;3000
5600;Fc1ccc([C@@]2(Cn3cncn3)O[C@@H]2c2ccccc2Cl)cc1;5001
5601;Fc1ccc([C@](c2ccccc2)(c2ccccc2F)n2ccnc2)cc1;808
5602;Fc1ccc2nc(C(F)(F)F)[nH]c2c1;16.591
5603;Fc1cccc(C(F)(F)F)n1;50
5604;Fc1ccccc1;4399
5605;IC(I)I;355
5606;Ic1ccc(Nc2nnc(CCN3c4ccccc4Sc4ccccc43)s2)cc1;3100
5607;Ic1ccccc1;1749
5608;Ic1nc(I)c(I)[nH]1;278
5609;N#C/C(=C1\SC[C@@H](c2ccccc2Cl)S1)n1ccnc1;652
5610;N#C/C=C/C#N;40
5611;N#C/N=C1\SCCN1Cc1ccc(Cl)nc1;285
5612;N#C/N=c1\ccccn1Cc1ccc(Cl)cc1;500
5613;N#C/N=c1\ccccn1Cc1ccccc1Cl;500
5614;N#CC#CC#N;441
5615;N#CC(=Cc1ccc(Cl)cc1Cl)C(=O)O;50
5616;N#CC(=O)c1cccc(Cl)c1Cl;50
5617;N#CC(Br)(Br)C(N)=O;178
5618;N#CC(Br)Br;245
5619;N#CC(C#N)=C(C#N)C#N;5
5620;N#CC(C#N)=C1SCS1;75
5621;N#CC(C#N)=Cc1ccccc1Cl;178
5622;N#CC(CCN1CCC(C(=O)O)(c2ccccc2)CC1)(c1ccccc1)c1ccccc1;149
5623;N#CC(CCN1CCC(C(N)=O)(N2CCCCC2)CC1)(c1ccccc1)c1ccccc1;320
5624;N#CC(Cl)(Cl)C#N;130
5625;N#CC(Cl)(Cl)CCl;225
5626;N#CC(Cl)(Cl)Cl;250
5627;N#CC(Cl)=C(Cl)Cl;62.5
5628;N#CC(Cl)Cl;330
5629;N#CC(F)(F)C(F)(F)C(F)(F)C#N;2600
5630;N#CC(F)(F)C(F)(F)C(F)(F)C(F)(F)C#N;2917
5631;N#CC(OC1OC(CO)C(O)C(O)C1O)c1ccccc1;560
5632;N#CC(c1ccccc1)c1ccccc1;3500
5633;N#CC1(O)CCCCC1;10
5634;N#CC1CCCCC1;80
5635;N#CC=CCCC#N;380
5636;N#CC=Cc1ccccc1;4150
5637;N#CCC#N;14
5638;N#CCC(=O)O;1010
5639;N#CCC(=O)c1ccc(N)cc1;2263
5640;N#CCC(N)=O;3200
5641;N#CCCC#N;450
5642;N#CCCC(Br)(C#N)CBr;515
5643;N#CCCC1(CCC#N)c2ccccc2-c2ccccc21;2180
5644;N#CCCCCC#N;155
5645;N#CCCCCC(=O)O;1000
5646;N#CCCCCCCC#N;238
5647;N#CCCCCCN;820
5648;N#CCCC[Si](Cl)(Cl)Cl;2830
5649;N#CCCCl;10
5650;N#CCCN(CCN)CCN;4550
5651;N#CCCN(CCO)c1ccccc1;3210
5652;N#CCCN1C(=O)[C@H](O)N=C(c2ccccc2F)c2cc(Cl)ccc21;3500
5653;N#CCCNC(=O)CCl;410
5654;N#CCCNCCC#N;2700
5655;N#CCCNc1ccccc1;4700
5656;N#CCCO;3200
5657;N#CCCOCCC#N;2830
5658;N#CCCOCCCCOCCC#N;4000
5659;N#CCCOCCOCCO;13400
5660;N#CCCSCCC#N;4210
5661;N#CCC[C@@H]1CN2CCc3cc4c(cc3[C@@H]2CC1=O)OCO4;1408
5662;N#CCC[Si](Cl)(Cl)Cl;2001
5663;N#CCCl;220
5664;N#CCN(CC#N)N=O;163
5665;N#CCNC(=O)c1cnccc1C(F)(F)F;884
5666;N#CCNCC#N;710
5667;N#CCO;8
5668;N#CCON=C(C#N)c1ccccc1;2277
5669;N#CCc1ccc(Cl)cc1;50
5670;N#CCc1ccccc1;270
5671;N#CN;133.5
5672;N#CN=c1ccccn1Cc1c(Cl)cccc1Cl;500
5673;N#CS/C=C\SC#N;77
5674;N#CSCCSC#N;50
5675;N#CSCSC#N;55
5676;N#CSCSc1nc2ccccc2s1;679
5677;N#CSC[C@H](Cl)SC#N;98
5678;N#CSc1ccc(C(=O)O)cc1;83
5679;N#CSc1ccc(N)cc1;240
5680;N#CSc1cccc(C(=O)O)c1;73
5681;N#C[C@@H](Cl)CCl;22
5682;N#C[C@@H](Cl)CS(=O)(=O)c1ccccc1;540
5683;N#C[C@@H](N=Nc1ccc(C(F)(F)F)cc1)/N=N/c1ccc(C(F)(F)F)cc1;613
5684;N#C[C@@H](O)c1cccc(Oc2ccccc2)c1;800
5685;N#C[C@@H](O[C@H]1O[C@H](CO[C@H]2O[C@@H](CO)[C@H](O)[C@H](O)[C@@H]2O)[C@@H](O)[C@H](O)[C@H]1O)c1ccccc1;517
5686;N#C[C@@H]1CC=CCC1;460
5687;N#C[C@H]1O[C@@H]1C#N;250
5688;N#C[Se]Cc1ccccc1;98.5
5689;N#Cc1c(Cl)c(Cl)c(Cl)c(C#N)c1Cl;242
5690;N#Cc1c(Cl)cccc1Cl;2710
5691;N#Cc1cc(-c2ccccc2)nnc1NCCN1CCOCC1;1000
5692;N#Cc1cc(Br)c(O)c(Br)c1;190
5693;N#Cc1cc(Cl)c2nc(C(F)(F)F)[nH]c2c1;2.4
5694;N#Cc1cc(Cl)cc2[nH]c(C(F)(F)F)nc12;4.788
5695;N#Cc1cc(I)c(O)c(I)c1;110
5696;N#Cc1cc([N+](=O)[O-])ccc1Cl;3200
5697;N#Cc1cc([N+](=O)[O-])ccc1N;3884
5698;N#Cc1cc2[nH]c(C(F)(F)F)nc2c(Cl)c1Cl;3955
5699;N#Cc1ccc(Cl)c(Cl)c1;200
5700;N#Cc1ccc(Cl)c([N+](=O)[O-])c1;2050
5701;N#Cc1ccc(F)cc1C#N;14
5702;N#Cc1ccc(N)cc1;283
5703;N#Cc1ccc([N+](=O)[O-])cc1;30
5704;N#Cc1ccc([N+](=O)[O-])cc1C#N;850
5705;N#Cc1ccc2c(c1)N(CCCN1CCC(O)CC1)c1ccccc1S2;395
5706;N#Cc1ccc2nc(C(F)(F)F)[nH]c2c1;4.411
5707;N#Cc1cccc(C#N)c1;860
5708;N#Cc1cccc([N+](=O)[O-])c1C#N;1414
5709;N#Cc1ccccc1;700
5710;N#Cc1ccccc1C#N;30
5711;N#Cc1ccccc1Cl;396
5712;N#Cc1ccccc1O;300
5713;N#Cc1cccnc1;1185
5714;N#Cc1nn(-c2c(Cl)cc(C(F)(F)F)cc2Cl)c(N)c1S(=O)(=O)C(F)(F)F;184
5715;N#Cc1nn(-c2c(Cl)cc(C(F)(F)F)cc2Cl)c(N)c1[S@](=O)C(F)(F)F;92
5716;N#Cc1sc2c(=O)c3ccccc3c(=O)c=2sc1C#N;638
5717;N/C(=N\c1c([N+](=O)[O-])cnc2ccccc12)N1CCOCC1;4000
5718;N=C(/N=N/Cc1ccc(Cl)cc1)/N=N/Cc1ccc(Cl)cc1;1350
5719;N=C(N)/N=N/[C@H]1C=C[C@H](/N=N/C(N)=S)C=C1;750
5720;N=C(N)N;475
5721;N=C(N)NC(=N)NCCc1ccccc1;650
5722;N=C(N)NCCCCCCCCNCCCCCCCCNC(=N)N;300
5723;N=C(N)NCCN1CCCCCCC1;1050
5724;N=C(N)NC[C@H]1CC[C@H](C(=O)Oc2ccccc2C(=O)OCc2ccccc2)CC1;8010
5725;N=C(N)N[N+](=O)[O-];10200
5726;N=C(N)[S@](=O)O;1120
5727;N=C(NCCCCCCNC(=N)NC(=N)Nc1ccc(Cl)cc1)NC(=N)Nc1ccc(Cl)cc1;1180
5728;N=C(Nc1ccccc1)Nc1ccccc1;107
5729;N=C(O)CCC/N=C(\c1ccc(Cl)cc1)c1cc(F)ccc1O;1350
5730;N=C(S)NN=Nc1ccc(Cl)c(Cl)c1;1
5731;N=C1C(=O)c2ccccc2C(=O)[C@H]1Cl;1360
5732;N=C1C=C(Br)C(=O)c2c(N)cc(Br)c(O)c21;2400
5733;N=C1C=NN(c2ccccc2)C(=O)[C@H]1Br;8500
5734;N=C1C=NN(c2ccccc2)C(=O)[C@H]1Cl;2001
5735;N=C1N[C@H]2[C@H](COC(N)=O)NC(=N)N3CCC(O)(O)[C@]23N1;0.192
5736;N=c1ccn(O)cc1;75
5737;NC(=O)/C(=C\c1ccc([N+](=O)[O-])o1)c1ccco1;340
5738;NC(=O)C(=O)O;21142
5739;NC(=O)C(O)(c1ccccc1)c1ccccc1;1550
5740;NC(=O)C(c1ccccc1)c1ccccc1;600
5741;NC(=O)C1(N2CCCCC2)CCN(CCCC(=O)c2ccc(F)cc2)CC1;160
5742;NC(=O)C1(N2CCCCC2)CCN(CCCN2c3ccccc3CCc3ccccc32)CC1;1025
5743;NC(=O)C1CCN(CCCN2c3ccccc3Sc3ccc(Cl)cc32)CC1;620
5744;NC(=O)C1c2ccccc2C=Cc2ccccc21;1800
5745;NC(=O)C1c2ccccc2CCc2ccccc21;2400
5746;NC(=O)CBr;100
5747;NC(=O)CCCC[C@H]1CCSS1;1980
5748;NC(=O)CC[C@H](N)C(=O)O;7500
5749;NC(=O)CCl;70
5750;NC(=O)CF;5.75
5751;NC(=O)COc1ccc(Cl)cc1Cl;1200
5752;NC(=O)Cc1c([O-])on[n+]1Cc1ccccc1;4450
5753;NC(=O)Cc1cccc2ccccc12;1690
5754;NC(=O)Cc1nc2cc(Cl)ccc2o1;750
5755;NC(=O)N/N=C/c1ccc([N+](=O)[O-])o1;590
5756;NC(=O)N1CCC(c2ccccc2)CC1;790
5757;NC(=O)N1c2ccccc2C=Cc2ccccc21;1957
5758;NC(=O)NC(=O)Cc1ccccc1;1600
5759;NC(=O)NCc1ccccc1;2700
5760;NC(=O)NO;5760
5761;NC(=O)Nc1cccc2c3c([nH]c12)CCCC3;2770
5762;NC(=O)Nc1ccccc1;2001
5763;NC(=O)O/N=C1/CSCCS1;52
5764;NC(=O)OC1CCCCC1;2200
5765;NC(=O)OCCCc1ccccc1;1110
5766;NC(=O)OC[C@@H](O)[C@@H](O)[C@H](N)C(=O)N[C@@H](C(=O)O)[C@@H]1O[C@H](n2cc(CO)c(=O)[nH]c2=O)[C@@H](O)[C@@H]1O;14665
5767;NC(=O)OC[C@H](O)COc1ccc(Cl)cc1;744
5768;NC(=O)O[C@@H](CCl)Cc1ccccc1;490
5769;NC(=O)[C@H]1CCCN1;5001
5770;NC(=O)c1c(F)cccc1F;1075
5771;NC(=O)c1cc(C(=O)CBr)ccc1O;800
5772;NC(=O)c1cc([N+](=O)[O-])cc([N+](=O)[O-])c1;1250
5773;NC(=O)c1cc2cc(CN3CCCCC3)ccc2o1;250
5774;NC(=O)c1ccc(Cl)c(N)c1;900
5775;NC(=O)c1ccc(Cl)c([N+](=O)[O-])c1;2570
5776;NC(=O)c1ccc([N+](=O)[O-])cc1;476
5777;NC(=O)c1ccc2nc(C(F)(F)F)[nH]c2c1;31.632
5778;NC(=O)c1ccccc1Cl;1250
5779;NC(=O)c1ccccc1O;980
5780;NC(=O)c1cccnc1;3500
5781;NC(=O)c1ncn([C@@H]2O[C@H](CO)[C@@H](O)[C@@H]2O)c1O;2847
5782;NC(=O)c1ncn([C@@H]2O[C@H](CO)[C@H](O)[C@@H]2O)n1;2700
5783;NC(=S)Cc1cccc2ccccc12;60
5784;NC(=S)NC(=S)Nc1ccccc1;250
5785;NC(=S)NC(N)=S;5
5786;NC(=S)NNCNNC(N)=S;6.35
5787;NC(=S)Nc1cc(Cl)ccc1Cl;300
5788;NC(=S)Nc1ccc(-c2ccc(NC(N)=S)cc2)cc1;200
5789;NC(=S)Nc1ccc(Cl)cc1;15
5790;NC(=S)Nc1cccc(Cl)c1;25
5791;NC(=S)Nc1cccc2ccccc12;3
5792;NC(=S)Nc1ccccc1;3
5793;NC(=S)Nc1ccccc1Cl;4.6
5794;NC(=S)SSC(N)=S;1950
5795;NC(=S)[C@@H]1CC=CCC1;50
5796;NC(=S)c1c(Cl)cccc1Cl;757
5797;NC(CO)(CO)CO;5900
5798;NC(Cl)(Cl)c1nc(Cl)c(Cl)c(Cl)c1Cl;1500
5799;NC(N)=N/C(N)=N/Cc1ccccc1;481
5800;NC(N)=Nc1nc(CSCC/C(N)=N\S(N)(=O)=O)cs1;4049
5801;NC(N)=O;8471
5802;NC(N)=S;20
5803;NC(N)=[Se];50
5804;NC1(C(=O)O)CCCC1;290
5805;NC1=NC(=O)C(c2ccccc2)O1;436
5806;NC1=NC(C(F)(F)F)(C(F)(F)F)NC1(C(F)(F)F)C(F)(F)F;19
5807;NC1=NC[C@H](CN2CCN(c3ccccc3)CC2)O1;575
5808;NC1CC1;445
5809;NC1CCC(CC2CCC(N)CC2)CC1;350
5810;NC1CCCCC1;11
5811;NC1CCCCC1N;1170
5812;NC1CCS(=O)(=O)C1;17900
5813;NC=O;5577
5814;NCC(=O)O;7930
5815;NCCCC1(CCCN)c2ccccc2-c2ccccc21;620
5816;NCCCCCCC(=O)O;9000
5817;NCCCCCCCCCCC(=O)O;14700
5818;NCCCCCCN;750
5819;NCCCCCCNCCCCCCN;450
5820;NCCCCCNCCSP(=O)(O)O;2037
5821;NCCCCN;463
5822;NCCCC[C@H](CN)CCCN;760
5823;NCCCN1CCOCC1;3560
5824;NCCCNCCCN;738
5825;NCCCNCCNCCCN;1200
5826;NCCCNCCSP(=O)(O)O;826
5827;NCCCOCCCCOCCCN;3450
5828;NCCCOCCOCCO;6500
5829;NCCCOCCOCCOCCCN;2850
5830;NCCC[Si]12OCCN(CCO1)CCO2;5800
5831;NCCCn1ccnc1;1780
5832;NCCN;841
5833;NCCN(CCN)CCN;246
5834;NCCN1CCNCC1;2140
5835;NCCN1CCOCC1;3000
5836;NCCNCCN;1080
5837;NCCNCCNCCN;2500
5838;NCCNCCNCCNCCN;2100
5839;NCCNCCNCCNCCNCCN;1600
5840;NCCNCCNCCO;4630
5841;NCCNCCNCc1ccccc1O;2300
5842;NCCNCCO;3000
5843;NCCNCc1ccccc1O;3700
5844;NCCNc1ccc(N)cc1;190
5845;NCCO;1720
5846;NCCOC(=O)c1ccccc1;9274
5847;NCCOCCN;961
5848;NCCOCCO;3000
5849;NCCOCNc1ccccc1;0.625
5850;NCCOS(N)(=O)=O;7460
5851;NCCc1c[nH]c2ccccc12;300
5852;NC[C@@H](O)CO;7500
5853;NC[C@@H](O)c1ccc(O)c(O)c1;132
5854;NC[C@@H](O)c1cccc(O)c1;390
5855;NC[C@@H]1CCC[C@H](CN)C1;880
5856;NC[C@@H]1O[C@H](O[C@H]2[C@@H](O)[C@H](O[C@@H]3[C@@H](O)[C@H](N)C[C@H](N)[C@H]3O[C@H]3O[C@H](CO)[C@@H](O)[C@H](O)[C@H]3N)O[C@@H]2CO)[C@H](N)[C@@H](O)[C@@H]1O;21620
5857;NC[C@H](CC(=O)O)c1ccc(Cl)cc1;145
5858;NC[C@H](O)c1ccc(O)cc1;1240
5859;NC[C@H]1CCC=CO1;1000
5860;NC[C@H]1CC[C@@H](CN)CC1;530
5861;NC[C@H]1C[C@H]2CC[C@@H]1C2;1410
5862;NCc1cc(O)no1;45
5863;NCc1cccc(CN)c1;930
5864;NN1C(=O)CSC1=S;2.21
5865;NN1C(=O)C[C@H](c2cccc(Br)c2)C1=O;1600
5866;NNC(=O)CCCCCCCCC(=O)NN;2500
5867;NNC(=O)CSc1cc(Oc2ccc(Cl)cc2)ncn1;800
5868;NNC(=O)CSc1cc(Oc2ccc(F)cc2)ncn1;400
5869;NNC(=O)CSc1cc(Oc2ccccc2)ncn1;220
5870;NNC(=O)OC1CC2CCC(C1)N2C(=O)Oc1ccccc1;5001
5871;NNC(=O)[C@@H](N)CS;1050
5872;NNC(=O)c1ccncc1;650
5873;NNC(=S)NN;21.6
5874;NNC(N)=S;9.16
5875;NNCCc1ccccc1;210
5876;NNS(=O)(=O)c1ccc(Oc2ccc(S(=O)(=O)NN)cc2)cc1;2300
5877;NNc1ccccc1;188
5878;NNc1nncc2ccccc12;90
5879;NP(=S)(N1CC1)N1CC1;66
5880;NS(=O)(=O)C1CCCCC1;80
5881;NS(=O)(=O)CCNC(=O)N(CCCl)N=O;40
5882;NS(=O)(=O)CCl;6050
5883;NS(=O)(=O)Cc1noc2ccccc12;1992
5884;NS(=O)(=O)OCC(Cl)(Cl)Cl;5001
5885;NS(=O)(=O)c1c(Cl)c(Cl)c(Cl)c2[nH]c(C(F)(F)F)nc12;83
5886;NS(=O)(=O)c1cc(-c2nnn[nH]2)c(NCc2cccs2)cc1Cl;2545
5887;NS(=O)(=O)c1cc(C(=O)O)c(NCc2ccco2)cc1Cl;2600
5888;NS(=O)(=O)c1cc(C(=O)O)cc(N2CCCC2)c1Oc1ccccc1;5601
5889;NS(=O)(=O)c1cc(Cl)c(Cl)c(S(N)(=O)=O)c1;10070
5890;NS(=O)(=O)c1cc2c(cc1Cl)CN(C1CCCCC1)C2=O;6000
5891;NS(=O)(=O)c1cc2c(cc1Cl)N=CNS2(=O)=O;10000
5892;NS(=O)(=O)c1cc2c(cc1Cl)NC(C(Cl)Cl)NS2(=O)=O;5600
5893;NS(=O)(=O)c1cc2c(cc1Cl)NCNS2(=O)=O;2750
5894;NS(=O)(=O)c1cc2c(cc1Cl)N[C@@H](CC1CCCC1)NS2(=O)=O;1000
5895;NS(=O)(=O)c1ccc(Cl)c(S(N)(=O)=O)c1;340
5896;NS(=O)(=O)c1ccc(NC(=O)c2cc(=O)c3ccccc3o2)cc1;5001
5897;NS(=O)(=O)c1ccc2nc(C(F)(F)F)[nH]c2c1;21
5898;NS(=O)(=O)c1ccccc1;991
5899;N[C@@H](CS)C(=O)O;1890
5900;N[C@@H](Cc1c[nH]c2ccc(O)cc12)C(=O)O;243
5901;N[C@@H](Cc1ccc(N(CCCl)CCCl)cc1)C(=O)O;56.0666666666667
5902;N[C@@H](Cc1ccc(O)c(O)c1)C(=O)O;1780
5903;N[C@@H]1CCC[C@H](N)C1;390
5904;N[C@H](Cc1ccc(O)c(C(=O)O)c1)C(=O)O;5001
5905;N[C@H](Cc1ccc(Oc2ccc(N(CCCl)CCCl)cc2)cc1)C(=O)O;620
5906;N[C@H](Cl)c1nc(Cl)c(Cl)c(Cl)c1Cl;1188
5907;N[C@]12C[C@H]3C[C@H](C[C@H](C3)C1)C2;900
5908;Nc1c(Br)cc(Br)cc1CN[C@H]1CC[C@@H](O)CC1;13400
5909;Nc1c(Br)cc([N+](=O)[O-])cc1[N+](=O)[O-];4100
5910;Nc1c(Cl)c(Cl)c2[nH]c(C(F)(F)F)nc2c1Cl;23
5911;Nc1c(Cl)c(Cl)nc(C(=O)O)c1Cl;686
5912;Nc1c(Cl)c(F)nc(OCC(=O)O)c1Cl;2405
5913;Nc1c(Cl)cc(C(=O)NC2CC2)cc1Cl;170
5914;Nc1c(Cl)cc(C(=O)O)cc1Cl;4618
5915;Nc1c(Cl)cc(Cl)cc1C(=O)O;4120
5916;Nc1c(Cl)cc(Cl)cc1Cl;2400
5917;Nc1c(Cl)cc([N+](=O)[O-])cc1Cl;2400
5918;Nc1c(I)cc(I)c(C(=O)N(CCC(=O)O)c2ccccc2)c1I;2800
5919;Nc1c(S(=O)(=O)O)cc(Nc2ccc(S(=O)(=O)O)c(Nc3nc(Cl)nc(Cl)n3)c2)c2c1C(=O)c1ccccc1C2=O;8980
5920;Nc1c([N+](=O)[O-])cc(Cl)cc1[N+](=O)[O-];400
5921;Nc1c2c(nc3ccccc13)CCCC2;70
5922;Nc1cc(-c2ccccc2)ccc1O;2262
5923;Nc1cc(-c2ccncc2)c[nH]c1=O;102
5924;Nc1cc(Cl)c(N)c(Cl)c1;700
5925;Nc1cc(Cl)c(N)cc1Cl;1750
5926;Nc1cc(Cl)c([N+](=O)[O-])cc1Cl;2820
5927;Nc1cc(Cl)cc(C(=O)O)c1Cl;3500
5928;Nc1cc(Cl)ccc1Cl;1600
5929;Nc1cc(Cl)ccc1O;690
5930;Nc1cc(Cl)ccc1Oc1ccc(Cl)cc1Cl;2287
5931;Nc1cc(N)cc(C(F)(F)F)c1;380
5932;Nc1cc(N2CCCCC2)nc(N)[n+]1[O-];1321
5933;Nc1cc(OCc2ccccc2)c(C(=O)NCCN2CCOCC2)cc1Cl;1.5
5934;Nc1cc(S(=O)(=O)O)c2cccc(S(=O)(=O)O)c2c1;11400
5935;Nc1cc([N+](=O)[O-])ccc1Cl;2015
5936;Nc1cc([N+](=O)[O-])ccc1O;2400
5937;Nc1cc2c(S(=O)(=O)O)cc(S(=O)(=O)O)cc2cc1S(=O)(=O)O;13000
5938;Nc1cc2c(S(=O)(=O)O)cccc2c(S(=O)(=O)O)c1N;29000
5939;Nc1cc2c(cc1C1CCCCC1)CCC2C(=O)O;54
5940;Nc1ccc(-c2ccc(N)c(Cl)c2)cc1Cl;3820
5941;Nc1ccc(-c2ccc(N)cc2)cc1;309
5942;Nc1ccc(-c2ccc(N)cc2[N+](=O)[O-])cc1;2001
5943;Nc1ccc(-c2ccccc2)cc1;500
5944;Nc1ccc(-c2ccccc2N)cc1;311
5945;Nc1ccc(-c2nc3cc(N)ccc3[nH]2)cc1;5001
5946;Nc1ccc(/N=N\c2ccccc2)c(N)c1;1650
5947;Nc1ccc(Br)cc1;456
5948;Nc1ccc(C(=O)Nc2ccccc2N)cc1;95
5949;Nc1ccc(C(=O)c2ccccc2)c(C(=O)O)c1;5400
5950;Nc1ccc(C(F)(F)F)cc1;128
5951;Nc1ccc(C=Cc2ccc([N+](=O)[O-])cc2S(=O)(=O)O)c(S(=O)(=O)O)c1;14200
5952;Nc1ccc(Cc2ccc(N)c(Cl)c2)cc1Cl;1140
5953;Nc1ccc(Cc2ccc(N)cc2)cc1;517
5954;Nc1ccc(Cl)c(Cl)c1;530
5955;Nc1ccc(Cl)c([N+](=O)[O-])c1;400
5956;Nc1ccc(Cl)cc1;300
5957;Nc1ccc(Cl)cc1Cl;1600
5958;Nc1ccc(Cl)cc1[N+](=O)[O-];400
5959;Nc1ccc(F)c(F)c1;340
5960;Nc1ccc(F)c(F)c1F;699
5961;Nc1ccc(F)c([N+](=O)[O-])c1;1100
5962;Nc1ccc(F)cc1;417
5963;Nc1ccc(F)cc1F;820
5964;Nc1ccc(I)cc1;523
5965;Nc1ccc(N(c2ccccc2)c2ccc(N)cc2)cc1;330
5966;Nc1ccc(N)c([N+](=O)[O-])c1;1800
5967;Nc1ccc(N)c2c1C(=O)c1ccccc1C2=O;5790
5968;Nc1ccc(N)cc1;80
5969;Nc1ccc(N=Nc2ccc(O)cc2)cc1;1950
5970;Nc1ccc(N=Nc2ccc(S(=O)(=O)O)cc2)cc1S(=O)(=O)O;14800
5971;Nc1ccc(N=Nc2ccccc2)c(N)n1;403
5972;Nc1ccc(Nc2ccccc2)cc1;464
5973;Nc1ccc(O)c(C(=O)O)c1;2800
5974;Nc1ccc(O)c([N+](=O)[O-])c1;1470
5975;Nc1ccc(O)c2c1C(=O)c1c(N)c(Br)cc(O)c1C2=O;12500
5976;Nc1ccc(O)c2c1C(=O)c1c(O)cc(-c3ccc(O)cc3)c(N)c1C2=O;6380
5977;Nc1ccc(O)cc1;375
5978;Nc1ccc(OC(F)(F)C(F)F)c(N)c1;1070
5979;Nc1ccc(OP(=O)(Oc2ccc(N)cc2)Oc2ccc(N)cc2)cc1;138
5980;Nc1ccc(Oc2ccc(C(c3ccc(Oc4ccc(N)cc4)cc3)(C(F)(F)F)C(F)(F)F)cc2)cc1;1340
5981;Nc1ccc(Oc2ccc(N)cc2)cc1;725
5982;Nc1ccc(Oc2ccc(S(=O)(=O)c3ccc(Oc4ccc(N)cc4)cc3)cc2)cc1;220
5983;Nc1ccc(S(=O)(=O)Nc2ccc(NC(=O)CCC(=O)O)cc2)cc1;1500
5984;Nc1ccc(S(=O)(=O)Nc2ccccn2)cc1;15800
5985;Nc1ccc(S(=O)(=O)Nc2cnc3ccccc3n2)cc1;1370
5986;Nc1ccc(S(=O)(=O)O)c(N)c1;3480
5987;Nc1ccc(S(=O)(=O)O)c2cccc(O)c12;6210
5988;Nc1ccc(S(=O)(=O)O)c2cccc(S(=O)(=O)O)c12;56000
5989;Nc1ccc(S(=O)(=O)O)cc1;12300
5990;Nc1ccc(S(=O)(=O)c2ccc(N)cc2)cc1;1000
5991;Nc1ccc(S(N)(=O)=O)cc1;3900
5992;Nc1ccc(Sc2ccc(N)cc2)cc1;900
5993;Nc1ccc([N+](=O)[O-])c(Cl)n1;1783
5994;Nc1ccc([N+](=O)[O-])c(N)c1;4500
5995;Nc1ccc([N+](=O)[O-])cc1;750
5996;Nc1ccc([N+](=O)[O-])cc1Cl;6430
5997;Nc1ccc([N+](=O)[O-])cc1N;681
5998;Nc1ccc([N+](=O)[O-])cc1[N+](=O)[O-];285
5999;Nc1ccc2c(O)cc(S(=O)(=O)O)cc2c1;11500
6000;Nc1ccc2c(S(=O)(=O)O)cc(S(=O)(=O)O)cc2c1;2001
6001;Nc1ccc2c(S(=O)(=O)O)cccc2c1S(=O)(=O)O;5430
6002;Nc1ccc2c(c1)C(=O)N[C@H](CCCl)O2;1958
6003;Nc1ccc2c(c1)Cc1cc(N)ccc1-2;1070
6004;Nc1ccc2cc(S(=O)(=O)O)ccc2c1CS(=O)(=O)O;9200
6005;Nc1ccc2ccc3cccc4ccc1c2c34;1070
6006;Nc1ccc2ccccc2c1;727
6007;Nc1ccc2ccccc2c1S(=O)(=O)O;14200
6008;Nc1ccc2nc(C(F)(F)F)[nH]c2c1;67
6009;Nc1ccc2sc(-c3ccccc3)nc2c1;2940
6010;Nc1cccc(-n2ccccc2=O)c1;2300
6011;Nc1cccc(C(F)(F)F)c1;480
6012;Nc1cccc(Cl)c1;256
6013;Nc1cccc(N)c1;280
6014;Nc1cccc(O)c1;920
6015;Nc1cccc(OC2(Oc3cccc(N)c3)C=CC(c3ccccc3)=CC2)c1;2001
6016;Nc1cccc([N+](=O)[O-])c1;535
6017;Nc1cccc2c(Cl)ccc(Cl)c12;3490
6018;Nc1cccc2c(N)cccc12;634
6019;Nc1cccc2cc(S(=O)(=O)O)ccc12;14200
6020;Nc1cccc2ccccc12;300
6021;Nc1ccccc1;250
6022;Nc1ccccc1-c1ccccc1;2340
6023;Nc1ccccc1C(=O)O;5410
6024;Nc1ccccc1C(F)(F)F;1870
6025;Nc1ccccc1Cl;1016
6026;Nc1ccccc1N;510
6027;Nc1ccccc1O;951
6028;Nc1ccccc1SCc1ncon1;79.4
6029;Nc1ccccc1[N+](=O)[O-];1600
6030;Nc1ccccn1;625
6031;Nc1ccncc1;14
6032;Nc1n[nH]c2ccc(C(F)(F)F)cc12;90
6033;Nc1nc(=S)ss1;3050
6034;Nc1nc(N)c2cc(N(Cc3ccc(Cl)c(Cl)c3)N=O)ccc2n1;317
6035;Nc1nc(N)c2nc(-c3ccccc3)c(N)nc2n1;400
6036;Nc1nc(N)nc(N)n1;3160
6037;Nc1nc(N)nc(NC2CC2)n1;3387
6038;Nc1nc2c(Cl)cccc2o1;500
6039;Nc1nc2cc(Br)ccc2o1;1000
6040;Nc1nc2cc(Cl)c(Br)cc2o1;140
6041;Nc1nc2cc(Cl)c(O)cc2o1;1070
6042;Nc1nc2cc(Cl)ccc2o1;782
6043;Nc1nc2cc(F)ccc2o1;1000
6044;Nc1nc2cc(I)ccc2o1;1000
6045;Nc1nc2ccc(Br)cc2o1;500
6046;Nc1nc2ccc(Cl)cc2o1;226
6047;Nc1nc2ccc(OC(F)(F)F)cc2s1;45
6048;Nc1nc2cccc(Cl)c2o1;410
6049;Nc1nc2ccccc2o1;600
6050;Nc1nc[nH]n1;1100
6051;Nc1ncc(/C=C/c2ccc([N+](=O)[O-])o2)nn1;250
6052;Nc1ncc2[nH]cnc2n1;723
6053;Nc1nccs1;480
6054;Nc1ncnc(Nc2cccc(Cl)c2)n1;400
6055;Nc1ncnc2[nH]cnc12;227
6056;Nc1ncnc2[nH]ncc12;141
6057;Nc1ncnc2c1ccn2[C@@H]1O[C@H](CO)[C@@H](O)[C@@H]1O;16
6058;Nc1ncnc2c1ncn2[C@]1(CO)O[C@H](CO)[C@H](O)[C@@H]1O;10000
6059;Nc1ncnc2nccnc12;745
6060;Nc1nnc(-c2cccc(Cl)c2Cl)c(N)n1;205
6061;Nc1nnc(C=Cc2ccc([N+](=O)[O-])o2)s1;1875
6062;Nc1nncs1;253
6063;Nn1cnc2cc3ccccc3cc2c1=O;540
6064;Nn1cnnc1;13600
6065;O=C(/C=C/C(=O)OCCCl)OCCCl;71
6066;O=C(/C=C/c1ccccc1)NO;2140
6067;O=C(/C=C/c1ccccn1)OCCN1CCN(c2ccc(Cl)cc2)CC1;478
6068;O=C(/C=C\C=C\c1ccc2c(c1)OCO2)N1CCCCC1;514
6069;O=C(/N=N/C1SCCS1)c1ccccc1;72.8
6070;O=C(C(Cl)(Cl)Cl)C(Cl)(Cl)Cl;240
6071;O=C(C(Cl)Cl)C(Cl)(Cl)Cl;200
6072;O=C(C(F)(F)Cl)C(F)(Cl)Cl;277
6073;O=C(C(F)(F)Cl)C(F)(F)Cl;61
6074;O=C(C(F)(F)F)C(F)(F)Cl;85
6075;O=C(C(F)(F)F)C(F)(F)F;191
6076;O=C(C1CCCCC1)N1CC(=O)N2CCc3ccccc3C2C1;2840
6077;O=C(C=Cc1ccccc1)OCC=Cc1ccccc1;4200
6078;O=C(C=Cc1ccccc1)OCCc1ccccc1;5001
6079;O=C(C=Cc1ccccc1)OCc1ccccc1;5380
6080;O=C(C=Cc1ccccc1O)OC(=O)C=Cc1ccccc1O;1510
6081;O=C(CCBr)N1CCN(C(=O)CCBr)CC1;220
6082;O=C(CCC(=O)OC1CCCCC1)OC1CCCCC1;12000
6083;O=C(CCCCC(=O)OC1CCCCC1)OC1CCCCC1;16000
6084;O=C(CCCN1CC=C(n2c(=O)[nH]c3ccccc32)CC1)c1ccc(F)cc1;750
6085;O=C(CCCN1CCC(O)(c2ccc(Br)cc2)CC1)c1ccc(F)cc1;359
6086;O=C(CCCN1CCC(O)(c2ccc(Cl)cc2)CC1)c1ccc(F)cc1;128
6087;O=C(CCCN1CCC(O)(c2cccc(C(F)(F)F)c2)CC1)c1ccc(F)cc1;140
6088;O=C(CCCN1CCC(n2c(=S)[nH]c3ccccc32)CC1)c1ccc(F)cc1;232
6089;O=C(CCCN1CCN(c2ccccc2)CC1)c1ccc(F)cc1;550
6090;O=C(CCCN1CCN(c2ccccn2)CC1)c1ccc(F)cc1;245
6091;O=C(CCCN1CCN2Cc3[nH]c4ccccc4c3CC2C1)c1ccc(F)cc1;700
6092;O=C(CCCl)NCc1ccccc1;3200
6093;O=C(CCCl)OC1=C(OC(=O)CCCl)C(=O)OC1=O;7000
6094;O=C(CCNNC(=O)c1ccncc1)NCc1ccccc1;1700
6095;O=C(CCc1ccccc1)OC1=C(OC(=O)CCc2ccccc2)C(=O)OC1=O;10000
6096;O=C(CCl)CC(=O)Nc1ccccc1;1825
6097;O=C(CCl)CCl;20
6098;O=C(CCl)OCCOCCO;770
6099;O=C(CCl)c1ccc(Cl)cc1Cl;300
6100;O=C(CCl)c1ccc(O)cc1;230
6101;O=C(CCl)c1ccccc1;50
6102;O=C(CF)NC(=O)Nc1ccccc1;25
6103;O=C(CF)NCc1ccc(Br)cc1;410
6104;O=C(CF)NNc1ccccc1;9.1
6105;O=C(CF)Nc1ccc(-c2ccccc2)cc1;10
6106;O=C(CF)Nc1ccc(Br)cc1;29
6107;O=C(CF)Nc1ccc(F)cc1;2
6108;O=C(CF)Nc1ccccn1;8
6109;O=C(CF)OCCOC(=O)CF;2.2
6110;O=C(CI)NC(=O)CI;650
6111;O=C(CN1CC1)NCCCCCCCCNC(=O)CN1CC1;225
6112;O=C(CN1CCNCC1)/N=N/Cc1ccc([N+](=O)[O-])o1;300
6113;O=C(CN1CCNCC1)NC1CCCCC1;3900
6114;O=C(CN1CCOCC1)N/N=C/c1ccc([N+](=O)[O-])o1;420
6115;O=C(CO)Nc1ccccc1;1700
6116;O=C(CO)c1coc(=O)c2c(O)cccc12;250
6117;O=C(COc1ccc(Cc2ccc(Cl)cc2)cc1)OCc1cccnc1;2700
6118;O=C(COc1ccc(Cl)cc1Cl)OCC=CCCl;547
6119;O=C(CS(=O)Cc1ccco1)NC/C=C\COc1cc(CN2CCCCC2)ccn1;1248
6120;O=C(CS)OC(CO)CO;172
6121;O=C(CS)OCCCCOC(=O)CS;405
6122;O=C(CS)OCCOC(=O)CS;330
6123;O=C(Cc1c[nH]c2ccccc12)NN1C(=O)CSC1=S;432
6124;O=C(Cc1ccc(-c2ccccc2)cc1)Nc1ccccn1;1857
6125;O=C(Cc1ccc(-c2ccccc2)cc1)OCCF;6
6126;O=C(Cc1ccc(O)c(O)c1)c1ccc(O)c(O)c1O;2001
6127;O=C(Cc1ccc2c(c1)OCc1ccccc1C2=O)OC[C@H](O)CO;95
6128;O=C(Cc1ccccc1)NNCc1ccccc1;2500
6129;O=C(Cc1ccccc1)OC1=C(OC(=O)Cc2ccccc2)C(=O)OC1=O;8000
6130;O=C(Cc1ccccc1)OCCc1ccccc1;15000
6131;O=C(Cc1cccs1)N[C@@H]1C(=O)N2C(C(=O)[O-])=C(C[n+]3ccccc3)CS[C@H]12;2500
6132;O=C(Cl)C(Cl)(Cl)Cl;600
6133;O=C(Cl)C(Cl)Cl;2460
6134;O=C(Cl)C(c1ccccc1)c1ccccc1;6330
6135;O=C(Cl)CCCCCCCCC(=O)Cl;400
6136;O=C(Cl)CCCCl;1350
6137;O=C(Cl)CCl;208
6138;O=C(Cl)OCc1ccccc1;3000
6139;O=C(Cl)Oc1cccc2ccccc12;2550
6140;O=C(Cl)[C@@H](Br)CBr;1200
6141;O=C(Cl)c1cc(Cl)cc(Cl)c1;794
6142;O=C(Cl)c1ccc(C(=O)Cl)cc1;2500
6143;O=C(Cl)c1ccc(Cl)cc1;3150
6144;O=C(Cl)c1ccc(Cl)cc1Cl;4640
6145;O=C(Cl)c1ccc(Oc2ccc(C(=O)Cl)cc2)cc1;8700
6146;O=C(Cl)c1ccc([N+](=O)[O-])cc1;5600
6147;O=C(Cl)c1cccc(C(=O)Cl)c1;2200
6148;O=C(Cl)c1cccc(S(=O)(=O)Cl)c1;1780
6149;O=C(Cl)c1ccccc1;2460
6150;O=C(Cl)c1ccccc1C(F)(F)F;8200
6151;O=C(Cn1c(=O)sc2ccc(Cl)cc21)N1CCN(CCO)CC1;3600
6152;O=C(Cn1c(=O)sc2ccc(Cl)cc21)N1CCNCC1;734
6153;O=C(Cn1ccnc1)c1ccc2c(c1)Cc1ccccc1-2;4550
6154;O=C(NC(=O)c1c(F)cccc1F)Nc1cc(Cl)c(Oc2ncc(C(F)(F)F)cc2Cl)c(Cl)c1;445
6155;O=C(NC(=O)c1c(F)cccc1F)Nc1ccc(Cl)cc1;790
6156;O=C(NC(CCc1ccc2c(c1)OCO2)CCc1ccc2c(c1)OCO2)c1ccc(Cl)cc1;1800
6157;O=C(NC(O)C(Cl)(Cl)Cl)NC(O)C(Cl)(Cl)Cl;6400
6158;O=C(NC1CC1)OC[C@@H](O)[C@H]1COc2ccccc2O1;1500
6159;O=C(NC1CCN(CCc2c[nH]c3ccccc23)CC1)c1ccccc1;1800
6160;O=C(NCCN1CCOCC1)c1ccc(Cl)cc1;707
6161;O=C(NCCO)c1ccccc1O;4300
6162;O=C(NCCO[N+](=O)[O-])c1cccnc1;1220
6163;O=C(NCCc1ccc(O)cc1)c1cccnc1;8500
6164;O=C(NCNC(=O)N[C@H]1C(=O)NC(=O)N1CO)N[C@@H]1C(=O)NC(=O)N1CO;11300
6165;O=C(NC[P+](CO)(CO)CO)NC[P+](CO)(CO)CO;245
6166;O=C(NCc1cccnc1)Nc1ccc([N+](=O)[O-])cc1;4.75
6167;O=C(NN1CCCC1)NS(=O)(=O)c1ccc(Cl)cc1;4100
6168;O=C(NNCc1ccccc1)c1ccccn1;240
6169;O=C(NO)Nc1ccc(Cl)c(Cl)c1;1850
6170;O=C(NO)c1ccccc1O;5001
6171;O=C(NP(=O)(N1CC1)N1CC1)c1cc(I)ccc1I;500
6172;O=C(NP(=O)(N1CC1)N1CC1)c1ccccc1;50
6173;O=C(N[C@H](CO)[C@H](O)c1ccc([N+](=O)[O-])cc1)C(Cl)Cl;2500
6174;O=C(N[C@H]1CCSC1=O)c1cccnc1;4500
6175;O=C(Nc1c(Cl)c(Cl)c(Cl)c2nc(C(F)(F)F)[nH]c12)c1ccccc1;100
6176;O=C(Nc1cc(Cl)cc(Cl)c1O)c1c(O)c(Cl)cc(Cl)c1Cl;1000
6177;O=C(Nc1cc(Cl)ccc1Cl)c1cc(Cl)cc(-c2ccccc2)c1O;6310
6178;O=C(Nc1cc(F)ccc1F)NC1CC1;152
6179;O=C(Nc1ccc(Br)cc1)c1cc(Br)cc(Br)c1O;410
6180;O=C(Nc1ccc(Br)cc1)c1cc(Br)ccc1O;410
6181;O=C(Nc1ccc(Cl)c(Cl)c1)C1CC1;215
6182;O=C(Nc1ccc(Cl)c(Cl)c1)c1cc(Cl)cc(Cl)c1O;243
6183;O=C(Nc1ccc(Cl)cc1)c1cc(Cl)cc(-c2ccc(Cl)cc2)c1O;2810
6184;O=C(Nc1ccc(Nc2ccc(NC(=O)c3ccccc3)c3c2C(=O)c2ccccc2C3=O)c2c1C(=O)c1ccccc1C2=O)c1ccccc1;19300
6185;O=C(Nc1ccc(O)cc1)c1ccccc1O;6702
6186;O=C(Nc1ccc([N+](=O)[O-])cc1)OCc1cccnc1;14
6187;O=C(Nc1ccc([N+](=O)[O-])cc1Cl)c1cc(Cl)ccc1O;2500
6188;O=C(Nc1cccc(Cl)c1)OCC#CCCl;527
6189;O=C(Nc1cccc(Cl)c1)OCC#CCOC(=O)Nc1cccc(Cl)c1;2035
6190;O=C(Nc1ccccc1)Nc1ccnc(Cl)c1;4904
6191;O=C(Nc1ccccc1)Nc1cnns1;5350
6192;O=C(Nc1ccccc1)c1ccccc1I;6400
6193;O=C(Nc1ccccn1)NC1CCCCC1;2001
6194;O=C(Nc1nc(-c2ccccc2)cs1)OCC(Cl)(Cl)Cl;550
6195;O=C(Nc1nc(C(F)(F)F)c(Cl)s1)c1cc(C(F)(F)F)cc(C(F)(F)F)c1;69
6196;O=C(Nc1nc2ccc([N+](=O)[O-])cc2s1)c1ccc([N+](=O)[O-])cc1;1500
6197;O=C(Nc1nnc(CCN2c3ccccc3Sc3ccccc32)s1)c1ccccc1;3225
6198;O=C(O)/C=C/C(=O)OCCOCCO;2830
6199;O=C(O)/C=C/c1ccc([N+](=O)[O-])o1;1220
6200;O=C(O)C(=O)C(O)=C(O)O;6000
6201;O=C(O)C(=O)O;7500
6202;O=C(O)C(Br)Br;1737
6203;O=C(O)C(Cl)(Cl)CCl;2460
6204;O=C(O)C(Cl)(Cl)Cl;400
6205;O=C(O)C(Cl)Cl;2820
6206;O=C(O)C(F)(F)C(F)(F)C(F)(F)C(F)(F)C(F)(F)C(F)(F)C(F)(F)C(F)(F)C(F)(F)C(F)F;518
6207;O=C(O)C(F)(F)C(F)(F)C(F)(F)C(F)(F)C(F)(F)C(F)(F)C(F)(F)C(F)(F)C(F)(F)F;57
6208;O=C(O)C(F)(F)C(F)(F)C(F)(F)C(F)(F)C(F)(F)C(F)(F)C(F)(F)C(F)F;821
6209;O=C(O)C(F)(F)C(F)(F)C(F)(F)C(F)(F)C(F)(F)C(F)F;1440
6210;O=C(O)C(F)(F)C(F)(F)C(F)(F)C(F)F;1760
6211;O=C(O)C(F)(F)F;200
6212;O=C(O)C(O)(c1ccccc1)C1CCCCC1;2668
6213;O=C(O)C(c1ccc(Cl)cc1)c1ccc(Cl)cc1;740
6214;O=C(O)C(c1ccccc1)c1ccccc1;5540
6215;O=C(O)C1(C(=O)Nc2ccc(Cl)cc2Cl)CC1;208
6216;O=C(O)C1=Cc2sc(Cn3ccnc3)cc2CC1;1880
6217;O=C(O)C1C(C(=O)O)C2(Cl)C(Cl)=C(Cl)C1(Cl)C2(Cl)Cl;1770
6218;O=C(O)C1CCC(C(=O)O)C1;3250
6219;O=C(O)C1CCCCC1;3265
6220;O=C(O)C=CC(=O)O;9300
6221;O=C(O)C=Cc1ccccc1;2500
6222;O=C(O)CBr;50
6223;O=C(O)CC(=O)O;1310
6224;O=C(O)CC(O)(CC(=O)O)C(=O)O;3000
6225;O=C(O)CCC(=O)Nc1ccc(NS(=O)(=O)c2ccc([N+](=O)[O-])cc2)cc1;1500
6226;O=C(O)CCC(=O)O;2260
6227;O=C(O)CCC(=O)OC1CCCCC1;6500
6228;O=C(O)CCC(=O)OCCCCCc1ccc(Cl)cc1;1130
6229;O=C(O)CCC(=O)OC[C@@H](NC(=O)C(Cl)Cl)[C@H](O)c1ccc([N+](=O)[O-])cc1;8300
6230;O=C(O)CCC(=O)OC[C@H]1CO[C@@H](C(Cl)(Cl)Cl)O1;3400
6231;O=C(O)CCC(=O)c1ccc(-c2ccccc2)cc1;200
6232;O=C(O)CCC(=O)c1ccc(C2CCCCC2)c(Cl)c1;120
6233;O=C(O)CCC(=O)c1ccc2oc3ccccc3c2c1;1283
6234;O=C(O)CCC([N+](=O)[O-])([N+](=O)[O-])[N+](=O)[O-];708
6235;O=C(O)CCC1(CCC(=O)O)c2ccccc2-c2ccccc21;2140
6236;O=C(O)CCCC(=O)O;6000
6237;O=C(O)CCCCCC(=O)O;7000
6238;O=C(O)CCCCCCCCC(=O)O;14375
6239;O=C(O)CCCCCCCCCCl;5001
6240;O=C(O)CCCCCCCCCl;3000
6241;O=C(O)CCCCCCCl;1800
6242;O=C(O)CCCCCCI;2240
6243;O=C(O)CCCCCCl;3080
6244;O=C(O)CCCC[C@H]1CCSS1;1130
6245;O=C(O)CCCN1C(=O)c2cccc3cccc(c23)C1=O;4000
6246;O=C(O)CCCNS(=O)(=O)c1cccc(C(F)(F)F)c1;13000
6247;O=C(O)CCCOc1ccc(Cl)cc1Cl;700
6248;O=C(O)CCCc1ccc(N(CCCl)CCCl)cc1;76
6249;O=C(O)CCS;63
6250;O=C(O)CCSCCC(=O)O;3000
6251;O=C(O)CC[C@H](NC(=O)COc1ccc(Cl)cc1Cl)C(=O)O;900
6252;O=C(O)CC[C@](CC(=O)O)(C(=O)O)P(=O)(O)O;4000
6253;O=C(O)CC[C@]1(Cc2ccccc2)CCCCC1=O;2001
6254;O=C(O)CCc1nc(-c2ccccc2)c(-c2ccccc2)o1;4470
6255;O=C(O)CCc1nc2ccccc2[nH]1;1700
6256;O=C(O)CCl;76
6257;O=C(O)CF;4.68
6258;O=C(O)CN(CC(=O)O)CC(=O)O;1100
6259;O=C(O)CN(CC(=O)O)CP(=O)(O)O;2001
6260;O=C(O)CN(CCCN(CC(=O)O)CC(=O)O)CC(=O)O;1600
6261;O=C(O)CN(CCN(CC(=O)O)CC(=O)O)CC(=O)O;4500
6262;O=C(O)CN(CCOCCOCCN(CC(=O)O)CC(=O)O)CC(=O)O;3793.5
6263;O=C(O)CN(CP(=O)(O)O)CP(=O)(O)O;3925
6264;O=C(O)CNC(=O)c1ccc(Cl)cc1;2230
6265;O=C(O)CNCP(=O)(O)O;4873
6266;O=C(O)CO;1938
6267;O=C(O)COC(=O)Cc1ccccc1Nc1c(Cl)cccc1Cl;130
6268;O=C(O)COC(C(=O)O)C(=O)O;3600
6269;O=C(O)COCC(=O)O;500
6270;O=C(O)COc1cc(Cl)c(Cl)cc1Cl;300
6271;O=C(O)COc1ccc(Cl)cc1;850
6272;O=C(O)COc1ccc(Cl)cc1Cl;370
6273;O=C(O)COc1ccc2ccccc2c1;600
6274;O=C(O)COc1ccccc1;1500
6275;O=C(O)COc1nc(Cl)c(Cl)cc1Cl;630
6276;O=C(O)COc1nn(Cc2ccccc2)c2ccccc12;1200
6277;O=C(O)CS;73
6278;O=C(O)CS(=O)(=O)O;3160
6279;O=C(O)CSc1cc(Cl)ccc1Cl;1900
6280;O=C(O)CSc1cccc2cccc(CCl)c12;2500
6281;O=C(O)CSc1nc(-c2ccccc2)ns1;500
6282;O=C(O)C[C@@H](NC(=O)COc1ccc(Cl)cc1Cl)C(=O)O;1000
6283;O=C(O)C[C@@H](O)C(=O)O;6250
6284;O=C(O)C[C@H](C(=O)O)[C@@H](CC(=O)O)C(=O)O;1720
6285;O=C(O)C[C@H](O)c1ccc(-c2ccc(Cl)cc2)o1;2460
6286;O=C(O)Cc1c(Cl)ccc(Cl)c1Cl;1780
6287;O=C(O)Cc1cc(I)c(Oc2cc(I)c(O)c(I)c2)c(I)c1;0.825
6288;O=C(O)Cc1cc(O)ccc1Nc1c(Cl)cc(O)cc1Cl;1000
6289;O=C(O)Cc1cc(O)ccc1Nc1c(Cl)cccc1Cl;1430
6290;O=C(O)Cc1ccc(-c2ccccc2)cc1;164
6291;O=C(O)Cc1ccc(-c2ccccc2F)cc1;638
6292;O=C(O)Cc1ccc(C2CCCCC2)c(Cl)c1;83
6293;O=C(O)Cc1ccc(OCc2ccccc2)c(Cl)c1;2820
6294;O=C(O)Cc1ccc2c(c1)C(=O)c1ccccc1CN2;810
6295;O=C(O)Cc1ccc2c(c1)C(=O)c1ccccc1CO2;143
6296;O=C(O)Cc1ccc2c(c1)OCc1ccccc1C2=O;110
6297;O=C(O)Cc1cccc2ccccc12;1000
6298;O=C(O)Cc1ccccc1;2250
6299;O=C(O)Cc1ccccc1Nc1c(Cl)cc(O)cc1Cl;190
6300;O=C(O)Cc1ccccc1Nc1c(Cl)ccc(O)c1Cl;774
6301;O=C(O)Cc1ccccc1Nc1c(Cl)cccc1Cl;62.5
6302;O=C(O)Cc1ccccc1Oc1c(Cl)c(Cl)cc(Cl)c1Cl;303
6303;O=C(O)Cc1ccccc1Oc1ccc(Cl)cc1Cl;2280
6304;O=C(O)Cc1csc(-c2ccc(Cl)cc2)n1;850
6305;O=C(O)Cc1sc(-c2ccccc2)nc1-c1ccc(Cl)cc1;409
6306;O=C(O)Cn1c(=O)n(Cc2ccc(Br)cc2F)c(=O)c2ccc(Cl)cc21;4250
6307;O=C(O)Cn1c(=O)n(Cc2ccc(Br)cc2F)c(=O)c2ccc(F)cc21;2144
6308;O=C(O)Cn1c(=O)sc2cccc(Cl)c21;3000
6309;O=C(O)[C@@H](Cl)CCl;289
6310;O=C(O)[C@@H]1/C(=C\CO)O[C@@H]2CC(=O)N12;7936
6311;O=C(O)[C@@H]1CSCN1;875
6312;O=C(O)[C@@H]1CS[C@H](c2ccccc2O)N1C(=O)CCS;8290
6313;O=C(O)[C@@H]1[C@H](C(=O)O)[C@H]2CC[C@@H]1O2;38
6314;O=C(O)[C@H](Cc1cc(I)c(O)c(I)c1)c1ccccc1;1100
6315;O=C(O)[C@H](O)[C@@H](O)C(=O)O;4748
6316;O=C(O)[C@H](S)[C@@H](S)C(=O)O;4000
6317;O=C(O)[C@H]1CC=CCC1;4260
6318;O=C(O)[C@H]1CC[C@H](C(=O)O)CC1;1903
6319;O=C(O)[C@H]1CCc2cc(C3CCCCC3)c(Cl)cc21;39
6320;O=C(O)[C@H]1CCc2cc(C3CCCCC3)c(O)cc21;450
6321;O=C(O)[C@H]1CCc2cc(C3CCCCC3)ccc21;258.5
6322;O=C(O)c1c(Cl)c(Cl)c(Cl)c(Cl)c1C(O)=Nc1cccc(Cl)c1Cl;2340
6323;O=C(O)c1c(Cl)ccc(Cl)c1Cl;650
6324;O=C(O)c1c(Cl)ccc(Cl)c1O;1560
6325;O=C(O)c1c(Cl)ccc2cc(Cl)cnc12;2190
6326;O=C(O)c1c(O)c(O)cc2ccccc12;24500
6327;O=C(O)c1cc(-c2ccc(F)cc2F)ccc1O;392
6328;O=C(O)c1cc(-n2c(-c3ccccc3)cc3c2CCc2ccccc2-3)ccc1O;450
6329;O=C(O)c1cc(/N=N/c2ccc(S(=O)(=O)Nc3ccccn3)cc2)ccc1O;15600
6330;O=C(O)c1cc(C(=O)O)cc(S(=O)(=O)O)c1;2600
6331;O=C(O)c1cc(Cl)cc([N+](=O)[O-])c1Cl;3500
6332;O=C(O)c1cc(Cl)ccc1C(=O)c1ccccc1;3700
6333;O=C(O)c1cc(Cl)ccc1O;250
6334;O=C(O)c1cc(I)cc(I)c1I;813
6335;O=C(O)c1cc(O)c(O)c(OC(=O)c2cc(O)c(O)c(O)c2)c1;2260
6336;O=C(O)c1cc(O)cc(C(=O)O)c1;11220
6337;O=C(O)c1cc(Oc2ccc(C(F)(F)F)cc2Cl)ccc1[N+](=O)[O-];1370
6338;O=C(O)c1cc(S(=O)(=O)O)ccc1O;1850
6339;O=C(O)c1cc([N+](=O)[O-])cc([N+](=O)[O-])c1O;860
6340;O=C(O)c1cc2ccccc2c(Cc2c(O)c(C(=O)OCCOCCN3CCN(C(c4ccccc4)c4ccc(Cl)cc4)CC3)cc3ccccc23)c1O;1740
6341;O=C(O)c1cc2ccccc2cc1O;809
6342;O=C(O)c1cc2ccccc2oc1=O;200
6343;O=C(O)c1ccc(C(=O)O)c2c(C(=O)O)ccc(C(=O)O)c12;7500
6344;O=C(O)c1ccc(C(=O)O)cc1;1960
6345;O=C(O)c1ccc(CCCCCCCCCCCCCCCCCCO)cc1Cl;5001
6346;O=C(O)c1ccc(Cl)c([N+](=O)[O-])c1;3150
6347;O=C(O)c1ccc(Cl)cc1;1170
6348;O=C(O)c1ccc(O)cc1;5001
6349;O=C(O)c1ccc([N+](=O)[O-])cc1;1960
6350;O=C(O)c1ccc2c(c1)C(=O)OC2=O;2030
6351;O=C(O)c1ccc2c(c1)CC[C@H](Cn1ccnc1)C2;1994
6352;O=C(O)c1ccc2c3c(ccc(C(=O)O)c13)C(=O)OC2=O;3508
6353;O=C(O)c1ccc2cc(O)ccc2c1;947
6354;O=C(O)c1ccc2ccccc2c1;4500
6355;O=C(O)c1cccc(C(=O)O)c1;10400
6356;O=C(O)c1cccc(Cl)c1Cl;300
6357;O=C(O)c1cccc(Cl)n1;2180
6358;O=C(O)c1cccc(Oc2ccc(C(F)(F)F)cc2Cl)c1;1170
6359;O=C(O)c1cccc2c(Cl)ccc(C(=O)O)c12;3500
6360;O=C(O)c1ccccc1;1700
6361;O=C(O)c1ccccc1-c1ccccc1CO;6500
6362;O=C(O)c1ccccc1C(=O)Nc1ccc(S(=O)(=O)Nc2nccs2)cc1;2001
6363;O=C(O)c1ccccc1C(=O)Nc1cccc2ccccc12;1770
6364;O=C(O)c1ccccc1C(=O)Nc1ccccc1;8837
6365;O=C(O)c1ccccc1C(=O)O;7900
6366;O=C(O)c1ccccc1C(=O)c1ccccc1;4600
6367;O=C(O)c1ccccc1Nc1c(Cl)cc(Cl)c2ccccc12;8500
6368;O=C(O)c1ccccc1Nc1cccc(C(F)(F)F)c1;249
6369;O=C(O)c1ccccc1Nc1cccc(Cl)c1CO;2400
6370;O=C(O)c1ccccc1O;891
6371;O=C(O)c1ccccc1OP(=O)(O)O;1104
6372;O=C(O)c1cccnc1;4500
6373;O=C(O)c1cccnc1Nc1cccc(C(F)(F)F)c1;250
6374;O=C(O)c1ccncc1;5001
6375;O=C(O)c1cn(C2CC2)c2cc(Cl)c(F)cc2c1=O;583
6376;O=C(O)c1nc(Cl)ccc1Cl;4300
6377;O=C(O)c1nn(Cc2ccc(Cl)cc2)c2ccccc12;1140
6378;O=C(O)c1nn(Cc2ccc(Cl)cc2Cl)c2ccccc12;1700
6379;O=C(OC(=O)C(Cl)Cl)C(Cl)Cl;2820
6380;O=C(OC1CCC(N2CCCCC2)CC1)c1ccccc1;780
6381;O=C(OC1CCCCC1)C(Oc1ccc(Cl)cc1)Oc1ccc(Cl)cc1;900
6382;O=C(OC1CCCCC1)c1ccccc1C(=O)OC1CCCCC1;30000
6383;O=C(OC1CCCCC1)c1ccccc1O;3031
6384;O=C(OCC(Br)(Br)Br)c1ccco1;1500
6385;O=C(OCC(COC(=O)c1ccccc1)(COC(=O)c1ccccc1)COC(=O)c1ccccc1)c1ccccc1;1158
6386;O=C(OCC(Cl)(Cl)Cl)c1ccco1;600
6387;O=C(OCC1(COC(=O)c2cccnc2)CCCC(COC(=O)c2cccnc2)(COC(=O)c2cccnc2)C1O)c1cccnc1;10000
6388;O=C(OCC=Cc1ccccc1)c1ccccc1;4000
6389;O=C(OCCCOC(=O)c1ccccc1)c1ccccc1;24000
6390;O=C(OCCCOCCCOC(=O)c1ccccc1)c1ccccc1;9800
6391;O=C(OCCCl)c1ccccc1C(=O)OCCCl;730
6392;O=C(OCCN1CCOCC1)c1cccnc1Nc1cccc(C(F)(F)F)c1;4301
6393;O=C(OCCOC(=O)C(Cl)(Cl)Cl)C(Cl)(Cl)Cl;7000
6394;O=C(OCCOC(=O)c1ccccc1)c1ccccc1;5340
6395;O=C(OCCOCCO)c1ccccc1Nc1cccc(C(F)(F)F)c1;292
6396;O=C(OCCOCCOC(=O)c1ccccc1)c1ccccc1;2830
6397;O=C(OCCOc1ccc(Cl)cc1Cl)c1ccccc1;1700
6398;O=C(OCCc1ccccc1)c1ccccc1;5001
6399;O=C(OC[C@@H]1CC[C@@H]2O[C@@H]2C1)[C@@H]1CC[C@H]2O[C@@H]2C1;4490
6400;O=C(OC[C@@H]1CO1)c1cccc(C(=O)OC[C@@H]2CO2)c1;1000
6401;O=C(OC[C@H](O)CO)c1ccccc1Nc1ccnc2c(C(F)(F)F)cccc12;535
6402;O=C(OC[C@H](O)CO)c1ccccc1Nc1ccnc2cc(Cl)ccc12;2300
6403;O=C(OC[C@H](O)[C@@H]1COc2ccccc2O1)N1CCOCC1;1500
6404;O=C(OC[C@H]1CO1)c1ccccc1;1410
6405;O=C(OC[C@H]1CO1)c1ccccc1C(=O)OC[C@H]1CO1;1245
6406;O=C(OC[C@H]1O[C@@H](OC(=O)c2cc(O)c(O)c(OC(=O)c3cc(O)c(O)c(O)c3)c2)[C@H](OC(=O)c2cc(O)c(O)c(OC(=O)c3cc(O)c(O)c(O)c3)c2)[C@@H](OC(=O)c2cc(O)c(O)c(OC(=O)c3cc(O)c(O)c(O)c3)c2)[C@@H]1OC(=O)c1cc(O)c(O)c(OC(=O)c2cc(O)c(O)c(O)c2)c1)c1cc(O)c(O)c(OC(=O)c2cc(O)c(O)c(O)c2)c1;2260
6407;O=C(OCc1ccccc1)c1ccccc1;1700
6408;O=C(OCc1ccccc1)c1ccccc1O;2227
6409;O=C(OCc1ccccc1)c1sc(Cl)nc1C(F)(F)F;5010
6410;O=C(OOC(=O)c1ccccc1)c1ccccc1;7710
6411;O=C(O[C@H]1CC[C@@H](N2CCCCC2)CC1)C1CCCCC1;2500
6412;O=C(O[C@H]1CC[C@@H](N2CCCCC2)CC1)c1ccc([N+](=O)[O-])cc1;3250
6413;O=C(O[C@H]1CN2CCC1CC2)c1ccccc1;250
6414;O=C(Oc1ccc(Cl)cc1Cl)N1CCCC1;2200
6415;O=C(Oc1cccc(O)c1)c1ccccc1;800
6416;O=C(Oc1ccccc1)Oc1ccccc1;1500
6417;O=C(Oc1ccccc1)c1ccccc1C(=O)Oc1ccccc1;8000
6418;O=C(Oc1ccccc1)c1ccccc1O;3000
6419;O=C(Oc1ccccc1)n1c(C(F)(F)F)nc2cc(Cl)c(Cl)cc21;240
6420;O=C(SC(=O)c1ccccc1)c1ccccc1;5001
6421;O=C(SCc1ccccc1)N1CCOCC1;50
6422;O=C(c1cc(O)c(O)c(O)c1)c1ccc(O)c(O)c1O;1425
6423;O=C(c1ccc(Cl)cc1)c1ccccc1-c1ncc[nH]1;600
6424;O=C(c1ccc(Cl)cc1)n1cc(Cc2nn[nH]n2)c2ccccc21;1200
6425;O=C(c1ccc(F)cc1)c1ccc(F)cc1;2001
6426;O=C(c1ccc(O)c(O)c1)c1cccc(O)c1O;2001
6427;O=C(c1ccc(O)cc1O)c1ccc(O)cc1O;1220
6428;O=C(c1ccc2c(c1)C(=O)OC2=O)c1ccc2c(c1)C(=O)OC2=O;12800
6429;O=C(c1ccc2ccccc2n1)N1CCN=C1Nc1c(Cl)cccc1Cl;44
6430;O=C(c1ccccc1)N1CCN=C1Nc1c(Cl)cccc1Cl;68.1
6431;O=C(c1ccccc1)[C@H](O)c1ccccc1;10000
6432;O=C(c1ccccc1)c1ccc(O)cc1;12086
6433;O=C(c1ccccc1)c1ccc(O)cc1O;8600
6434;O=C(c1ccccc1)c1cccc(NS(=O)(=O)C(F)F)c1;600
6435;O=C(c1ccccc1)c1cccc2c1CC[C@@H]2C(=O)O;41.1
6436;O=C(c1ccccc1)c1ccccc1;1900
6437;O=C(c1cccnc1)N1CCN=C1Nc1c(Cl)cccc1Cl;80
6438;O=C/C(Cl)=C(/Cl)C(=O)O;100
6439;O=C/C=C/[C@H]1CO1;62
6440;O=C1C(=C(Cl)Cl)C(=O)[C@]2(Cl)[C@H]3C=C[C@H](C3)[C@]12Cl;2760
6441;O=C1C(=O)c2ncccc2-c2cccnc21;5
6442;O=C1C(CCC2CC2)C(=O)N(c2ccccc2)N1c1ccccc1;400
6443;O=C1C(CCSc2ccccc2)C(=O)N(c2ccccc2)N1c1ccccc1;450
6444;O=C1C(CC[S@@](=O)c2ccccc2)C(=O)N(c2ccccc2)N1c1ccccc1;358
6445;O=C1C(Cc2ccccc2)C(=O)N(c2ccccc2)N1c1ccccc1;297
6446;O=C1C(Cl)=C(Cl)C(=O)C(Cl)=C1Cl;4000
6447;O=C1C(Cl)=C(Cl)C(=O)C1(Cl)Cl;1000
6448;O=C1C(Cl)=C(Cl)C(=O)C1=C(Cl)Cl;2300
6449;O=C1C(Cl)=C(Cl)C(=O)c2ccccc21;160
6450;O=C1C(Cl)=C(Cl)C(Cl)(Cl)C1(Cl)Cl;178
6451;O=C1C(Cl)=C(NC(=O)C(Cl)Cl)C(=O)c2ccccc21;11700
6452;O=C1C(I)=CC(=C(c2cc(I)c(O)c(I)c2)c2ccccc2C(=O)O)C=C1I;2800
6453;O=C1C(O)=C(CC=C(Cl)Cl)C(=O)c2ccccc21;281
6454;O=C1C2(Cl)C3(Cl)C4(Cl)C(Cl)(Cl)C5(Cl)C3(Cl)C1(Cl)C5(Cl)C24Cl;91.3
6455;O=C1C2=C(CCCC2)C(=O)N1c1ccc(Cl)cc1;24000
6456;O=C1C=C2C(=CCO[C@H]2O)O1;27.79
6457;O=C1C=CC(=NCl)C=C1;100
6458;O=C1C=CC(=O)C=C1;5.6
6459;O=C1C=CC(=O)N1C(=O)NCNC(=O)N1C(=O)C=CC1=O;1420
6460;O=C1C=CC(=O)N1CCCCCCN1C(=O)C=CC1=O;550
6461;O=C1C=CC(=O)N1c1c(F)c(F)c(F)c(N2C(=O)C=CC2=O)c1F;2100
6462;O=C1C=CC(=O)N1c1ccc(Cl)cc1;440
6463;O=C1C=CC(=O)N1c1cccc(N2C(=O)C=CC2=O)c1;1370
6464;O=C1C=CC(=O)N1c1ccccc1;128
6465;O=C1C=CC(=O)N1c1ccccc1Cl;520
6466;O=C1C=CC(=O)O1;317.5
6467;O=C1C=CC(=O)c2c(O)cccc21;112
6468;O=C1C=CC(=O)c2ccccc21;190
6469;O=C1C=CCCC1;220
6470;O=C1C=CC[C@@H]2[C@H]3CCCN4CCC[C@@H](CN12)[C@H]34;196
6471;O=C1C=Cc2cc(Br)ccc2C1=O;3900
6472;O=C1CC(=O)C1=O;41
6473;O=C1CC(=O)N(c2ccccc2)N1c1ccccc1;1000
6474;O=C1CCC(=O)N1;14000
6475;O=C1CCC(=O)N1c1cc(Cl)cc(Cl)c1;890
6476;O=C1CCC(=O)O1;1510
6477;O=C1CCC(N2C(=O)c3ccccc3C2=O)C(=O)N1;113
6478;O=C1CCCC(=O)O1;540
6479;O=C1CCCC1;2690
6480;O=C1CCCCC(=O)N1;22600
6481;O=C1CCCCC/C=C\CCCCCCCCO1;339
6482;O=C1CCCCCCCC(=O)OCCO1;9200
6483;O=C1CCCCCCCCCCCN1;2330
6484;O=C1CCCCCN1;1200
6485;O=C1CCCCCO1;4290
6486;O=C1CCCC[C@H]1C1CCCCC1;5001
6487;O=C1CCCN1;328
6488;O=C1CCCN1C1CCCCC1;370
6489;O=C1CCCN1CCO;14430
6490;O=C1CCCN1c1cccc2cccnc12;1650
6491;O=C1CCCO1;1540
6492;O=C1CCN(c2ccccc2)N1;200
6493;O=C1CCOc2ccccc21;2647
6494;O=C1CC[C@@H](C(=O)N[C@H]2C[C@@H]2c2ccccc2)N1;96
6495;O=C1CC[C@H]2CCCC[C@@H]2O1;3900
6496;O=C1CC[C@]2(O)[C@@H]3Cc4ccc(O)c5c4[C@]2(CCN3CC2CC2)[C@@H]1O5;1450
6497;O=C1CCc2cc(/C=C/CCN3CCN(c4ccccc4)CC3)ccc2N1;500
6498;O=C1CCc2cc(/C=C/CN3CCN(c4ccc(Cl)cc4)CC3)ccc2N1;500
6499;O=C1CCc2cc(/C=C/CN3CCN(c4cccc(Cl)c4)CC3)ccc2N1;500
6500;O=C1CCc2cc(C(=O)CCCN3CC=C(c4ccc(Cl)cc4)CC3)ccc2N1;500
6501;O=C1CCc2cc(C(=O)CCCN3CC=C(c4ccccc4)CC3)ccc2N1;500
6502;O=C1CCc2cc(C(=O)CCN3CCC(Cc4ccccc4)CC3)ccc2N1;500
6503;O=C1CCc2cc(C(=O)CCN3CCN(c4ccccc4)CC3)ccc2N1;500
6504;O=C1CCc2cc(CCCCN3CCN(c4ccccc4Cl)CC3)ccc2N1;500
6505;O=C1CCc2cc(CCCN3CCN(c4ccccc4)CC3)ccc2N1;500
6506;O=C1CCc2cc([C@@H](O)CCCN3CCN(c4cccc(Cl)c4)CC3)ccc2N1;500
6507;O=C1CCc2cccc3c2N1CC3;321
6508;O=C1CCc2ccccc2O1;1460
6509;O=C1CN(N=Cc2ccc([N+](=O)[O-])o2)C(=O)N1;604
6510;O=C1CN2CCO[C@]2(c2ccccc2Cl)c2cc(Cl)ccc2N1;1780
6511;O=C1CN2CCO[C@]2(c2ccccc2F)c2cc(Br)ccc2N1;2858
6512;O=C1CN=C(c2ccccc2)c2cc([N+](=O)[O-])ccc2N1;825
6513;O=C1CN=C(c2ccccc2Cl)c2cc(Cl)ccc2N1;2001
6514;O=C1CN=C(c2ccccc2F)c2cc(Cl)ccc2N1CC1CC1;10060
6515;O=C1CN=C(c2ccccn2)c2cc(Br)ccc2N1;1950
6516;O=C1CNC(=S)N1;420
6517;O=C1CSC(=S)N1;320
6518;O=C1CSc2ncccc2N1;1050
6519;O=C1C[C@@H]2OCC=C3CN4CC[C@]56c7ccccc7N1[C@H]5[C@H]2[C@H]3C[C@H]46;3.575
6520;O=C1C[C@H](N2C(=O)c3ccccc3C2=O)C(=O)N1;5001
6521;O=C1C[C@H](c2cccc(Br)c2)C(=O)N1;1750
6522;O=C1N(Cl)C2C(N1Cl)N(Cl)C(=O)N2Cl;2150
6523;O=C1N=C2C(=O)N=CN[C@H]2N1;1759
6524;O=C1N=C2CCC[C@@H]2C(=O)N1C1CCCCC1;11000
6525;O=C1N=C2c3ccccc3N=CN2/C1=C/c1ccc([N+](=O)[O-])cc1;1290
6526;O=C1N=C2c3ccccc3N=CN2C1=Cc1ccccc1;325
6527;O=C1N=CC2=NC(=O)N[C@@H]2N1;1820
6528;O=C1N=N[C@@H]2COc3c(cc([N+](=O)[O-])cc3[N+](=O)[O-])N12;3690
6529;O=C1N=N[C@H](c2ccccc2)CO1;441
6530;O=C1N=N[C@H](c2ccccc2)c2conc21;1000
6531;O=C1NC(=O)C(=O)C(=O)N1;5210
6532;O=C1NC(=O)C(c2ccccc2)(c2ccccc2)N1;250
6533;O=C1NC(=O)C(c2ccccc2)(c2ccccc2)N1S(=O)(=O)c1ccccc1;1700
6534;O=C1NC(=O)[C@H]2[C@@H]1[C@H]1C=C([C@](O)(c3ccccc3)c3ccccn3)[C@@H]2/C1=C(\c1ccccc1)c1ccccn1;3.8
6535;O=C1NC(=O)[C@]2(c3ccc(Cl)cc3)C[C@H]12;1550
6536;O=C1NC(CCCl)Oc2ccccc21;10000
6537;O=C1NC(c2ccc(-c3ccccc3)cc2)=C2C(=O)NC(c3ccc(-c4ccccc4)cc3)=C12;2001
6538;O=C1NCC2(CCN(CCc3ccccc3)CC2)O1;980
6539;O=C1NCCCN1Cc1ccc(Cl)c(Cl)c1;815
6540;O=C1NCCN1/N=C/c1ccc([N+](=O)[O-])o1;1681
6541;O=C1NCCN1c1ncc([N+](=O)[O-])s1;900
6542;O=C1NCc2ccccc2O1;1050
6543;O=C1NS(=O)(=O)c2ccccc21;14200
6544;O=C1Nc2ccc(Cl)cc2C(c2ccccc2)=N[C@@H]1O;5001
6545;O=C1Nc2ccc(Cl)cc2C(c2ccccc2Cl)=N[C@H]1O;4500
6546;O=C1Nc2ccccc2C1(c1ccc(O)cc1)c1ccc(O)cc1;90
6547;O=C1OC(=O)C2C1C1(Cl)C(Cl)=C(Cl)C2(Cl)C1(Cl)Cl;2130
6548;O=C1OC(=O)[C@@H]2CC=CC[C@@H]12;5410
6549;O=C1OC(=O)[C@@H]2CCCC[C@H]12;4040
6550;O=C1OC(=O)c2ccc(Cl)c3cccc1c23;3460
6551;O=C1OC(=O)c2ccc3c4c(ccc1c24)C(=O)OC3=O;7400
6552;O=C1OC(=O)c2cccc3cccc1c23;9600
6553;O=C1OC(=O)c2ccccc21;1530
6554;O=C1OC(OC2OC(=O)C(Cl)=C2Cl)C(Cl)=C1Cl;2001
6555;O=C1OC(c2ccc(O)cc2)(c2ccc(O)cc2)c2c(I)c(I)c(I)c(I)c21;2800
6556;O=C1OCC(CCl)O1;80
6557;O=C1OCCN1/N=C/c1ccc([N+](=O)[O-])o1;2336
6558;O=C1OCCO1;10000
6559;O=C1OCC[C@H]1N(C(=O)C1CC1)c1cccc(Cl)c1;174
6560;O=C1OC[C@H]2[C@@H]1[C@@]1(Cl)C(Cl)=C(Cl)[C@]2(Cl)C1(Cl)Cl;105
6561;O=C1OCc2c(Cl)c(Cl)c(Cl)c(Cl)c21;20000
6562;O=C1O[C@@H](O)C(C(Cl)Cl)=C1Cl;128
6563;O=C1O[C@@H](OC(=O)c2cccnc2Nc2cccc(C(F)(F)F)c2)c2ccccc21;12000
6564;O=C1O[C@@H]2[C@@H](O)[C@H](O)O[C@@H]2[C@H]1O;10700
6565;O=C1O[C@H]([C@@H](O)CO)[C@H](O)C1=O;11900
6566;O=C1O[C@H]([C@H](O)CO)[C@@H](O)C1=O;18000
6567;O=C1Oc2ccccc2C(=O)[C@@H]1[C@@H]1C[C@H](c2ccc(OCc3ccc(C(F)(F)F)cc3)cc2)Cc2ccccc21;0.25
6568;O=C1Oc2ccccc2C(=O)[C@@H]1[C@H]1C[C@H](c2ccc(-c3ccc(Br)cc3)cc2)Cc2ccccc21;0.16
6569;O=C1Oc2ccccc2C(=O)[C@H]1C[C@H]1C(=O)Oc2ccccc2C1=O;250
6570;O=C1Oc2ccccc2C(=O)[C@H]1[C@@H](C[C@H](O)c1ccc(-c2ccc(Br)cc2)cc1)c1ccccc1;0.49
6571;O=C1Oc2ccccc2C(=O)[C@H]1[C@H]1CCCc2ccccc21;16.5
6572;O=C1Oc2ccccc2C(=O)[C@H]1[C@H]1C[C@@H](c2ccc(-c3ccccc3)cc2)Cc2ccccc21;0.925
6573;O=C1Sc2ccccc2C(=O)[C@@H]1[C@H]1C[C@H](c2ccc(-c3ccc(Br)cc3)cc2)Cc2ccccc21;0.55
6574;O=C1[C@@H](Cl)[C@H](CCl)CN1c1cccc(C(F)(F)F)c1;3650
6575;O=C1[C@@H](Cl)[C@]2(Cl)[C@@H]3[C@@H]([C@@H](Cl)O[C@@H]3Cl)[C@@]1(Cl)C2(Cl)Cl;7
6576;O=C1[C@@H]2CC=CC[C@H]2C(=O)N1SC(Cl)(Cl)C(Cl)Cl;2500
6577;O=C1[C@@H]2[C@H](C(=O)N1Cc1ccccn1)[C@@H]1C([C@@](O)(c3ccccc3)c3ccccn3)=C[C@H]2/C1=C(\c1ccccc1)c1ccccn1;5.2
6578;O=C1[C@H](Cl)[C@@]2(Cl)[C@@H]3[C@H](Cl)OC[C@@H]3[C@]1(Cl)C2(Cl)Cl;100
6579;O=C1[C@H](N(CO)C(=O)NCO)N(CO)C(=O)N1CO;2600
6580;O=C1[C@H](O)N=C(c2ccccc2F)c2cc(Cl)ccc2N1CCO;2550
6581;O=C1[C@H]2CC=CC[C@H]2C(=O)N1SC(Cl)(Cl)Cl;9000
6582;O=C1[C@H]2C[C@H]3[C@H]4[C@H]2[C@@]2(Cl)[C@H](Cl)[C@@](Cl)([C@@H]13)[C@]4(Cl)C2(Cl)Cl;10
6583;O=C1c2c(cc(S(=O)(=O)O)cc2Nc2nc(Cl)nc(Cl)n2)C=C(S(=O)(=O)O)[C@@H]1/N=N/c1cc([N+](=O)[O-])ccc1O;9120
6584;O=C1c2c(cc(S(=O)(=O)O)cc2Nc2nc(Cl)nc(Cl)n2)C=C(S(=O)(=O)O)[C@H]1/N=N/c1ccccc1;7460
6585;O=C1c2cc(Cl)ccc2O[C@H]2CCON12;1550
6586;O=C1c2cc([N+](=O)[O-])ccc2-c2c1cc([N+](=O)[O-])cc2[N+](=O)[O-];9910
6587;O=C1c2ccc(Br)cc2C(=O)[C@@H]1c1ccccc1;150
6588;O=C1c2ccc(O)c(O)c2C(=O)c2c(Nc3ccc(O)cc3)ccc(Nc3ccc(O)cc3)c21;5001
6589;O=C1c2ccc3c4c(ccc(c24)C(=O)C1(Cl)Cl)CC3;10630
6590;O=C1c2cccc(Br)c2C(=O)[C@@H]1c1ccccc1;745
6591;O=C1c2cccc(S(=O)(=O)O)c2C(=O)c2c1cccc2S(=O)(=O)O;1870
6592;O=C1c2cccc(S(=O)(=O)O)c2C(=O)c2cccc(S(=O)(=O)O)c21;2357
6593;O=C1c2ccccc2-c2c([N+](=O)[O-])cc3c4cc([N+](=O)[O-])c5c6c(ccc(c7ccc1c2c73)c64)C(=O)c1ccccc1-5;10000
6594;O=C1c2ccccc2-c2ccc3c4c(ccc1c24)-c1c(Br)ccc(Br)c1C3=O;3570
6595;O=C1c2ccccc2C(=O)C1C(=O)C(c1ccccc1)c1ccc(Cl)cc1;2.1
6596;O=C1c2ccccc2C(=O)C1C(=O)C(c1ccccc1)c1ccccc1;1.5
6597;O=C1c2ccccc2C(=O)C1c1c(Cl)cccc1Cl;470
6598;O=C1c2ccccc2C(=O)C1c1ccc(C(F)(F)F)cc1;198
6599;O=C1c2ccccc2C(=O)C1c1ccc(Cl)cc1;290
6600;O=C1c2ccccc2C(=O)C1c1ccccc1;163
6601;O=C1c2ccccc2C(=O)N1C[C@@H]1CO1;4700
6602;O=C1c2ccccc2C(=O)N1SC(Cl)(Cl)Cl;2636
6603;O=C1c2ccccc2C(=O)N1SC1CCCCC1;2600
6604;O=C1c2ccccc2C(=O)c2c(Nc3ccc(Oc4ccc(S(=O)(=O)O)cc4)cc3)ccc(Nc3ccc(Oc4ccc(S(=O)(=O)O)cc4)cc3)c21;8550
6605;O=C1c2ccccc2C(=O)c2c1ccc(C(=O)O)c2[N+](=O)[O-];2001
6606;O=C1c2ccccc2C(=O)c2c1ccc1c2[nH]c2ccc3c4ccc5c6c(ccc(c(=O)c3c21)c46)c1ccc2c(=O)c3ccccc3c3nn5c1c23;11200
6607;O=C1c2ccccc2N(C(=O)CN2CCOCC2)CN1c1ccccc1;2220
6608;O=C=NC1CCCCC1;335
6609;O=C=NCCCCCCN=C=O;738
6610;O=C=NCCCCCCNC(=O)N(CCCCCCN=C=O)C(=O)NCCCCCCN=C=O;19800
6611;O=C=NC[C@H]1CC[C@@H](CN=C=O)CC1;1600
6612;O=C=NCc1ccc(CN=C=O)cc1;4500
6613;O=C=NCc1cccc(CN=C=O)c1;3200
6614;O=C=N[C@H]1CC[C@H](C[C@H]2CC[C@H](N=C=O)CC2)CC1;1065
6615;O=C=Nc1ccc(Cc2ccc(N=C=O)cc2)cc1;9200
6616;O=C=Nc1ccc(Cc2ccc(N=C=O)cc2N=C=O)cc1;20000
6617;O=C=Nc1ccc(Cl)c(C(F)(F)F)c1;500
6618;O=C=Nc1ccc(Cl)c(Cl)c1;91
6619;O=C=Nc1ccc(Cl)cc1;138
6620;O=C=Nc1ccc(OC(F)(F)F)cc1;1525
6621;O=C=Nc1ccc([N+](=O)[O-])cc1;1600
6622;O=C=Nc1cccc(C(F)(F)F)c1;975
6623;O=C=Nc1cccc(Cl)c1;4200
6624;O=C=Nc1ccccc1;800
6625;O=C=Nc1ccccc1C(F)(F)F;7000
6626;O=CC(Br)(Br)Br;100
6627;O=CC(Br)=Cc1ccccc1;1450
6628;O=CC(Cl)(Cl)Cl;480
6629;O=CC=Cc1ccccc1;2200
6630;O=CC=O;481
6631;O=CCC=O;632
6632;O=CCCCC=O;134
6633;O=CCCC[C@@H](O)C=O;17000
6634;O=CCCl;23
6635;O=CC[C@H]1C[C@@H]2C[C@H]1[C@H]1CCC[C@@H]21;500
6636;O=CCc1ccccc1;1550
6637;O=CN(c1ncnc2c1ncn2C1CC1)C1CC1;175
6638;O=CN(c1ncnc2c1ncn2CC1CC1)C1CC1;500
6639;O=CN[C@@H](N1CCOCC1)C(Cl)(Cl)Cl;990
6640;O=CN[C@H](N1CCN([C@H](NC=O)C(Cl)(Cl)Cl)CC1)C(Cl)(Cl)Cl;6000
6641;O=CN[C@H](Nc1ccc(Cl)c(Cl)c1)C(Cl)(Cl)Cl;2500
6642;O=CNc1ccc(Br)cc1;1120
6643;O=CNc1ccc(Cl)cc1;750
6644;O=CO;1100
6645;O=COCC=Cc1ccccc1;2900
6646;O=COCCCc1ccccc1;4090
6647;O=COCCOC=O;1510
6648;O=COCCc1ccccc1;3220
6649;O=COCc1ccccc1;1400
6650;O=C[C@@H](Cl)CCl;160
6651;O=C[C@H](O)[C@@H](O)[C@H](O)[C@H](O)CO;25800
6652;O=C[C@H]1C(=O)N(c2ccccc2)N=C1c1ccccc1;789
6653;O=C[C@H]1CCC=CO1;4920
6654;O=C[C@H]1CO1;850
6655;O=C[C@]12CC=CC[C@@H]1[C@H]1CC=CC[C@H]1O2;2001
6656;O=Cc1cc([N+](=O)[O-])ccc1O;799
6657;O=Cc1ccc(-c2ccccc2)cc1;1000
6658;O=Cc1ccc(CO)o1;2500
6659;O=Cc1ccc(Cl)cc1;1575
6660;O=Cc1ccc(O)cc1;2250
6661;O=Cc1ccc(O)cc1O;400
6662;O=Cc1ccc([N+](=O)[O-])cc1;4700
6663;O=Cc1ccc2c(c1)OCO2;2700
6664;O=Cc1cccc(Br)c1;1126
6665;O=Cc1cccc(Oc2ccccc2)c1;1222
6666;O=Cc1cccc2ccccc12;667
6667;O=Cc1ccccc1;1300
6668;O=Cc1ccccc1-c1ccccc1C=O;2830
6669;O=Cc1ccccc1C(=O)O;7500
6670;O=Cc1ccccc1Cl;2160
6671;O=Cc1ccccc1O;500
6672;O=Cc1ccccn1;566
6673;O=Cc1ccco1;100
6674;O=Cc1cccs1;915
6675;O=Cc1ccncc1;2167
6676;O=NCCN=O;119
6677;O=NN(C1CCCCC1)C1CCCCC1;5001
6678;O=NN(CC(F)(F)F)CC(F)(F)F;300
6679;O=NN(CCCC(F)(F)F)CCCC(F)(F)F;750
6680;O=NN(CCCl)C(=O)NC1CCCCC1;70
6681;O=NN(CCCl)C(=O)NCCCl;20
6682;O=NN(CCCl)C(=O)NCCS(=O)(=O)N1CCCCC1;125
6683;O=NN(CCCl)C(=O)NCCS(=O)(=O)NCc1ccccc1;250
6684;O=NN(CCCl)C(O)=N[C@H]1C[C@@H]2CC[C@H]1C2;83
6685;O=NN(CCF)C(=O)NC1CCCCC1;18.5
6686;O=NN(CCO)CCO;7500
6687;O=NN(Cc1ccccc1)Cc1ccccc1;900
6688;O=NN(O)c1ccccc1;490
6689;O=NN(c1cccc(C(F)(F)F)c1)c1ccccc1C(=O)O;900
6690;O=NN(c1ccccc1)c1ccccc1;1825
6691;O=NN1CC=CCO1;900
6692;O=NN1CCCC1;900
6693;O=NN1CCCCC1;200
6694;O=NN1CCCCCC1;336
6695;O=NN1CCCCCCC1;283
6696;O=NN1CCCCCCCC1;566
6697;O=NN1CCCCO1;830
6698;O=NN1CCCOC1;600
6699;O=NN1CCN(N=O)CC1;160
6700;O=NN1CCNCC1;2260
6701;O=NN1CCOC1;1500
6702;O=NN1CCOCC1;282
6703;O=NN1CCSC1;1950
6704;O=NN1CCc2ccccc21;320
6705;O=NN1CN(N=O)CN(N=O)C1;160
6706;O=NN1CN2CN(C1)CN(N=O)C2;940
6707;O=N[C@H]1C=C[C@@H](N=O)C=C1;464
6708;O=N[C@H]1C=C[C@H](/N=N/C(=O)c2ccccc2)C=C1;100
6709;O=Nc1ccc(N=O)cc1;1020
6710;O=P(CCCl)(OCCCl)OCCCl;880
6711;O=P(CCn1c(Cc2ccccc2)nc2ccccc21)(OCCCl)OCCCl;6200
6712;O=P(N1CC1)(N1CC1)N1CC1;37
6713;O=P(O)(O)CCCl;3400
6714;O=P(O)(O)CN(CC(O)CN(CP(=O)(O)O)CP(=O)(O)O)CP(=O)(O)O;4300
6715;O=P(O)(O)CN(CP(=O)(O)O)CP(=O)(O)O;2100
6716;O=P(O)(O)OC(=CCl)c1ccc(Cl)cc1Cl;13
6717;O=P(O)(O)OCC(Cl)(Cl)Cl;850
6718;O=P(O)(O)Oc1c(Br)cc(Br)cc1-c1cc(Br)cc(Br)c1O;142
6719;O=P(O)(O)Oc1ccccc1;2290
6720;O=P(O)(O)c1ccccc1;2001
6721;O=P(OC(CCl)CCl)(OC(CCl)CCl)OC(CCl)CCl;1850
6722;O=P(OC=C(Cl)Cl)(OCCCl)OCCCl;25
6723;O=P(OCC(Cl)CCl)(OCC(Cl)CCl)OCC(Cl)CCl;2830
6724;O=P(OCCCCl)(OCCCCl)OCCCCl;1500
6725;O=P(OCCCl)(OCCCl)OCC(CO)(CO)COP(=O)(OCCCl)OCCCl;4915
6726;O=P(OCCCl)(OCCCl)OCCCl;465.5
6727;O=P(OC[C@H](Br)CBr)(OC[C@@H](Br)CBr)OC[C@@H](Br)CBr;810
6728;O=P(Oc1ccccc1)(Oc1ccccc1)Oc1ccccc1;3500
6729;O=P1(N(CCCl)CCCl)NCCCO1;100
6730;O=S(=O)(C(Cl)(Cl)Cl)C(Cl)(Cl)Cl;535
6731;O=S(=O)(CCCl)COCS(=O)(=O)CCCl;168
6732;O=S(=O)(Cl)CCCl;240
6733;O=S(=O)(Cl)CCl;372
6734;O=S(=O)(Cl)c1ccc(Cl)cc1;4250
6735;O=S(=O)(Cl)c1ccccc1;1960
6736;O=S(=O)(Cl)c1ccccc1Cl;7500
6737;O=S(=O)(F)C(F)(F)C(F)(F)C(F)(F)C(F)(F)C(F)(F)C(F)(F)C(F)(F)C(F)(F)F;154
6738;O=S(=O)(F)CCCl;50
6739;O=S(=O)(F)[C@@H]1CC[C@H](S(=O)(=O)F)C1;7.9
6740;O=S(=O)(NC(O)=NC1CCCCC1)c1ccc(Cl)cc1;1525
6741;O=S(=O)(Nc1ncc(OCCO)cn1)c1ccccc1;8000
6742;O=S(=O)(O)C(F)(F)C(F)(F)C(F)(F)C(F)(F)C(F)(F)C(F)(F)C(F)(F)C(F)(F)F;251
6743;O=S(=O)(O)C(F)(F)C(F)(F)C(F)(F)C(F)(F)F;430
6744;O=S(=O)(O)C(F)(F)F;1605.3
6745;O=S(=O)(O)NC1CCCCC1;12000
6746;O=S(=O)(O)c1c(Cl)c(Cl)c(Cl)c2[nH]c(C(F)(F)F)nc12;218
6747;O=S(=O)(O)c1c(O)ccc2ccccc12;3170
6748;O=S(=O)(O)c1cc(Nc2nc(Nc3ccccc3)nc(N(CCO)CCO)n2)ccc1/C=C\c1ccc(Nc2nc(Nc3ccccc3)nc(N(CCO)CCO)n2)cc1S(=O)(=O)O;12080
6749;O=S(=O)(O)c1ccc2cc(Nc3cccc4c(O)c(S(=O)(=O)O)ccc34)ccc2c1O;11000
6750;O=S(=O)(O)c1ccc2ccccc2c1;4440
6751;O=S(=O)(O)c1cccc2c(S(=O)(=O)O)cccc12;30000
6752;O=S(=O)(O)c1ccccc1O;1900
6753;O=S(=O)(Oc1ccc(Cl)cc1)c1ccc(Cl)cc1;2001
6754;O=S(=O)(Oc1ccc(Cl)cc1)c1ccccc1;1350
6755;O=S(=O)(Oc1ccc(Cl)cc1Cl)c1ccccc1;1000
6756;O=S(=O)(SC(Cl)(Cl)Cl)C(Cl)Cl;3620
6757;O=S(=O)([C@H](Cl)CCl)[C@H](Cl)CCl;250
6758;O=S(=O)(c1ccc(Cl)cc1)c1cc(Cl)c(Cl)cc1Cl;566
6759;O=S(=O)(c1ccc(O)cc1)c1ccc(O)cc1;2830
6760;O=S(=O)(c1ccccc1)c1ccc(Cl)cc1;1400
6761;O=S(=O)(c1ccccc1)c1ccccc1;300
6762;O=S1(=O)CC(Cl)(Cl)C(Cl)(Cl)C1;87
6763;O=S1(=O)CC=CC1;2547
6764;O=S1(=O)CCCC1;1973.5
6765;O=S1(=O)CCCCO1;500
6766;O=S1(=O)CCCO1;100
6767;O=S1(=O)CCN(c2ccccc2)CC1;800
6768;O=S1(=O)CC[C@@H](Br)C1;215
6769;O=S1(=O)CC[C@@H](NNc2ccccc2)C1;2377
6770;O=S1(=O)CC[C@H](NC(=S)S)C1;1700
6771;O=S1(=O)CS(=O)(=O)OCO1;300
6772;O=S1(=O)C[C@H](Cl)[C@@H](Cl)C1;482
6773;O=S1(=O)OCC2C(CO1)C1(Cl)C(Cl)=C(Cl)C2(Cl)C1(Cl)Cl;18
6774;O=S1c2ccccc2N(CCCN2CCN(CCO)CC2)c2cc(Cl)ccc21;1000
6775;O=[N+]([O-])/C=C1\SCCN1Cc1ccccc1;1000
6776;O=[N+]([O-])/N=C1\NCCN1Cc1ccc(Cl)nc1;410
6777;O=[N+]([O-])C(Br)(Br)CO;29.1
6778;O=[N+]([O-])C(Br)(CO)CO;180
6779;O=[N+]([O-])C(Br)Br;86
6780;O=[N+]([O-])C(CO)(CO)CO;1900
6781;O=[N+]([O-])C(Cl)(Cl)Cl;37.5
6782;O=[N+]([O-])C(F)(COCC(COCC(F)([N+](=O)[O-])[N+](=O)[O-])(N(F)F)N(F)F)[N+](=O)[O-];812
6783;O=[N+]([O-])C(F)(COCOCC(F)([N+](=O)[O-])[N+](=O)[O-])[N+](=O)[O-];2400
6784;O=[N+]([O-])C([N+](=O)[O-])([N+](=O)[O-])[N+](=O)[O-];130
6785;O=[N+]([O-])C1(Br)COCOC1;455
6786;O=[N+]([O-])CCCO;77
6787;O=[N+]([O-])N1CN([N+](=O)[O-])CN([N+](=O)[O-])C1;100
6788;O=[N+]([O-])N1CN([N+](=O)[O-])CN([N+](=O)[O-])CN([N+](=O)[O-])C1;5500
6789;O=[N+]([O-])OCC(CO[N+](=O)[O-])(CO[N+](=O)[O-])CO[N+](=O)[O-];1660
6790;O=[N+]([O-])OCC(CO[N+](=O)[O-])O[N+](=O)[O-];105
6791;O=[N+]([O-])OCC(O)CO[N+](=O)[O-];1065
6792;O=[N+]([O-])OCCOCCOCCO[N+](=O)[O-];1000
6793;O=[N+]([O-])OCCOCCO[N+](=O)[O-];753
6794;O=[N+]([O-])OCCO[N+](=O)[O-];460
6795;O=[N+]([O-])OC[C@@H](CO)O[N+](=O)[O-];1423
6796;O=[N+]([O-])OC[C@@H]1CO1;460
6797;O=[N+]([O-])OC[C@H](O)CO;339
6798;O=[N+]([O-])O[C@H]1CO[C@H]2[C@@H]1OC[C@@H]2O;2010
6799;O=[N+]([O-])O[C@H]1CO[C@H]2[C@@H]1OC[C@@H]2O[N+](=O)[O-];747
6800;O=[N+]([O-])c1c(Br)ccc2[nH]c(C(F)(F)F)nc12;13.533
6801;O=[N+]([O-])c1c(Cl)c(Cl)c(Cl)c(Cl)c1Cl;1100
6802;O=[N+]([O-])c1c(Cl)c(Cl)c(Cl)c2nc(C(F)(F)F)[nH]c12;19.321
6803;O=[N+]([O-])c1c(Cl)c(Cl)c2[nH]c(C(F)(F)F)nc2c1Cl;14.656
6804;O=[N+]([O-])c1c(Cl)c(Cl)cc(Cl)c1Cl;250
6805;O=[N+]([O-])c1c(Cl)c(Cl)cc2[nH]c(C(F)(F)F)nc12;91
6806;O=[N+]([O-])c1c(Cl)c([N+](=O)[O-])c2[nH]c(C(F)(F)F)nc2c1Cl;117
6807;O=[N+]([O-])c1c(Cl)cc(Cl)c([N+](=O)[O-])c1Cl;500
6808;O=[N+]([O-])c1c(Cl)cc2[nH]c(C(F)(F)F)nc2c1Cl;36
6809;O=[N+]([O-])c1c(Cl)ccc2[nH]c(C(F)(F)F)nc12;9.865
6810;O=[N+]([O-])c1c[nH]cn1;600
6811;O=[N+]([O-])c1cc(Br)c2nc(C(F)(F)F)[nH]c2c1;14.5
6812;O=[N+]([O-])c1cc(Br)cc2[nH]c(C(F)(F)F)nc12;1.234
6813;O=[N+]([O-])c1cc(C(F)(F)F)cc([N+](=O)[O-])c1Cl;930
6814;O=[N+]([O-])c1cc(C(F)(F)F)ccc1Cl;1075
6815;O=[N+]([O-])c1cc(C2CCCCC2)c(O)c([N+](=O)[O-])c1;65
6816;O=[N+]([O-])c1cc(Cl)c(Cl)c(Cl)c1[N+](=O)[O-];425
6817;O=[N+]([O-])c1cc(Cl)c(N=Nc2ccc(N3CCS(=O)(=O)CC3)cc2)c(Cl)c1;3200
6818;O=[N+]([O-])c1cc(Cl)c2nc(C(F)(F)F)[nH]c2c1;9.865
6819;O=[N+]([O-])c1cc(Cl)cc(-c2cc(Cl)cc([N+](=O)[O-])c2O)c1O;10
6820;O=[N+]([O-])c1cc(Cl)cc2[nH]c(C(F)(F)F)nc12;2.78
6821;O=[N+]([O-])c1cc(Cl)ccc1Cl;1000
6822;O=[N+]([O-])c1cc(I)c(O)c(I)c1;170
6823;O=[N+]([O-])c1cc([N+](=O)[O-])c(F)cc1F;50
6824;O=[N+]([O-])c1cc([N+](=O)[O-])c(Nc2c(Br)cc(Br)cc2Br)c(C(F)(F)F)c1;4.43
6825;O=[N+]([O-])c1cc([N+](=O)[O-])c(Nc2cc(C(F)(F)F)ccc2Cl)c(C(F)(F)F)c1;94
6826;O=[N+]([O-])c1cc([N+](=O)[O-])c(O)c([N+](=O)[O-])c1;200
6827;O=[N+]([O-])c1cc([N+](=O)[O-])c2nc(C(F)(F)F)[nH]c2c1;11.51
6828;O=[N+]([O-])c1cc([N+](=O)[O-])cc([N+](=O)[O-])c1;250
6829;O=[N+]([O-])c1cc2[nH]c(C(F)(F)F)nc2c(Cl)c1Cl;55
6830;O=[N+]([O-])c1cc2c(ccc3ccccc32)o1;439
6831;O=[N+]([O-])c1cc2nc(C(F)(F)F)[nH]c2cc1Cl;5.547
6832;O=[N+]([O-])c1cc2nc(C(F)(F)F)[nH]c2cc1[N+](=O)[O-];15.174
6833;O=[N+]([O-])c1cc[n+]([O-])cc1;107
6834;O=[N+]([O-])c1ccc(-c2ccccc2)cc1;2230
6835;O=[N+]([O-])c1ccc(C/N=N/C(=S)N2CCCC2)o1;750
6836;O=[N+]([O-])c1ccc(C/N=N/C(=S)N2CCCCC2)o1;750
6837;O=[N+]([O-])c1ccc(C=Cc2ccc([N+](=O)[O-])cc2S(=O)(=O)O)c(S(=O)(=O)O)c1;12600
6838;O=[N+]([O-])c1ccc(CCl)cc1;1809
6839;O=[N+]([O-])c1ccc(Cl)c(Cl)c1;625
6840;O=[N+]([O-])c1ccc(Cl)c([N+](=O)[O-])c1;640
6841;O=[N+]([O-])c1ccc(Cl)c2nc(C(F)(F)F)[nH]c12;11.069
6842;O=[N+]([O-])c1ccc(Cl)cc1;460
6843;O=[N+]([O-])c1ccc(Cl)cc1C(F)(F)F;554
6844;O=[N+]([O-])c1ccc(Cl)cc1Cl;379
6845;O=[N+]([O-])c1ccc(Cl)cc1O;1000
6846;O=[N+]([O-])c1ccc(F)cc1F;200
6847;O=[N+]([O-])c1ccc(NS(=O)(=O)c2ccc(Cl)c(C(F)(F)F)c2)c(Cl)c1;132
6848;O=[N+]([O-])c1ccc(Nc2ccc(O)cc2)c([N+](=O)[O-])c1;15610
6849;O=[N+]([O-])c1ccc(O)c(CNCCCl)c1;25
6850;O=[N+]([O-])c1ccc(O)c(CNCCO)c1;23
6851;O=[N+]([O-])c1ccc(O)c(Cl)c1;900
6852;O=[N+]([O-])c1ccc(O)c([N+](=O)[O-])c1;30
6853;O=[N+]([O-])c1ccc(O)c2ncccc12;510
6854;O=[N+]([O-])c1ccc(O)cc1;170
6855;O=[N+]([O-])c1ccc(O/N=C/c2cc(Br)c(O)c(Br)c2)c([N+](=O)[O-])c1;1100
6856;O=[N+]([O-])c1ccc(OP(=O)(OCCCCl)OCCCCl)cc1;33
6857;O=[N+]([O-])c1ccc(OP(=O)(OCCCl)OCCCl)cc1;37
6858;O=[N+]([O-])c1ccc(O[P@@](=O)(CCl)c2ccccc2)cc1;203
6859;O=[N+]([O-])c1ccc(Oc2c(Cl)cc(Cl)cc2Cl)cc1;10800
6860;O=[N+]([O-])c1ccc(Oc2c(F)cc(Cl)cc2Cl)cc1;2890
6861;O=[N+]([O-])c1ccc(Oc2ccc(C(F)(F)F)cc2Cl)cc1;1000
6862;O=[N+]([O-])c1ccc(Oc2ccc(C(F)(F)F)cc2[N+](=O)[O-])cc1;9000
6863;O=[N+]([O-])c1ccc(Oc2ccc(Cl)cc2Cl)cc1;2412
6864;O=[N+]([O-])c1ccc(Sc2ccc([N+](=O)[O-])cc2)cc1;1490
6865;O=[N+]([O-])c1ccc([C@@H](O)[C@@H]2COC(C(Cl)Cl)=N2)cc1;6000
6866;O=[N+]([O-])c1ccc2ccccc2c1;4400
6867;O=[N+]([O-])c1ccc2nc(C(F)(F)F)[nH]c2c1;3.663
6868;O=[N+]([O-])c1cccc(C(F)(F)F)c1;610
6869;O=[N+]([O-])c1cccc(Cl)c1;300
6870;O=[N+]([O-])c1cccc(Cl)c1Cl;381
6871;O=[N+]([O-])c1cccc(Cl)c1[N+](=O)[O-];300
6872;O=[N+]([O-])c1cccc(O)c1;328
6873;O=[N+]([O-])c1cccc([N+](=O)[O-])c1;59
6874;O=[N+]([O-])c1cccc2[nH]c(C(F)(F)F)nc12;10.565
6875;O=[N+]([O-])c1cccc2ccccc12;150
6876;O=[N+]([O-])c1ccccc1;349
6877;O=[N+]([O-])c1ccccc1-c1ccccc1;1230
6878;O=[N+]([O-])c1ccccc1Cl;251
6879;O=[N+]([O-])c1ccccc1O;334
6880;O=[N+]([O-])c1ccccc1[C@H]1OC[C@@H](CCl)O1;65
6881;O=[N+]([O-])c1cnc(Cl)c([N+](=O)[O-])c1;50
6882;O=[N+]([O-])c1cncn1CCN1CCOCC1;1540
6883;O=[N+]([O-])c1nccn1C[C@H](O)CO;5076
6884;O=[N+]([O-])c1nccs1;137
6885;O=[P@@]1(N(CCCl)CCCl)OCCCN1CCCl;202
6886;O=[P@@]1(NCCCl)OCCCN1CCCl;143
6887;O=[P@H](O)c1ccccc1;1345
6888;O=[S@@]1OC[C@@H]2[C@@H](CO1)[C@@]1(Cl)C(Cl)=C(Cl)[C@]2(Cl)C1(Cl)Cl;18
6889;O=[S@]([C@H](Cl)C(Cl)Cl)[C@@H](Cl)C(Cl)Cl;75
6890;O=[S@]1OC[C@@H]2[C@H](CO1)[C@]1(Cl)C(Cl)=C(Cl)[C@@]2(Cl)C1(Cl)Cl;76
6891;O=[n+]1c2c(n([O-])c3ccccc31)CCCC2;1356
6892;O=[n+]1c2ccccc2n([O-])c2ccc3ccccc3c21;4617
6893;O=c1[nH]c(=O)c2ccccc2o1;750
6894;O=c1[nH]c(=O)n(Cl)c(=O)n1Cl;1173
6895;O=c1[nH]c(=O)n([C@@H]2CCCO2)cc1F;930
6896;O=c1[nH]c(=O)n([C@H]2C[C@H](O)[C@@H](CO)O2)cc1Br;8400
6897;O=c1[nH]c(=O)n([C@H]2C[C@H](O)[C@@H](CO)O2)cc1F;215
6898;O=c1[nH]c2c(Cl)c(Cl)c(Cl)cc2o1;1000
6899;O=c1[nH]c2c(Cl)c(Cl)cc(Cl)c2o1;500
6900;O=c1[nH]c2cc(Br)ccc2o1;1050
6901;O=c1[nH]c2cc(Cl)c(Br)cc2o1;500
6902;O=c1[nH]c2cc(Cl)c(Cl)cc2o1;700
6903;O=c1[nH]c2cc(Cl)ccc2o1;763
6904;O=c1[nH]c2ccc(Br)cc2o1;1000
6905;O=c1[nH]c2ccc(Cl)cc2o1;1200
6906;O=c1[nH]c2ccccc2n1C1CCN(CCCC(c2ccc(F)cc2)c2ccc(F)cc2)CC1;1100
6907;O=c1[nH]c2ccccc2n1CCCN1CCC(n2c(=O)[nH]c3cc(Cl)ccc32)CC1;5243
6908;O=c1[nH]c2ccccc2n1CCCN1CCN(C(c2ccccc2)c2ccccc2)CC1;1410
6909;O=c1[nH]c2ccccc2o1;700
6910;O=c1[nH]cc(F)c(=O)[nH]1;230
6911;O=c1[nH]cc(N(CCCl)CCCl)c(=O)[nH]1;3.55
6912;O=c1[nH]cnc2c1ncn2[C@@H]1C[C@H](COP(=O)(O)O)[C@@H](O)[C@@H]1O;16000
6913;O=c1[nH]ncc2ccccc12;370
6914;O=c1[nH]oc2ccccc12;2650
6915;O=c1[nH]sc2ccccc12;1020
6916;O=c1c(Cl)c(Cl)cnn1-c1ccccc1;2520
6917;O=c1c(F)cn([C@@H]2CCCO2)c(=O)n1[C@@H]1CCCO1;1730
6918;O=c1c(O)c(-c2ccc(O)c(O)c2)oc2cc(O)cc(O)c12;161
6919;O=c1c2ccccc2c(=O)c2c1ccc1[nH]c3c(ccc4c(=O)c5ccccc5c(=O)c43)[nH]c12;2001
6920;O=c1c2ccccc2c2ccc3c4c(ccc1c24)c1ccc2c(=O)c4ccccc4c4nn3c1c24;13900
6921;O=c1c2ccccc2n(-c2cccc(C(F)(F)F)c2)c(=O)n1CCO;810
6922;O=c1c2ccccc2nc2n1OCC2;395
6923;O=c1c2cccnc2oc2c(Cl)cc(-c3nn[nH]n3)cc12;16000
6924;O=c1c2nocc2c(-c2ccccc2)nn1-c1ccccc1;1000
6925;O=c1cc[nH]c(=O)o1;850
6926;O=c1ccc(=O)[nH][nH]1;3800
6927;O=c1ccc2cc(CCCCN3CCN(c4ccccc4)CC3)ccc2[nH]1;500
6928;O=c1ccc2cc3ccoc3c(O)c2o1;480
6929;O=c1ccc2ccc3occc3c2o1;322
6930;O=c1ccc2ccccc2o1;290
6931;O=c1n(CCCN2CCN(c3cccc(Cl)c3)CC2)nc2ccccn12;690
6932;O=c1n(C[C@@H]2CO2)c(=O)n(C[C@@H]2CO2)c(=O)n1C[C@@H]1CO1;221.5
6933;O=c1n(C[C@@H]2CO2)c(=O)n(C[C@H]2CO2)n1C[C@H]1CO1;250
6934;O=c1n(Cl)c(=O)n(Cl)c(=O)n1Cl;406
6935;O=c1nc(-c2ccccc2)c2cc(Cl)ccc2n1CC1CC1;2001
6936;O=c1nc[nH]c2c1ncn2[C@@H]1O[C@H](CO[P@](=O)(O)OP(=O)(O)O)[C@H](O)[C@@H]1O;3790
6937;O=c1ncc2[nH]cnc2[nH]1;1035
6938;O=c1nn[nH]c2ccccc12;595
6939;O=c1oc(=O)c2cc3c(=O)oc(=O)c3cc12;2250
6940;O=c1oc2cc(Cl)ccc2n1CCl;2350
6941;O=c1oc2cc(Cl)ccc2n1CO;2800
6942;O=c1oc2cc(O)ccc2s1;633
6943;O=c1oc2ccccc2c2ncccc12;2001
6944;O=c1occo1;300
6945;OB(O)c1ccccc1;740
6946;OC(CCCN1CCCCC1)(c1ccccc1)c1ccccc1;515
6947;OC(CCl)CCl;110
6948;OC(CCl)CN1CCCN(CC(O)CCl)c2ccccc21;750
6949;OC(CNc1ccccn1)c1ccccc1;756
6950;OC(COc1ccccc1)COc1ccccc1;1450
6951;OC(Cn1cncn1)(Cn1cncn1)c1ccc(F)cc1F;1271
6952;OC(Cn1cncn1)(c1ccc(F)cc1)c1ccccc1F;1140
6953;OC(O)C(Cl)(Cl)Cl;479
6954;OC(c1ccc(Cl)cc1)(c1ccc(Cl)cc1)C(Cl)(Cl)Cl;575
6955;OC(c1ccc(Cl)cc1)(c1ccc(Cl)cc1)c1cccnc1;5001
6956;OC(c1ccccc1)(c1ccccc1)C1CCCCN1;180
6957;OC(c1ccccc1)(c1ccccc1)C1CCNCC1;984
6958;OC(c1ccccc1)(c1ccccc1)[C@@H]1CN2CCC1CC2;440
6959;OC(c1ccccc1)C1CCCCC1;9300
6960;OC(c1ccccc1)c1ccccc1;5001
6961;OC/C=C/Cl;102
6962;OC1(c2ccc(C(F)(F)F)cc2)c2ccccc2C2=NCCN21;353
6963;OC1(c2ccc(Cl)c(C(F)(F)F)c2)CCN(CCCC(c2ccc(F)cc2)c2ccc(F)cc2)CC1;160
6964;OC1(c2ccccc2)c2cc(F)ccc2C2=NCCN21;40
6965;OC1(c2ccccc2)c2ccccc2C2=NCCN21;300
6966;OC1CCCCC1;1400
6967;OC1CCN(c2ccc(-c3ccc(Cl)cc3Cl)nn2)CC1;300
6968;OC1CCc2ccccc21;620
6969;OCC#CCO;104
6970;OCC(CO)(CBr)CBr;1880
6971;OCC(CO)(CCl)CCl;1285
6972;OCC(CO)(CO)CO;19500
6973;OCC(CO)N[C@@H]1C[C@](O)(CO)[C@@H](O)[C@H](O)[C@@H]1O;20000
6974;OCC(Cl)C(Cl)CO;2830
6975;OCC(Cl)CCl;90
6976;OCC(F)(F)C(F)(F)C(F)(F)C(F)(F)C(F)(F)C(F)(F)C(F)(F)C(F)F;4400
6977;OCC(F)(F)C(F)(F)C(F)(F)CO;1780
6978;OCC(F)(F)C(F)(F)C(F)(F)F;3630
6979;OCC(F)(F)F;153
6980;OCC(O)C1CC=CCC1;1070
6981;OCC(O)CO;9084.99999999999
6982;OCC1(CO)CC=CCC1;1750
6983;OCC1CC2CCC1C2;1600
6984;OCC1CCC(CO)CC1;3200
6985;OCC1CCCCO1;3730
6986;OCC1COC(Cc2ccccc2)O1;1720
6987;OCC=CCO;1250
6988;OCC=Cc1ccccc1;2001
6989;OCCC(F)(F)C(F)(F)C(F)(F)C(F)(F)C(F)(F)C(F)(F)F;1750
6990;OCCC1CCCCC1;940
6991;OCCC1CCN(CCC=C2c3ccc(F)cc3Sc3ccc(C(F)(F)F)cc32)CC1;1.5
6992;OCCCCCCO;3000
6993;OCCCCCO;12700
6994;OCCCCO;1350
6995;OCCCC[C@@H](O)CO;15500
6996;OCCCO;15000
6997;OCCCS;116
6998;OCCC[C@@H](O)CO;7800
6999;OCCCc1ccccc1;2300
7000;OCCCl;58
7001;OCCF;5
7002;OCCI;50
7003;OCCN(CCO)C1CCCCC1;2600
7004;OCCN(CCO)CCO;5530
7005;OCCN(CCO)c1cccc(Cl)c1;5150
7006;OCCN(CCO)c1ccccc1;980
7007;OCCN(CCO)c1nc(N2CCCCC2)c2nc(N(CCO)CCO)nc(N3CCCCC3)c2n1;8400
7008;OCCN(CCO)c1nc(N2CCCCC2)c2nc(N(CCO)CCO)ncc2n1;3000
7009;OCCN1CC1;74
7010;OCCN1CCCCC1;1498
7011;OCCN1CCN(CCCN2c3ccccc3C=Cc3ccccc32)CC1;1110
7012;OCCN1CCN(CCCN2c3ccccc3Sc3ccc(Cl)cc32)CC1;318
7013;OCCN1CCOCC1;5500
7014;OCCN1CN(CCO)CN(CCO)C1;763
7015;OCCNC1CCCCC1;38300
7016;OCCNCC(O)CNCCO;7200
7017;OCCNCCO;210
7018;OCCNCCOc1ccc(C(=C(c2ccccc2)C(F)(F)F)c2ccccc2)cc1;1400
7019;OCCNCCc1ccccc1;1870
7020;OCCNc1ccccc1;2230
7021;OCCO;4700
7022;OCCOCCCl;3685
7023;OCCOCCN(CCOCCO)CCN(CCOCCO)CCOCCO;9900.00000000001
7024;OCCOCCN1CCN(C(c2ccccc2)c2ccccc2)CC1;840
7025;OCCOCCN1CCN([C@H](c2ccccc2)c2ccc(Cl)cc2)CC1;840
7026;OCCOCCO;12567.5
7027;OCCOCCOCCN1CCN(C(c2ccccc2)c2ccc(Cl)cc2)CC1;920
7028;OCCOCCOCCO;17000
7029;OCCOCCOCCOCCO;32700
7030;OCCOCCOCCOCCOCCOCCO;32000
7031;OCCOCCOCCOCCOCCOCCOCCOCCOCCO;37000
7032;OCCOCCOCCOCCOc1ccccc1;1260
7033;OCCOCCOc1ccccc1;2140
7034;OCCOCc1ccccc1;1190
7035;OCCOc1cc(Cl)c(Cl)cc1Cl;1500
7036;OCCOc1ccc(Cl)cc1Cl;1410
7037;OCCOc1ccccc1;1372.5
7038;OCCS;244
7039;OCCSCCO;6610
7040;OCCSSCCO;173
7041;OCCSSc1c(Cl)c(Cl)c(Cl)c(Cl)c1Cl;2861
7042;OCC[C@H](O)Cl;110
7043;OCCc1ccccc1;1603.3
7044;OCCc1ccccn1;3842
7045;OCCc1ccncc1;3500
7046;OCNC(=S)c1c(Cl)cccc1Cl;2001
7047;OCP(CO)CO;178
7048;OC[C@@H](Br)[C@@H](Br)CO;2460
7049;OC[C@@H](O)C(O)[C@H](O)CO;14100
7050;OC[C@@H](O)CCl;26
7051;OC[C@@H](O)CN1CCN(c2ccccc2)CC1;818.5
7052;OC[C@@H](O)[C@@H](O)[C@H](O)[C@H](O)CO;13500
7053;OC[C@@H](O)[C@@H](O[C@@H]1O[C@H](CO)[C@H](O)[C@H](O)[C@H]1O)[C@H](O)[C@@H](O)CO;30000
7054;OC[C@@H](O)[C@H](O)CO;13100
7055;OC[C@@H](O)[C@H]1O[C@H]2O[C@@H](C(Cl)(Cl)Cl)O[C@H]2[C@H]1O;400
7056;OC[C@@H]1CCCO1;1600
7057;OC[C@@H]1CCc2cc(C3CCCCC3)ccc21;230
7058;OC[C@@H]1CO[C@H](c2ccccc2)O1;3150
7059;OC[C@@H]1O[C@@H]2O[C@@H]3[C@@H](O)[C@@H](O)[C@@H](O[C@@H]4[C@H](O)[C@@H](O)[C@@H](O[C@H]5[C@H](O)[C@@H](O)[C@@H](O[C@H]6[C@H](O)[C@H](O)[C@H](O[C@H]7[C@H](O)[C@H](O)[C@H](O[C@H]8[C@@H](O)[C@H](O)[C@@H](O[C@@H]1[C@H](O)[C@H]2O)O[C@@H]8CO)O[C@@H]7CO)O[C@@H]6CO)O[C@H]5CO)O[C@H]4CO)O[C@@H]3CO;18800
7060;OC[C@@H]1O[C@H](N2CCN([C@H]3O[C@H](CO)[C@H](O)[C@H](O)[C@@H]3O)CC2)[C@@H](O)[C@@H](O)[C@H]1O;30000
7061;OC[C@@H]1O[C@H](O[C@H]2[C@H](O)[C@@H](O)[C@H](O)O[C@H]2CO)[C@H](O)[C@H](O)[C@H]1O;34800
7062;OC[C@@H]1O[C@H](n2cnc3c(S)ncnc32)[C@@H](O)[C@H]1O;900
7063;OC[C@H](Br)CBr;681
7064;OC[C@H](O)Oc1ccc(Cl)cc1Cl;1070
7065;OC[C@H](O)[C@@H](O)[C@H](O)[C@@H](O)CO;15900
7066;OC[C@H]1CO1;420
7067;OC[C@H]1C[C@H]2C[C@@H]1[C@@H]1CC[C@@H](CO)[C@H]21;2250
7068;OC[C@H]1O[C@@H](O[C@H]2[C@@H](O)[C@@](O)(CO)O[C@@H]2CO)[C@@H](O)[C@H](O)[C@H]1O;18160
7069;OC[C@H]1O[C@@H](O[C@]2(CO)O[C@H](CO)[C@H](O)[C@@H]2O)[C@@H](O)[C@H](O)[C@@H]1O;29700
7070;OC[C@H]1O[C@@H](n2cnc3c(NCC(c4ccccc4)c4ccccc4)ncnc32)[C@@H](O)[C@@H]1O;166
7071;OC[C@H]1O[C@@H](n2cnc3c(S)ncnc32)[C@@H](O)[C@@H]1O;900
7072;OCc1c(F)c(F)c(F)c(F)c1F;900
7073;OCc1ccc(OCCn2ccnc2)cc1;4860
7074;OCc1cccc(Oc2ccccc2)c1;1496
7075;OCc1ccccc1;1230
7076;OCc1ccco1;177
7077;ON=CC(O)(C#Cc1ccccc1)c1ccccc1;8750
7078;ONc1ccccc1;100
7079;OP(OCCCl)OCCCl;260
7080;O[C@@H](CN1CCCCC1)c1cc(-c2ccccc2)on1;1978
7081;O[C@@H](Nc1nccs1)C(Cl)(Cl)Cl;2500
7082;O[C@@H]1CCCc2ccccc21;1620
7083;O[C@@H]1[C@@H]2[C@@H]3O[C@@H]3[C@H]1[C@@H]1[C@H]2[C@]2(Cl)C(Cl)=C(Cl)[C@@]1(Cl)C2(Cl)Cl;1.8
7084;O[C@@]1(c2ccc(Cl)cc2)c2ccccc2C2=NCCN21;36.3
7085;O[C@H](CCl)CNCCNC[C@H](O)CCl;1000
7086;O[C@H](CCl)CNc1ccccc1NC[C@H](O)CCl;900
7087;O[C@H](CCl)COCCCCCOC[C@@H](O)CCl;2248
7088;O[C@H]([C@@H](O)[C@@H]1CO1)[C@@H]1CO1;14
7089;O[C@H]([C@H](O)[C@H](O)CBr)[C@H](O)CBr;1500
7090;O[C@H]1CO[C@H]2[C@@H]1OC[C@@H]2O;24150
7091;O[C@H]1C[C@H]2C[C@@H]1[C@@H]1CC=C[C@H]21;3200
7092;O[C@H]1C[C@H]2C[C@@H]1[C@@H]1C[C@H]3O[C@H]3[C@H]21;3130
7093;O[C@H]1OC[C@H]2[C@@H]1[C@]1(Cl)C(Cl)=C(Cl)[C@@]2(Cl)C1(Cl)Cl;1750
7094;O[C@](CCN1CCCCC1)(c1ccccc1)[C@@H]1C[C@@H]2C=C[C@H]1C2;750
7095;O[C@](c1ccc(Cl)cc1)(c1cncnc1)c1ccccc1Cl;2500
7096;O[C@]1(c2ccc(Cl)c(Cl)c2)c2ccccc2C2=NCCN21;353
7097;O[C@]1(c2ccc(F)cc2)c2ccccc2C2=NCCN21;200
7098;O[C@]1(c2cccc(Cl)c2)c2ccccc2C2=NCCN21;200
7099;Oc1c(Br)c(Br)c(Br)c(Br)c1Br;200
7100;Oc1c(Br)cc(Br)cc1Br;1486
7101;Oc1c(Br)cc(Cl)cc1Cc1cc(Cl)cc(Br)c1O;3700
7102;Oc1c(Cl)c(Cl)c(Cl)c(Cl)c1Cl;38.5
7103;Oc1c(Cl)c(Cl)cc(Cl)c1Cc1c(Cl)cc(Cl)c(Cl)c1O;100
7104;Oc1c(Cl)c(Cl)cc2[nH]c(C(F)(F)F)nc12;52
7105;Oc1c(Cl)cc(Cl)c(Cl)c1Cc1c(O)c(Cl)cc(Cl)c1Cl;56
7106;Oc1c(Cl)cc(Cl)c(Cl)c1Cl;140
7107;Oc1c(Cl)cc(Cl)cc1Cl;820
7108;Oc1c(Cl)cc(Cl)cc1Sc1cc(Cl)cc(Cl)c1O;7
7109;Oc1c(Cl)cc2[nH]c(C(F)(F)F)nc2c1Cl;58
7110;Oc1c(Cl)cnc(Cl)c1Cl;80
7111;Oc1c(I)cc(I)c(O)c1I;8200
7112;Oc1cc(Cl)c(Br)cc1Cl;1350
7113;Oc1cc(Cl)c(Cl)c(Cl)c1-c1c(Cl)c(Cl)c(Cl)c(Cl)c1OCl;360
7114;Oc1cc(Cl)c(Cl)c(Cl)c1Cl;140
7115;Oc1cc(Cl)c(Cl)cc1Cl;820
7116;Oc1cc(Cl)ccc1Cl;580
7117;Oc1cc(Cl)ccc1Oc1ccc(Cl)cc1Cl;3700
7118;Oc1cc(O)cc(O)c1;4000
7119;Oc1cc(O)cc(Sc2cc(O)cc(O)c2)c1;4290
7120;Oc1cc2c3c(c1)c1cc4c(cc1c[n+]3CC2)OCO4;90
7121;Oc1cc2nc(C(F)(F)F)[nH]c2cc1Cl;55.456
7122;Oc1ccc(-c2ccc(O)cc2)cc1;4920
7123;Oc1ccc(-c2ccccc2)cc1CN1CCCC1;30
7124;Oc1ccc(-c2ccccc2)cc1CN1CCCCC1;30
7125;Oc1ccc(-c2ccccc2)cc1CN1CCOCC1;25
7126;Oc1ccc(/N=C/c2ccccc2)cc1;3500
7127;Oc1ccc(Br)cc1Br;50
7128;Oc1ccc(C(c2ccc(O)cc2)(C(F)(F)F)C(F)(F)F)cc1;3400
7129;Oc1ccc(C(c2ccc(O)cc2)c2ccccn2)cc1;8550
7130;Oc1ccc(C2=CCCCC2)cc1;2830
7131;Oc1ccc(Cc2ccc(O)cc2)cc1;4950
7132;Oc1ccc(Cl)c(O)c1;369
7133;Oc1ccc(Cl)cc1;500
7134;Oc1ccc(Cl)cc1Cc1cc(Cl)ccc1O;1506
7135;Oc1ccc(Cl)cc1Cc1ccccc1;1700
7136;Oc1ccc(Cl)cc1Cl;47
7137;Oc1ccc(Nc2ccc3ccccc3c2)cc1;5200
7138;Oc1ccc(Nc2ccccc2)cc1;3300
7139;Oc1ccc(O)c2[nH]c(C(F)(F)F)nc12;29
7140;Oc1ccc(O)cc1;302
7141;Oc1ccc(Sc2ccc(O)cc2)cc1;3362
7142;Oc1ccc2c(c1)CCC2;3250
7143;Oc1ccc2ccccc2c1;1960
7144;Oc1ccc2ccccc2c1Cl;2310
7145;Oc1ccc2nc(C(F)(F)F)[nH]c2c1;41
7146;Oc1cccc(Cl)c1;570
7147;Oc1cccc(O)c1;301
7148;Oc1cccc(Oc2ccccc2)c1;1211
7149;Oc1cccc2cc3cccc(O)c3c(O)c12;3216
7150;Oc1cccc2ccccc12;1870
7151;Oc1cccc2cccnc12;1200
7152;Oc1ccccc1;317
7153;Oc1ccccc1-c1ccccc1;718.5
7154;Oc1ccccc1Cl;40
7155;Oc1ccccc1O;260
7156;Oc1ccccc1S;178
7157;Oc1nc(Cl)c(Cl)cc1Cl;800
7158;Oc1nc(O)nc(O)n1;7700
7159;Oc1nc2ccccc2[nH]1;1930
7160;S=C(/C=C/c1ccc2c(c1)OCO2)N1CCOCC1;285
7161;S=C(Cl)Cl;929
7162;S=C(NC1CCCCC1)NC1CCCCC1;500
7163;S=C(NNc1ccccc1)NNc1ccccc1;1500
7164;S=C(Nc1ccccc1)Nc1ccccc1;50
7165;S=C1/N=C\C=N/C(=S)SSSS1;8530
7166;S=C1NCCC(COc2ccccc2)O1;2200
7167;S=C1NCCN1;545
7168;S=C1NCCNC(=S)S1;240
7169;S=C1NCCS1;300
7170;S=C1NCNCN1;4.6
7171;S=C1SSC2=NCCN12;380
7172;S=C=NCCN=C=S;112
7173;S=C=Nc1ccc(Br)cc1;400
7174;S=C=Nc1ccc(N=C=S)cc1;21
7175;S=C=Nc1cccc2ccccc12;200
7176;S=C=S;1200
7177;S=P(N1CC1)(N1CC1)N1CC1;23
7178;S=P(OCCCl)(OCCCl)OCCCl;820
7179;S=c1[nH]c(=S)[nH]c(=S)[nH]1;9500
7180;S=c1[nH]c2cc(Cl)ccc2o1;1000
7181;S=c1[nH]c2ccc(Cl)cc2[nH]1;150
7182;S=c1[nH]c2ccccc2[nH]1;300
7183;S=c1[nH]cnc2[nH]cnc12;277
7184;S=c1[nH]n(-c2ccccc2)c(=S)s1;763
7185;S=c1[nH]nc(NCNc2n[nH]c(=S)s2)s1;4640
7186;S=c1sc2nc3ccccc3nc2s1;1800
7187;SCCS;120
7188;SCCc1cnccn1;158
7189;SCc1ccccc1;493
7190;SCc1cnccn1;1700
7191;Sc1c(Cl)c(Cl)c(Cl)c(Cl)c1Cl;11900
7192;Sc1ccccc1;46
7193;Sc1nc2ccccc2s1;100
7194;[C-]#[SiH+];2001
7195;[H][P@TB7](O)(OC)(OC)OC(C)=C[C@@H](O)OC;3
7196;[N-]=[N+]=CC(=O)OC[C@H](N)C(=O)O;170
7197;[N-]=[N+]=NP(=O)(c1ccccc1)c1ccccc1;240
7198;[N-]=[N+]=N[C@H]1CCCC[C@@H]1N=O;1120
7199;[O-][N+](=Nc1ccccc1)c1ccccc1;620
7200;[O-][n+]1c2ccccc2nc2ccccc21;6600
7201;[O-][n+]1cc[n+]([O-])c2ccccc21;500
7202;[O-][n+]1onc2c1c1no[n+]([O-])c1c1no[n+]([O-])c21;2884
7203;[SiH3]CCCCC(Cl)(Cl)Cl;2340
7204;c1c[nH]cn1;220
7205;c1cc(-c2ccncc2)ccn1;172
7206;c1cc(CC2CO2)cc(CC2CO2)c1;4190
7207;c1cc(N(C[C@H]2CO2)C[C@H]2CO2)ccc1OC[C@@H]1CO1;1037
7208;c1cc(OC[C@@H]2CO2)cc(OC[C@H]2CO2)c1;2570
7209;c1cc(OC[C@H]2CO2)ccc1C[C@H]1CO1;4290
7210;c1cc2c(cc1C1CCCCC1)c1c3n2CCN[C@@H]3CCC1;3072
7211;c1cc2c(cc1C1CO1)O2;2830
7212;c1cc2ccc3cccc4ccc(c1)c2c34;2700
7213;c1cc[n+]2c(c1)-c1cccc[n+]1CC2;220
7214;c1ccc(-c2ccc(CCOc3ncnc4ccccc34)cc2)cc1;1150
7215;c1ccc(-c2ccc([C@@H](c3ccccc3)n3ccnc3)cc2)cc1;1463
7216;c1ccc(-c2cccc(-c3ccccc3)c2)cc1;2400
7217;c1ccc(-c2ccccc2)cc1;2140
7218;c1ccc(-c2ccccc2-c2ccccc2)cc1;1900
7219;c1ccc(-c2ccccn2)nc1;100
7220;c1ccc(-c2nnco2)cc1;440
7221;c1ccc(-c2nnn[nH]2)cc1;1901
7222;c1ccc(-n2cncn2)cc1;674
7223;c1ccc(-n2cnnc2)cc1;134
7224;c1ccc(C(N2CCOCC2)N2CCOCC2)cc1;5060
7225;c1ccc(C(c2ccccc2)(c2ccccc2)N2CCOCC2)cc1;83
7226;c1ccc(C(c2ccccc2)N2CCNCC2)cc1;500
7227;c1ccc(C2(c3ccccc3)COC(c3ccccc3)([C@@H]3CCCCN3)OC2)cc1;300
7228;c1ccc(C2=C(c3ccccc3)SCCO2)cc1;3000
7229;c1ccc(C2=NCOCS2)cc1;650
7230;c1ccc(CC2OCCO2)cc1;2200
7231;c1ccc(CCc2ccccc2)cc1;4518
7232;c1ccc(CNc2[nH]cnc3ncnc2-3)cc1;1300
7233;c1ccc(CNc2ncnc3c2NCN3)cc1;2100
7234;c1ccc(CNc2ncnc3c2ncn3[C@@H]2CCCCO2)cc1;1640
7235;c1ccc(COCc2ccccc2)cc1;2500
7236;c1ccc(Cc2ccccc2)cc1;2250
7237;c1ccc(Cn2cncn2)cc1;720
7238;c1ccc(N(CCN2CCCCC2)Cc2ccccn2)cc1;806
7239;c1ccc(N(c2ccccc2)c2ccccc2)cc1;3200
7240;c1ccc(N2CCNCC2)cc1;210
7241;c1ccc(N2CCOCC2)cc1;930
7242;c1ccc(N=Nc2ccccc2)cc1;1000
7243;c1ccc(NC[Si]23OCCN(CCO2)CCO3)cc1;0.328
7244;c1ccc(Nc2ccc(Nc3ccccc3)cc2)cc1;2370
7245;c1ccc(Nc2ccc3ccccc3c2)cc1;8730
7246;c1ccc(Nc2cccc3ccccc23)cc1;1625
7247;c1ccc(Nc2ccccc2)cc1;1120
7248;c1ccc(OC[C@H]2CO2)cc1;2500
7249;c1ccc(OP(Oc2ccccc2)Oc2ccccc2)cc1;444
7250;c1ccc(Oc2ccccc2)cc1;2450
7251;c1ccc(Oc2nncc3ccccc23)cc1;1000
7252;c1ccc(P(C2CCCCC2)C2CCCCC2)cc1;820
7253;c1ccc(P(N=P(c2ccccc2)(c2ccccc2)c2ccccc2)c2ccccc2)cc1;6480
7254;c1ccc(P(c2ccccc2)c2ccccc2)cc1;700
7255;c1ccc([C@@H]2CN3CCSC3=N2)cc1;480
7256;c1ccc([C@@H]2CO2)cc1;2001
7257;c1ccc([C@H]2C[C@H](N3CCCC3)C[C@@H](c3ccccc3)[C@@H]2c2ccccn2)cc1;479
7258;c1ccc([Se]c2ccccc2)cc1;360
7259;c1ccc([Si]23OCCN(CCO2)CCO3)cc1;1.48
7260;c1ccc2[nH]c(-c3cscn3)nc2c1;2080
7261;c1ccc2[nH]c(SN3CCCCC3)nc2c1;853
7262;c1ccc2[nH]ccc2c1;1000
7263;c1ccc2[nH]nnc2c1;500
7264;c1ccc2c(C(CCN3CCOCC3)CCN3CCOCC3)cccc2c1;708
7265;c1ccc2c(NC3=NCCS3)cccc2c1;50
7266;c1ccc2c(NCCCN3CCOCC3)n[nH]c2c1;912
7267;c1ccc2c(OCCN3CCCC3)ccnc2c1;280
7268;c1ccc2c(c1)-c1cccc3cccc-2c13;2001
7269;c1ccc2c(c1)CCCC2;2860
7270;c1ccc2c(c1)Cc1ccccc1N2;2140
7271;c1ccc2c(c1)Nc1ccccc1S2;5001
7272;c1ccc2c(c1)OCCOCCOc1ccccc1OCCOCCO2;2600
7273;c1ccc2c(c1)OCO2;580
7274;c1ccc2c(c1)Oc1ccccc1O2;1220
7275;c1ccc2c(c1)Sc1ccccc1N2CCCN1CCOCC1;1000
7276;c1ccc2c(c1)Sc1ccccc1N2C[C@H]1CN2CCC1CC2;245
7277;c1ccc2c(c1)[nH]c1ccccc12;5001
7278;c1ccc2c(c1)ncn2P(n1cnc2ccccc21)n1cnc2ccccc21;2900
7279;c1ccc2c3c([nH]c2c1)CCCC3;2650
7280;c1ccc2cc(Nc3ccc(Nc4ccc5ccccc5c4)cc3)ccc2c1;4500
7281;c1ccc2ccccc2c1;2200
7282;c1ccc2cnccc2c1;360
7283;c1ccc2nc3ccccc3cc2c1;2001
7284;c1ccc2ncccc2c1;331
7285;c1ccc2sc(SN(C3CCCCC3)C3CCCCC3)nc2c1;6420
7286;c1ccc2sc(SNC3CCCCC3)nc2c1;5300
7287;c1ccc2scnc2c1;178
7288;c1ccccc1;3323
7289;c1ccncc1;891
7290;c1ccsc1;1400
7291;c1cn[nH]c1;1010
7292;c1cncc(C2=NCCC2)c1;1875
7293;c1cncc([C@H]2CCCCN2)c1;235
7294;c1coc(-c2nc3ccccc3[nH]2)c1;500
7295;c1coc(COCc2ccco2)c1;210
7296;c1coc(OCC2CO2)c1;1100
7297;c1nc(NC2CC2)c2ncn(C3CC3)c2n1;130
7298;c1nc(NC2CC2)c2ncn(CC3CC3)c2n1;160
7299;c1nc[nH]n1;1648
7300;c1nnc(NCNc2nncs2)s1;260
